gene,gene_index,mean,var
HES4,40,2.5983376606864237,11.618301727333161
ISG15,42,0.3947036376356457,1.7794457741303153
MXRA8,66,0.572609660897278,0.9109133653485029
C1orf222,98,0.003773306963686497,0.0072547145230231124
AL589739.1,112,1.53515789692963e-05,2.5672918032626353e-05
RP3-395M20.12,120,0.08855978165772993,0.20885408524601537
RP13-614K11.2,154,0.0006152020452953869,0.0009430758569846816
RP3-467L1.4,198,7.944017313050251e-05,0.00010941778929712709
DRAXIN,262,0.8540809022775704,1.182338843159223
NPPB,270,0.06963895878695091,4.310874018697061
DHRS3,279,0.1048749579433274,0.15211850520910503
PRAMEF12,284,0.0014447957381133083,0.025347971088351018
PRAMEF1,285,0.0004358676328884274,0.003702670675604397
PRAMEF2,289,3.972243849220341e-05,9.801576636088641e-05
PRAMEF4,290,1.2216981643709134e-05,3.2428556717086556e-05
PRAMEF26,297,3.0543470239378776e-05,9.240082261691545e-05
PRAMEF13,303,0.00013418331802708566,0.0008433481809620916
PRAMEF14,308,9.665200225176806e-06,2.0296515085081385e-05
RP11-344F13.1,317,2.0704050063340728e-05,6.52184745886188e-05
C1orf64,347,0.20040171358759626,0.2842894025431308
NBL1,416,0.05620608138025028,0.0979580806911269
PLA2G2A,423,0.0023343445654258783,0.06408056590591796
PLA2G2D,425,0.0001892004906356204,0.0012666079457705392
CDC42,464,2.9735144272590452,5.715683452486301
EPHB2,472,0.2564299031814675,0.3522093545523633
RP11-69E9.1,473,1.1482211489839636e-05,1.7498529356137342e-05
HNRNPR,482,3.7031026524766304,5.601027723648407
C1orf213,484,1.3403161493164066,1.908269238183208
ID3,490,2.9275921365196,10.133571394573599
CNR2,500,0.0002963108987031887,0.0004330921554415288
STMN1,544,7.951586598648692,40.048813453025204
SH3BGRL3,556,3.323866097811029,9.39848434576117
CD52,558,0.017515486298266873,0.026356917613109716
HMGN2,564,10.549784744627678,44.27110306049944
SFN,570,0.012178848058512163,0.04700852198940876
IFI6,594,0.046496499216865834,0.07365622133514295
OPRD1,625,4.202458357349107e-05,5.782541648252916e-05
EPB41,628,0.3803843440514668,0.5639882767911185
FABP3,654,0.08252369135249368,0.20780750597311182
RP11-439L8.4,658,4.2348143924609354e-05,0.00017677569771663637
TINAGL1,660,0.0037501289053873737,0.01630137439877143
RP4-534N18.2,673,1.5870369763848398e-05,2.26842441383466e-05
MARCKSL1,688,9.326404798040235,17.590658481256867
HPCA,704,0.031986284205284675,0.05210246715552917
A3GALT2,714,6.777680531246262e-06,9.980721942085604e-06
SFPQ,735,0.7924684207740563,1.12068773945707
CLSPN,744,0.3998101826894754,0.6661325230596205
CDCA8,776,0.5778751320355685,1.3101032263627392
POU3F1,789,0.36706977098157373,0.5019050025982763
RHBDL2,797,0.001872938710158056,0.0043312667713177756
NDUFS5,799,7.973739808234877,11.33909458889731
RP11-420K8.1,801,7.74758889776084e-05,0.00012072975806439831
SLC2A1,868,4.316096477009127,13.739228816132535
CDC20,878,2.1816118860489895,11.065020883126667
ATP6V0B,895,1.8226110767198567,2.610796712604546
KIF2C,906,0.5135981173856612,1.2020600788140845
PLK3,910,0.24120557310556287,0.4287943824354484
PRDX1,924,8.809451675557254,20.29875302168888
NASP,926,2.4909723556641246,4.542213751579062
UQCRH,941,11.87141857116228,16.768783885624316
LINC00505,945,0.09705665981276695,0.13831680969710788
FOXD2,970,0.0017418971714992608,0.003006847261025631
AL109659.1,978,6.867115891893681e-06,1.0245862644779959e-05
ELAVL4,988,0.08889240768243489,0.2455476949339497
RP11-567C20.2,989,1.4934285828235352e-05,2.4591767140655364e-05
DMRTA2,991,0.10172237193260016,0.17805675840694016
RP4-657D16.6,1008,3.0070851228181307e-05,4.156587755573183e-05
FAM151A,1071,0.00027141538492546504,0.0042390426003283835
TACSTD2,1107,0.0060402299095545795,0.09922600109843505
JUN,1109,0.24024588754780177,0.6127155094957277
RP11-5P4.1,1143,4.2855721761849034e-05,5.868804526462439e-05
RP11-335E6.4,1147,7.97829728791707e-05,0.00015293441008734158
RP4-792G4.2,1150,0.006456775666073283,0.013309753655561083
FOXD3,1151,0.0008293499376354313,0.0011925066327448902
RP11-24J23.2,1158,0.00032009144753651007,0.0005488670654772987
RP11-342H21.2,1178,1.3869031976734707e-05,2.2677048230105456e-05
IL23R,1182,0.0001165788225173362,0.00017002531432758452
SERBP1,1184,7.408089868183053,10.289786501600567
GADD45A,1186,0.7238869683842414,1.8569036738959706
WLS,1190,1.0452603060377363,1.6331403213134854
DEPDC1,1192,0.23958885653961529,0.4240374740175662
RP3-333A15.1,1211,1.74161078960396e-05,3.297620870595357e-05
RP4-788P17.1,1220,1.5119618741964196e-05,2.5428313724381405e-05
IFI44L,1264,0.00025086538830644724,0.00039480311226303887
IFI44,1265,0.00015828494723956052,0.00045022530140700597
RP5-837I24.4,1274,9.705852781543747e-05,0.00024963767458824245
RP11-147G16.1,1275,1.8032615758502407e-05,2.5616452785148263e-05
RP4-601K24.1,1276,6.823271962754481e-06,1.0115448542319656e-05
CYR61,1302,1.3121974948983643,7.257775347087327
GBP2,1329,0.00039688839919810575,0.003340184104029763
BARHL2,1344,0.021509216857225,0.033522037585039154
ARHGAP29,1376,0.4142234632958379,0.6400415911392701
CNN3,1386,3.8997012407603866,6.28665378208907
RP11-14O19.1,1396,6.927528447889913e-06,1.0426928295493397e-05
RP11-14O19.2,1397,0.00016710425179718955,0.00026408082942780474
RP4-617C6.1,1398,6.37958851825634e-06,8.842704257211067e-06
MIR137HG,1409,0.00024455473258415216,0.0003390705696451419
PALMD,1416,0.0007062431855953636,0.0011191921202477746
GPSM2,1484,0.1296325608027029,0.18207671595981462
C1orf194,1491,0.01857609711114033,0.025704142380287037
PSRC1,1495,0.3965882806459157,0.8298219202037961
RP5-1160K1.8,1504,2.7222348845386742e-05,4.4575362770557523e-05
PIFO,1558,0.22430483493432454,0.3366116257641037
CAPZA1,1577,1.1816152210977304,1.6495938829275296
RHOC,1580,1.2368274204507275,1.7667106483294046
CSDE1,1611,3.0490940209749575,4.544547011675624
NGF,1618,0.009587639036136934,0.015560582761851835
NHLH2,1621,0.036327784331737854,0.05067445762452945
PHGDH,1663,4.151456555120103,8.95121243236257
HMGCS2,1664,0.0014938040286323552,0.0022536809465880095
RP11-343N15.2,1678,2.425676380386787e-05,3.379044738403713e-05
TXNIP,1722,2.2727663191935417,4.017356027772544
RP11-337C18.8,1746,0.00861642597173432,0.014177718170557572
PPIAL4C,1794,1.3231443255238159e-05,2.027602084668365e-05
RP11-277L2.5,1797,2.6811291023218332e-05,3.792349579012815e-05
HIST2H2BF,1803,0.005091685237389668,0.007041931072995627
HIST2H2BE,1815,0.17727699407778047,0.45560669789842
ANP32E,1825,1.8198835552000727,2.963550182724857
C1orf54,1829,0.9899316226912473,1.3903976240635376
ECM1,1835,0.029517048614097572,0.041557095572064426
MLLT11,1858,1.4173366728647634,3.2493346548394975
CELF3,1883,0.017249363833834314,0.02611385699055851
S100A10,1900,1.6500326870734014,7.265739201607879
NBPF18P,1901,0.00635687967394496,0.03160560766528696
S100A11,1902,0.9004399428198252,6.785186512996374
SPRR3,1941,0.001649213805834837,0.07523086543273744
SPRR1B,1942,0.00010410723389345865,0.00033942984428965466
SPRR2D,1943,0.0002033039737849793,0.0005464352027063523
SPRR2A,1944,5.9755420212522445e-05,0.00023117023145015984
SPRR2F,1947,7.220418129799677e-05,0.00010441501801310884
PRR9,1951,1.1917088839197193e-05,1.8220849833212216e-05
S100A9,1955,0.00018946689325677967,0.0015365467960660856
S100A6,1962,0.4477104764542323,1.3427388168589043
S100A16,1967,0.12235646878369208,0.20398907677960176
S100A14,1968,0.0019084253005703688,0.003839094803749537
S100A13,1969,1.6645770054304303,5.226846953131442
ILF2,1974,3.3218472157179284,4.638148231191046
RP11-216N14.9,1978,8.159089658284827e-06,1.4463825637065811e-05
RPS27,1989,63.16896352941718,373.3263433729858
CKS1B,2016,4.443314203517727,21.63700414336149
EFNA3,2025,0.2524800042703007,0.3795578356891234
LMNA,2066,0.29728595711116534,0.5252550203242429
C1orf61,2081,0.00037682960574303025,0.0005304170729996494
NES,2095,1.4578647245260528,2.9513124925464482
NTRK1,2105,0.03404726061388701,0.07559860564640664
ETV3L,2110,0.004596044088997704,0.0067495568006517475
OR10K2,2132,6.965423736311715e-06,1.0541315927227163e-05
CCDC19,2168,0.005481322938164884,0.007553066540992335
TAGLN2,2170,0.7518342408501365,1.4535115486040069
RP11-536C5.2,2176,1.3898236938618707e-05,2.087689036220004e-05
KCNJ9,2177,7.925754884544566e-05,0.00012961971318071043
NHLH1,2190,0.15935091775687102,1.3437873710079153
CD48,2197,3.9752283199067714e-05,0.0001883853805528595
AL590714.1,2225,1.8547130384580865e-05,3.9833618615949545e-05
MPZ,2230,0.02545922946961974,0.04050623976676051
C1orf192,2232,0.0008822030024871727,0.0014193059144191336
HSPA6,2236,0.0015952922066554054,0.015150203398823196
SH2D1B,2254,8.30630397638176e-06,1.4990474887838392e-05
RGS4,2261,0.13861324533754793,0.26855553339370464
RGS5,2262,0.03304630270428765,0.04740807893594422
NUF2,2266,0.4707418848285954,0.9605812817769646
LMX1A,2269,0.09450304625239764,0.13747812270572204
RXRG,2272,0.0069671685216849,0.01301358749971098
MAEL,2293,0.005322870137698949,0.009851074571829264
ATP1B1,2323,0.5519162812512944,0.8575864015097954
SELE,2334,0.0002016050890167981,0.00038566930564472513
RP1-79C4.1,2346,2.7974929258094776e-05,4.093421267475176e-05
PRRX1,2347,0.03076368099160519,0.05002212049244014
PRDX6,2373,12.16153429933125,30.01800367342119
CACYBP,2390,1.943428107567853,2.6965441580509566
TNR,2396,2.6267238394772985e-05,3.65173737309749e-05
RP11-33M22.2,2458,6.866328555661485e-06,1.024351326622258e-05
GLUL,2464,3.6742100195435654,11.256656228325182
RGS16,2469,0.5052948663118295,1.8181742819673492
IVNS1ABP,2499,0.5267801267627755,0.7312746313419292
PDC,2511,1.2529922283020965e-05,1.911769229669203e-05
ERVMER61-1,2520,0.00024967580885155245,0.0004547726855922395
RGS1,2541,0.002040510674791817,0.003318024809194576
RGS2,2543,0.6297128755858179,2.1089324867016934
B3GALT2,2550,0.0011979717326957289,0.001765528639362568
RP11-21J7.1,2552,1.303848881704839e-05,2.089669047441934e-05
ASPM,2565,0.21807477623351137,0.37035945763941375
LHX9,2572,0.0006783988921525142,0.0011550166185058898
PHLDA3,2607,0.423864632996494,0.6426694313451964
CSRP1,2608,0.3089193824510922,0.5490156147002216
ELF3,2624,0.1726410319298825,0.2903608656596439
UBE2T,2629,1.1767827804188087,2.5278177464226292
MYBPH,2649,0.0012932377488456507,0.0031473280670307573
BTG2,2654,0.6378321259078524,0.9209104889285454
LAX1,2659,0.0001443568351430943,0.0006473887368671448
SNRPE,2662,7.187053157404808,10.565954250110138
MDM4,2676,0.3917288876492376,0.5797747250874701
KLHDC8A,2689,0.02129059355480526,0.03425885528787742
LEMD1-AS1,2690,0.00011982636007060024,0.00016920086093973917
NUCKS1,2697,7.291237059651311,21.27786851449497
RP11-38J22.3,2707,0.00011049559202054238,0.00015410621737664077
IL24,2725,4.347970986718406e-05,6.639663460736066e-05
RP11-164O23.7,2734,1.829468021188894e-05,2.509606901937699e-05
MIR205HG,2752,0.02131590715975927,0.10756032472716684
G0S2,2757,0.055359575246754056,0.09241079108003179
SLC30A1,2774,0.08290806330465467,0.12251881562148573
NEK2,2777,0.38263093536197307,1.1630014287708073
ATF3,2794,0.13758609864308283,0.4382870713825033
CENPF,2814,2.187277118063386,16.98813612795075
HLX,2858,0.0003036117671783939,0.000464236312247205
RP11-449J1.1,2899,1.370144567654619e-05,2.0833944818944458e-05
LBR,2901,0.2691026894947727,0.36951435026438806
SRP9,2905,4.687668424456094,6.453499288154969
LEFTY1,2909,0.0008320771715838114,0.002918886825745211
LEFTY2,2912,0.0477933671355056,0.6917267800499989
MIXL1,2919,0.008642320601199708,0.012950389293143664
RHOU,2960,0.6783775854448477,1.0175213122056113
ACTA1,2969,0.4049721380948936,4.977347324697557
RP5-956O18.2,2979,2.2960918098946684e-05,3.260573625631994e-05
RP11-544D21.2,3070,0.0004775884668072015,0.0027128051848247163
GREM2,3079,0.002907156959088894,0.005463598871136896
RP11-261C10.2,3096,3.874143963070883e-05,5.493711564832252e-05
ADSS,3112,1.248927660473556,2.4882543276223323
HNRNPU,3117,3.2037831102919854,5.022798037055445
OR6F1,3154,1.8921138413194244e-05,2.8219435285827397e-05
OR2L3,3169,1.6194509918146734e-05,2.920289450951115e-05
SOX11,3268,1.9268878389488242,9.19922948614183
ID2,3294,0.30448004715848814,0.7441430806338329
YWHAQ,3308,5.187762309224425,7.823753549766703
RRM2,3323,0.4976940475187093,0.9169158272524266
ODC1,3326,9.600825696940687,25.41378917052883
PDIA6,3335,6.00997149009762,9.65361010724348
AC010745.4,3379,1.786219038421389e-05,3.136442489733487e-05
VSNL1,3386,0.0773780332167169,0.12055766254471338
KCNS3,3390,0.11525794170392333,0.1602684066332101
LAPTM4A,3407,3.872859851579364,6.516525692226892
RHOB,3412,0.23759465807713925,0.3862774179784143
AC009411.1,3428,8.071061078194448e-06,1.4153408097079584e-05
TP53I3,3448,0.45144296457175026,0.654083217765638
POMC,3465,0.00618130085426824,0.012695614850380487
DRC1,3481,0.020833828403040586,0.03162286185433618
CENPA,3488,0.326451414560474,0.8197912965875609
PPP1CB,3545,0.9441639892188212,1.5516397500727086
LBH,3559,0.08338286951944518,0.13261453995498565
AC020594.5,3587,0.00024452884485910427,0.00036382003588572624
QPCT,3614,0.20102679363775539,0.2788170958427111
CYP1B1,3621,0.02789785534184735,0.1541677095424453
SRSF7,3633,1.8722180929144938,3.318445558966035
ZFP36L2,3667,1.3426550073122967,2.5601252789389886
SIX3,3681,0.2629403082368908,0.37759713078401924
CALM2,3713,12.21804674519379,77.32107878797325
BCYRN1,3716,0.04222708412387173,0.06129938519377276
EPCAM,3717,0.366009935640571,0.5591791283258657
EML6,3756,0.005293700716227337,0.0172184324417021
RTN4,3758,2.9069323815361923,5.087283797378705
EFEMP1,3769,0.5284971195246949,0.9382173936005198
AC011306.2,3771,0.004571151271640826,0.006628875470366985
EHBP1,3809,0.3409200763030386,0.4685555285410042
AC007403.3,3855,6.806200208841753e-06,1.0064893558896235e-05
AC010987.6,3863,1.7344281159341985e-05,2.5307782900301995e-05
SNRPG,3902,3.104299379432828,4.578927939819053
EGR4,3939,0.0037290232148113342,0.017970441848676078
ACTG2,3947,0.07434289151485572,0.17131591993297626
MTHFD2,3958,1.249380471996953,2.431386957267734
AC005041.17,3973,1.0967503458867903e-05,1.6105704161120058e-05
GCFC2,3997,0.37976198665059996,0.6285719700359325
REG1B,4009,0.0002117663295857479,0.0003930826555428638
REG3A,4011,1.300549010159121e-05,2.3672756314271122e-05
TRABD2A,4025,0.03718820092206996,0.07891286565969403
TMSB10,4027,17.127012607527007,98.59889321509519
VAMP8,4039,0.11221732534763254,0.20390548192801544
CH17-132F21.1,4082,2.330089619367193e-05,3.9581422568789685e-05
RP11-440D17.4,4097,2.1167703043152533e-05,3.415548485228289e-05
TRIM43,4098,0.0131176357111359,0.7536475753246406
CNGA3,4137,0.0003953406552788547,0.000571406248425664
LINC01104,4159,1.932199762499049e-05,3.66260899612114e-05
LINC01158,4210,0.010251988568882223,0.014014668467287321
AC009505.2,4229,4.10309836287834e-05,6.566115306671717e-05
AC009505.4,4230,7.584199236856517e-06,1.2497387006198241e-05
AC018878.3,4233,1.8421653130488897e-05,2.591878531789978e-05
SLC5A7,4247,1.7086526205910702e-05,2.3623231313927438e-05
BUB1,4278,0.22279167342965409,0.40241566100438636
CKAP2L,4305,0.1869043465861039,0.302733692507122
IL36RN,4312,7.50153148377457e-05,0.00011673189408513548
AC009303.1,4346,1.542757035802909e-05,2.664467213310415e-05
AC079154.1,4390,1.2883188802746673e-05,1.8183379119995575e-05
CFC1B,4437,1.3946965095729337e-05,2.2760536074246248e-05
LYPD1,4469,0.589906028214764,1.4225354240503598
NCKAP5,4471,0.01594688726327087,0.021793839134349485
TMEM163,4477,0.006605538096793264,0.011102478505370094
CXCR4,4492,1.3340314791924601,2.2457101225244513
KIF5C,4538,0.433470506015529,0.6231471401504205
AC007364.1,4543,3.064624834299668e-05,5.1738277730935314e-05
RND3,4546,0.3150327335483394,0.46467061512920005
KCNJ3,4573,0.002703469259296664,0.014728304798700867
ERMN,4580,0.04458382811650506,0.06225380640591105
SPC25,4653,0.3358962905736097,0.4847125580397762
SP5,4674,0.9458876116261489,1.3590639817298704
GAD1,4678,0.19068655704418389,0.26434992734854723
CHRNA1,4722,0.0008816986403834919,0.0019582373368201185
AC016751.2,4730,7.35762471855245e-06,1.1761833998865843e-05
HOXD-AS2,4737,2.1532394168240534e-05,3.48588245809747e-05
HNRNPA3,4756,4.559938358950343,6.466240178277143
UBE2E3,4791,2.7611290846166767,3.77861735081286
NEUROD1,4798,0.08567686658700245,0.350900716959025
FRZB,4806,1.1843144845967133,3.210464653245376
TFPI,4828,0.4663522673818785,2.9082670431278266
COL3A1,4832,0.0013868495051830995,0.0032026070831503673
TMEFF2,4866,0.009617413447866699,0.016534629214920753
HSPD1,4893,11.558978907677508,21.803706553414145
HSPE1,4894,5.363375907852405,11.365148669937078
RP11-486F17.1,4907,4.3234199500995916e-05,7.277114881309252e-05
SPATS2L,4914,0.36898638349040486,0.5237355194246412
SGOL2,4916,0.3460650294771564,0.6774177634782443
NRP2,4971,0.46933479540311984,0.7898461744024333
MAP2,5017,0.6931518199046353,1.1376567442810321
FN1,5046,0.07335935833599298,0.21152578786780624
RPL37A,5068,51.67203227766246,204.05088906037872
IGFBP2,5071,5.818379547100741,38.832996506739256
IGFBP5,5072,2.746295830581394,19.015451457480495
TNP1,5076,0.00013907454807865398,0.0001987957302694733
AC007557.1,5080,2.476630312335849e-05,4.4056990592851134e-05
RP11-459I19.1,5110,9.531746596653059e-05,0.00013330345389186735
PRKAG3,5111,9.52218265609734e-06,1.970029745422298e-05
WNT6,5112,0.001931616712311457,0.0036070880793745252
AC097468.7,5115,4.239158348663836e-05,7.165118154031319e-05
FEV,5118,0.0004076690858750636,0.0006616869516966098
CRYBA2,5119,0.0007356446534349268,0.0015760396539033338
TUBA4A,5134,0.026363380721087338,0.043454504984495976
RESP18,5138,0.004426513196703593,0.006482731296459967
DES,5141,0.009439473115487785,0.015680596768295477
ASIC4,5147,0.00972007392838951,0.015923593945961746
PAX3,5167,0.05156057001470981,0.12913540923502928
CCDC140,5168,0.0026180488920576764,0.007378852577908234
ACSL3,5174,0.42603689586895516,0.5870572852199546
SCG2,5179,0.0019855976651208026,0.004211098964729659
SERPINE2,5184,0.5826803349848806,0.9742990477537546
NYAP2,5189,0.0010117547945533792,0.00329622262596793
IRS1,5192,0.14553376980911079,0.20891028146246568
MFF,5198,1.5164073610836237,2.0809563870242096
TM4SF20,5199,2.023474746597985e-05,3.321306938966549e-05
ITM2C,5221,2.32053795289063,4.255482480799211
NCL,5233,6.025105455859273,15.206277794016415
PTMA,5237,45.82206409276894,294.3431368761662
ALPP,5243,0.0001535433363107621,0.0004859628994606866
ALPPL2,5245,0.013466723566710493,1.0260749848862394
PRSS56,5249,0.004134269701117247,0.016813561977550802
HJURP,5279,0.3224165471922162,0.6285240374174148
ACKR3,5299,0.005921785772557569,0.008440233324719812
COL6A3,5306,0.006675633481664945,0.011248934090031991
AC112721.1,5307,9.335503616877987e-05,0.0003102693111648471
PRLH,5310,9.390698053987037e-06,1.9159999641792937e-05
AC104667.3,5312,0.0020071404222249912,0.00623231692680273
RAMP1,5316,0.006571520483757001,0.009766683134415869
HES6,5325,0.3399861177023021,2.611287706409506
AC017028.1,5339,3.4306902863292836e-05,4.7080820844770895e-05
AC093802.1,5344,0.00031452393022746665,0.0015060608037414972
C2orf54,5367,0.00025997559823921437,0.0006516399144267852
CHL1,5410,0.010357266899032443,0.014155683895462352
BHLHE40,5433,0.24357908953924476,0.9277381717523612
LMCD1,5450,0.06339159320015744,0.10606973889592931
FANCD2,5489,0.28737576089451655,0.3938847064429743
TMEM40,5518,0.0026111136636260356,0.005723136596911629
SGOL1,5581,0.36238836935641433,0.5018949581205929
ZNF385D,5586,0.12262192821335452,0.32262076575254833
LINC00691,5596,0.00014655392131468934,0.00020148803273568774
AC133680.1,5599,1.686728447639356e-05,2.9076370892225197e-05
RP11-222K16.1,5610,0.0001674370684242,0.00023779664194440938
EOMES,5612,0.0015136095192872093,0.002790818012918408
CTNNB1,5713,1.0575470256255437,3.302031172424579
CCK,5716,0.05955672959259404,0.514922343911551
HHATL,5727,0.00047435415101597476,0.000693203085401118
RP4-555D20.3,5748,1.6514965366311715e-05,2.2585424499254858e-05
TDGF1,5798,0.0004957980966000233,0.002074360070508001
TMA7,5830,5.774050142161172,9.104383880699586
IMPDH2,5858,5.505349849669307,7.597135282425111
KLHDC8B,5865,0.6776377080279351,1.0431811295278632
RP11-3B7.1,5868,0.00010940966880978092,0.0002517934130717729
BSN-AS1,5880,6.794749788727036e-05,0.00010649902875459191
CAMKV,5891,0.053360463261912114,0.08989450258176016
MANF,5926,1.4291437791830248,2.369123187380077
GRM2,5931,0.009842321780546205,0.01630229493989531
IQCF5,5936,7.345884355697731e-06,1.1724327338854212e-05
PCBP4,5941,1.4994353789449582,5.237553441110046
TKT,5985,4.339718240699403,5.9443902533068105
CACNA2D3-AS1,5995,3.166150963575109e-05,4.347912742009321e-05
LRTM1,5996,0.07652501654669601,0.23048421280368642
RP11-64C1.1,5999,9.117446842106959e-06,1.806118508552104e-05
RP11-58O15.1,6006,6.5765844328825915e-06,9.397245382887393e-06
FAM107A,6038,0.33580110684424636,0.5218247401250644
FEZF2,6051,0.3527514583601815,0.620289347967366
SYNPR,6054,0.0003793551115293954,0.0005519960416939229
FOXP1,6100,0.3607427205684376,0.4945987126777772
FRG2C,6125,5.7470117542607406e-05,0.00013518312210522012
ROBO2,6128,0.018665430810494512,0.02749674053819889
GBE1,6138,0.7680201987451731,1.1096310585903353
RP11-451B8.1,6152,1.3582894237965724e-05,2.8604953373314633e-05
COL8A1,6195,0.0013234767668630334,0.0018267534046505552
NXPE3,6217,0.047647491620397886,0.09480336650691282
RP11-446H18.5,6228,3.25037920609594e-05,5.120197985776848e-05
IFT57,6237,0.964506838162364,1.679528993727216
TAGLN3,6265,0.4743057889290621,3.176882859940309
CCDC80,6278,0.15153018800721507,0.20800295295049626
BOC,6288,0.13528387674192022,0.2144841607351738
GAP43,6315,0.14662291099198985,0.9044294084789479
FSTL1,6352,1.0666487736657215,2.278213848294845
SLC15A2,6366,0.00371091301104498,0.0062344103368878415
FAM162A,6372,5.509052311111469,13.429448565660277
MYLK,6391,0.0370489811776681,0.06574990786230558
ROPN1,6395,8.976007237490066e-05,0.0001265170065001686
ALDH1L1,6415,0.0031776156610859464,0.004396294999157242
MGLL,6439,0.004122479414012744,0.006617118857945603
RUVBL1-AS1,6443,2.0226978350267037e-05,5.442564103641045e-05
DNAJB8,6445,6.415836161587352e-06,8.94347514979902e-06
GATA2,6447,0.004021548610786121,0.007143723173848314
H1FX,6467,2.0305727693611897,5.24969533333709
TRH,6478,0.023774996707201203,0.0643904517972357
RP11-102M11.2,6527,0.005984219211619963,0.011203891811209102
SOX14,6534,7.022637567406414e-06,1.0715199568296304e-05
RP11-2A4.3,6535,1.2761883059019432e-05,1.8951776305538433e-05
RBP1,6562,2.323053514533693,6.085330151692314
GRK7,6582,0.00013244739059801213,0.00026045394470262815
PLSCR5,6616,0.001177555909967004,0.0019811665806957032
GYG1,6634,0.5586565451023722,1.1691258210546254
RP11-206M11.7,6639,0.00019156190546945157,0.0005122343037647105
TM4SF18,6640,0.0023270354296459016,0.006272533524730187
TM4SF1,6641,0.002425545200843175,0.010211477463984027
TM4SF4,6644,1.9075623932278753e-05,2.810722714446042e-05
PFN2,6650,3.40344160130091,5.9584690200034665
IQCJ,6750,6.412398766817523e-06,8.933894381848319e-06
SMC4,6760,1.3719413827518399,3.5493445187201047
TRIM59,6761,0.27513998282782504,0.508470204053626
NMD3,6767,1.0087167768916756,1.657384433738551
RP11-450H5.1,6783,1.9327404732006718e-05,2.7410224372266033e-05
SERPINI1,6790,0.08892483170499055,0.12989364314755653
CLDN11,6825,0.09176473554654599,0.2845763278533646
RPL22L1,6828,1.2028358575667024,1.9172272891629258
AC092964.2,6838,6.572973110875406e-06,9.386928308067916e-06
NAALADL2-AS2,6851,6.984119542661586e-06,1.0597979733827275e-05
RP11-2L8.2,6867,2.0354176359242784e-05,3.3585607803055246e-05
SOX2,6903,3.4870825022379885,6.415241038264686
EIF4A2,6985,10.709548070152023,22.057808341193436
ADIPOQ-AS1,6990,2.47839465876224e-05,3.759582603403854e-05
MASP1,6995,0.009774202349549479,0.01387625111595588
SST,6998,0.012430015721383808,0.981923050085538
HES1,7051,2.2187080736729707,5.83014520176969
AC090505.4,7069,0.0006571097429070451,0.006558670986991165
SLC51A,7092,0.003219666855801086,0.004450150842807746
SPON2,7169,0.03183672614688641,0.061205135722007836
NKX1-1,7176,7.148461578640366e-06,1.1102606715450207e-05
TACC3,7183,0.32025383999849266,0.6325422918061364
NSG1,7226,0.08906674432146375,0.12764191693160643
MSX1,7230,0.1416781090600851,0.275875440667328
CRMP1,7236,0.3508506311494343,0.6203671166163617
S100P,7250,0.001164050926352712,0.0036212315520104932
RP11-689P11.3,7275,1.8470314350303133e-05,2.705490037842171e-05
RP11-1338A24.1,7279,3.396314802365169e-05,5.5242306953239984e-05
CLNK,7310,0.0021774914785571827,0.00316559164234411
TAPT1-AS1,7348,0.024000668010937018,0.07408703536570507
SLIT2,7366,0.28174978986496124,0.44254604414751525
SLC34A2,7393,0.0029040371702684685,0.05487682089657344
RP13-494C23.1,7397,2.798513678429535e-05,4.148962692654667e-05
RP11-240A16.1,7420,1.3236527746432414e-05,1.9749077146887613e-05
RP11-617D20.2,7446,3.3793105344151994e-05,5.402130372914682e-05
TMEM156,7453,0.0009506945159679089,0.0021798959279275753
UGDH,7462,1.423866851118534,2.218798304193077
UCHL1,7479,3.1001016947153555,7.816190746247884
PHOX2B,7482,0.00040273404316833883,0.0008199370497139928
RP11-227F19.1,7483,7.294545040494667e-05,0.00010230998826221761
GABRA2,7510,0.11515213930521963,0.16248718315674446
COX7B2,7512,3.94211560529583e-05,6.453646146241017e-05
CORIN,7518,0.009562859046531128,0.018457967995967637
TXK,7523,5.838372878978809e-05,8.409504450083086e-05
ZAR1,7527,0.00040366104900746143,0.0012390007154838816
OCIAD2,7531,1.536638333075399,2.425880225891987
RASL11B,7544,0.21183769123223417,0.38590252315309315
NMU,7571,0.6270120007459002,0.857551277120392
HOPX,7586,0.0021185959104385067,0.010794425464822609
IGFBP7,7592,0.04222498595346688,0.45264086326949476
IGFBP7-AS1,7593,4.594731571516649e-05,7.403594082686808e-05
SULT1E1,7650,2.1502723114280404e-05,3.166826497466685e-05
HTN1,7655,3.0042955932907936e-05,4.1803539040436174e-05
NPFFR2,7678,0.0050216045655552015,0.007362565736228662
IL8,7691,0.00025300882204031563,0.005265786756959576
CXCL6,7692,0.002879817660362043,0.004121233573966826
CXCL1,7694,0.00044587469724895537,0.000837421539223309
PPBP,7696,1.533099245865643e-05,2.560194757277032e-05
CXCL5,7697,0.012317912209911887,0.032090488879098135
CXCL3,7698,0.018332917995412413,0.03141910655446797
EPGN,7702,5.439539535431303e-05,9.118474833272836e-05
AREG,7705,0.00013339248816181793,0.0003457617146749892
RP11-567N4.3,7718,4.7640490238165416e-05,6.80538263530332e-05
PPEF2,7726,4.368308375395746e-05,6.005528179285903e-05
SEPT11,7745,1.721945848660774,2.4814024693974073
CCNI,7746,9.754192704617735,19.59031247706841
ANXA3,7753,0.05236400508367502,0.08949479609266255
RP11-452C8.1,7763,1.2850825442938886e-05,2.1053864653498933e-05
BMP3,7770,0.016817239683512144,0.024176101911339717
RASGEF1B,7773,0.0873440124215913,0.1600147382729258
HNRNPD,7776,3.3981175330865603,5.563755004111167
HNRNPDL,7778,6.494901420633679,11.420634974831934
NKX6-1,7798,0.19398036826704898,0.2700919581385266
SPARCL1,7816,0.0009044085189309682,0.001731475599914986
IBSP,7820,4.356388557490055e-05,9.424616878560784e-05
SPP1,7822,0.06725306696835404,0.7555353634358185
RP11-115D19.1,7839,0.09970103883711902,0.14792141488121516
ADH1B,7881,0.00010380036095546519,0.0002007137141779667
H2AFZ,7891,7.888344078362966,35.33536124333806
DDIT4L,7893,0.039096909404713394,0.06008458513240421
RP11-588P8.1,7894,1.1046134207144232e-05,1.562236055789092e-05
SLC39A8,7900,0.2963974694504142,0.7782711375783256
CENPE,7911,0.22509918443945004,0.36615759234492445
RPL34,7949,72.61289299998619,325.64288281989684
OSTC,7950,4.656095131483263,6.7032290749326755
PITX2,7970,0.11476417919794002,0.28386562290439543
C4orf32,7976,0.004425736214903017,0.006562969841241558
NEUROG2,7982,0.08912230327823965,0.16482861166137094
MIR302B,7986,0.12549660426415915,0.2646593508809478
SNHG8,8006,3.7311564712099177,8.539227194612096
C4orf3,8016,3.932058009496205,6.464463831017996
MAD2L1,8024,1.5001774587525487,3.6394999064459204
ANXA5,8032,1.6573190224564023,2.436514295855253
CCNA2,8036,0.6978203892330891,2.032887799276251
HHIP,8172,0.036892323780339416,0.06511371722982738
POU4F2,8194,0.0001457581158685006,0.00023501549137273619
MAB21L2,8217,0.23107248483928194,0.3326138632766547
MND1,8248,0.7017092133786837,0.988144898593216
SFRP2,8253,0.7352063530395221,1.3261893260453337
MSMO1,8318,0.7653707474802494,1.5921585563252947
CPE,8319,0.7111715017622002,1.4139748728242998
PALLD,8329,0.42053264962377057,0.6425929000883892
HMGB2,8355,14.339361759047456,163.32315198689346
RP13-577H12.2,8377,0.00011641543433783106,0.00027852066212643824
RP11-290F5.2,8425,0.0019675970892832867,0.0031134050388394695
RP11-701P16.5,8436,0.00022605988941821795,0.0004009487200468027
RP11-386B13.3,8440,9.396596217398954e-06,1.9184077205695766e-05
ANKRD37,8446,0.2924532703487954,0.6656835681506568
RP11-301L8.2,8453,7.845755213690306e-05,0.0001436575343869345
RP11-696F12.1,8469,2.4515331880850453e-05,4.1300133896430945e-05
RP11-91J3.2,8472,1.2007473118320975e-05,1.8765875279381926e-05
TRIML2,8478,0.0008651497199762507,0.001288425938281917
CTD-2194D22.2,8544,1.6636288393029416e-05,3.18019290313534e-05
RP11-480D4.2,8611,8.670953128492925e-06,1.6335537456188036e-05
CCT5,8631,3.232495129210755,4.736046461167742
CTNND2,8649,0.042733828795875166,0.05991993199618095
MYO10,8675,0.6100610739115839,0.8668489911977548
BASP1,8676,2.5160521019832376,4.912476815411134
LINC01021,8713,0.49164750526847806,0.7518519026024634
CDH6,8719,0.13596280749149392,0.2207173059428791
RP11-79C6.3,8765,1.066935349306089e-05,1.8100217983114428e-05
SLC1A3,8773,0.05364762635277128,0.07658524325483589
DAB2,8805,0.22894744245899273,0.3894319687787092
PLCXD3,8817,0.0025163275396086313,0.0036531564168744346
SEPP1,8824,0.3937312360808909,0.6174541175406928
CTD-2035E11.3,8827,0.0027306245836077035,0.004954174087756453
CTD-2035E11.4,8828,0.0006939107124253855,0.011974521194221778
CTD-2089N3.1,8861,6.395951395226911e-06,8.888123198436435e-06
ISL1,8865,0.0035093808414339437,0.006136644808698834
FST,8876,1.809736197464802,6.531188803973666
LINC01033,8881,0.0002662557389215151,0.0012652911633826197
GZMA,8889,0.00021607186638668253,0.0005902456855820328
CDC20B,8890,0.0004895918273967919,0.001221201142980789
CCNO,8893,0.004246783421898804,0.01541953636247502
ACTBL2,8920,1.222836914550857e-05,2.3205657010226476e-05
PLK2,8926,0.3865575687124317,0.9009029924981189
PART1,8936,0.0008840552529463898,0.0012360627607333082
CENPK,8967,0.5449628889080342,0.7634815554058999
7SK,8998,1.8791953683314815e-05,2.5820509232570774e-05
CCNB1,9002,1.3249611714028793,8.697024627386813
CENPH,9003,1.5467940688845958,2.1629130716545664
RP11-241G9.3,9010,7.89641399056891e-06,1.3547513133434883e-05
RP11-136K7.3,9022,7.078287150697636e-06,1.0885693564169268e-05
CARTPT,9026,8.383799616251136e-05,0.00020731962835439868
MAP1B,9027,3.756935229362179,13.641266520556401
CRHBP,9093,0.0010804845576239768,0.0017975434045568424
CTC-564N23.2,9096,2.2472974561872328e-05,3.1684117034578104e-05
OTP,9100,0.008186170377138369,0.03495718433150075
BHMT,9110,0.003584394410140986,0.006730145007948286
THBS4,9119,0.40503695692461833,0.6458892026274491
ANKRD34B,9127,0.0007259404507126058,0.0012177654139709799
DHFR,9129,0.4843694266031822,0.7647726185931152
VCAN,9155,0.6152114206955254,0.8596168607712298
HAPLN1,9157,0.028368067085957203,0.09808454981699762
CTD-2331D11.4,9164,2.1784362063198592e-05,3.0134093294590443e-05
COX7C,9170,14.563500406750096,24.09165529873559
CTC-493L21.1,9171,6.61218849056875e-06,9.49926942368065e-06
CTC-498M16.2,9182,6.8007865178291575e-06,1.0048889034725313e-05
CTD-2232E5.2,9190,2.1598435766797194e-05,3.143876797464696e-05
RP11-414H23.2,9200,6.753207268084531e-06,9.908773458267e-06
ARRDC3,9206,1.109339424648538,1.6762337800429061
NR2F1,9215,0.057728200631444286,0.081649992916448
LIX1,9252,0.48807010815410246,0.756837817833856
CHD1,9261,1.1491846947475732,1.6633726139247489
CTD-2154H6.1,9282,7.2418824517551486e-06,1.1394695591242628e-05
EFNA5,9290,0.7521948576029475,1.1781027055064042
NREP,9315,2.8638923100356237,6.550188602695622
EPB41L4A-AS1,9318,3.5215814509874765,6.064964733020073
TSSK1B,9335,2.7563021003062323e-05,3.998378026044269e-05
CTC-441N14.2,9393,0.00016912489235281817,0.0002620955168013951
LMNB1,9444,0.5715541584228337,0.8223960054325337
P4HA2,9478,0.7160207570197472,1.0014740834295672
PDLIM4,9479,0.4383338543260778,0.838285041102851
AC004237.1,9491,3.424982674745548e-05,6.0774392682616056e-05
NEUROG1,9547,0.06194373847835048,0.21415570426390362
CXCL14,9549,0.057503494699591755,0.10585358579084236
HNRNPA0,9569,3.0515580197081063,4.586927759990306
KIF20A,9580,0.25412075498635633,0.5671796124426708
EGR1,9588,0.1644462834306724,0.3548053626423715
HSPA9,9590,1.4488464650712705,2.0238173616527346
ECSCR,9604,0.0013665040170928956,0.002193034046710583
CTB-35F21.4,9617,7.293957473685567e-06,1.155915867420001e-05
ARHGAP26-AS1,9721,4.675622688045653e-05,8.049738478398257e-05
NR3C1,9722,0.0673925173457593,0.101395260574006
CTC-367F4.1,9728,1.2359437104098786e-05,2.1444871506434486e-05
DPYSL3,9748,0.4039243968002518,0.5949323456379954
SPINK1,9751,0.0016017023635714598,0.008815242980682501
SCGB3A2,9752,0.009632556507830393,0.01619673505460068
SPARC,9824,1.357368100710058,2.4698185655498963
CTB-158E9.1,9843,1.2703742530436106e-05,2.1081844910034444e-05
ADAM19,9864,0.030380427616533614,0.042381270576384585
EBF1,9882,0.01571631086468447,0.03144409119794253
CTD-2363C16.2,9884,7.133975140634331e-06,1.1057652492492108e-05
CTB-127C13.1,9899,0.0005831642783732637,0.0008447589154561517
PTTG1,9904,3.581021332517915,37.87198939318984
CCNG1,9918,5.337031899390623,8.858650890304212
NUDCD2,9920,1.2609270849394305,1.7317928810639107
HMMR,9921,0.4758124241658459,1.154587637054411
CTB-181F24.1,9928,1.3164907033954446e-05,1.8846819148999214e-05
CTB-114C7.4,9960,2.813484684851507e-05,4.4782993174957e-05
KCNMB1,9963,0.0319028683774382,0.05135293751113296
MIR4454,9967,7.338678171674277e-06,1.1701336129361033e-05
TLX3,9970,0.0002578820975337917,0.00036191824057722023
CTB-79E8.2,9983,5.325580982983039e-05,7.835629385143412e-05
DUSP1,9986,0.2458603572662424,0.43741914122897624
NKX2-5,9996,0.005691414671756548,0.007798128460449881
STC2,9997,0.49284660586246554,0.9388015845008274
NSG2,10010,0.0023299249700780506,0.004438843370041709
RP11-267A15.1,10014,0.002208525086176092,0.022336642454595823
CPLX2,10024,0.004073871823043581,0.006539513708246209
RP11-375B1.1,10048,1.2432759505304388e-05,2.0019564234795584e-05
MXD3,10058,0.15685516751689135,0.2330133021032254
PDLIM7,10069,1.8628601978491146,2.7899363490404148
TMED9,10075,3.598135220531042,5.2760727304209425
HNRNPAB,10090,0.834148853131573,1.182813247853469
HNRNPH1,10111,2.2101884354676877,6.472325842974477
CANX,10116,2.37017576659736,3.621594571591306
SQSTM1,10120,0.694204922222708,1.676206169574464
BTNL9,10141,0.005185205814156099,0.015131926351166197
RP3-416J7.4,10161,6.770013467477133e-06,9.958154301076728e-06
RP1-20B11.2,10166,1.9771198458444005e-05,2.8603942623152555e-05
RP5-856G1.1,10174,8.937711971288982e-06,1.735611364640651e-05
TUBB2A,10202,1.2775463025222533,7.672750570618787
TUBB2B,10204,9.69990307323573,44.48751287486034
FAM217A,10218,7.403132204106992e-06,1.1907779677270872e-05
RP11-274H24.1,10225,0.0001721596680634893,0.0003762872276499976
NRN1,10239,0.04551769050310801,0.21465640869614047
RP11-556O15.1,10247,0.00011121456291496362,0.0001686879789465878
DSP,10254,0.3952991764353331,0.5569661428939319
RP11-203H2.2,10263,4.7451856547591356e-05,7.731565101409921e-05
TFAP2A,10269,0.0605660631883235,0.2902938565951191
EDN1,10303,0.03312567346522495,0.1685891067206227
RP11-330A16.1,10326,1.1224222530204148e-05,1.9102151269482733e-05
DEK,10348,3.406566227343962,7.409502807434633
ID4,10355,0.6283851486342229,1.3130748975095212
SOX4,10363,6.580147387939486,17.90862394914727
SCGN,10395,0.012191459694774092,0.02495774968654183
HIST1H1C,10415,0.23770493717199662,1.3354381115523235
HIST1H4C,10417,4.162187105906909,32.40372799774886
HIST1H2AC,10420,0.13368284097286626,0.6385277717735752
HIST1H2BD,10422,0.048098166347278065,0.11350115531888824
HIST1H1D,10432,0.10934396370830524,0.15271671882400156
HIST1H3G,10437,0.0198483977690969,0.035327293506111135
HIST1H2BJ,10455,0.013142566322826588,0.018932229727768955
HIST1H2BK,10457,0.5545508528951172,2.8514023845207674
HLA-G,10533,0.0013902141380144142,0.0023436962472893528
HLA-A,10534,2.3034662968424224,4.102051336113576
HCG9,10535,0.0012716761022558856,0.004434689810198104
TRIM31,10540,0.00045408109017780376,0.0007378757166002016
IER3,10569,0.1651094839419291,0.2899447199581396
POU5F1,10588,0.01173923439285622,0.030423033328024346
HLA-C,10592,0.4665608326554165,0.8036010724704631
HLA-B,10594,0.38159869507723077,0.942243499438846
LTA,10605,0.00029853827235540363,0.0004148368113938314
LTB,10607,0.005461441850063746,0.03429798170621067
DDAH2,10629,3.0588237694802802,5.309135374867607
CLIC1,10630,4.096107367066935,6.79788486627929
HSPA1A,10639,0.17965925771056077,0.445172425785781
HSPA1B,10640,0.12306599815599671,0.19687386652019045
C6orf48,10641,9.27290062007815,17.507973984940023
NEU1,10642,1.0509678059744512,1.5117240068337565
TNXB,10660,0.008692006282069955,0.01490804336947152
XXbac-BPG254F23.7,10683,5.493384801951524e-05,7.538121735550842e-05
KIFC1,10717,0.404123250205101,0.6464570299428263
MLN,10730,0.0018223391662027676,0.005713754756852845
PNPLA1,10772,0.00010154047059119369,0.00017360427567112932
SRSF3,10779,2.76900481570251,4.536711632294858
CDKN1A,10780,1.0599456223449057,3.91296638956094
PIM1,10790,0.5279959767626029,0.9719145409470576
MDGA1,10798,0.0041002360406871725,0.0058850075607327565
BTBD9-AS1,10802,6.740276847886514e-06,9.870865176328885e-06
LRFN2,10820,0.0014692829217636916,0.0020323924264588683
TREML1,10827,3.426480643652266e-05,5.0122711804141195e-05
RP11-446F17.3,10939,2.1032032665352043e-05,3.507809227175651e-05
GPR116,10945,3.315804762059212e-05,5.140000627851203e-05
GPR110,10947,0.00016994890199344319,0.00034345212366496705
TFAP2D,10975,2.706843270482137e-05,7.221414430004554e-05
TFAP2B,10976,0.03374443040328933,0.11602397545725841
MCM3,10982,0.8324898371805832,1.4234845052809422
GSTA1,10989,0.0006213822451650042,0.001123617903846285
PTP4A1,11039,1.525745524526398,2.297272650541042
KHDC1L,11071,0.009161112006966137,0.8086895663155831
DPPA5,11074,4.347354971558338e-05,6.611169445707638e-05
RP11-415D17.4,11096,6.758545243138908e-06,9.924444394827296e-06
HMGN3,11108,2.2967084273499454,3.517371929327214
RP1-232L24.3,11110,5.0226981662543927e-05,9.65432168183861e-05
TTK,11117,0.21748247809439306,0.32321883698563625
TPBG,11128,4.179099830252311,15.448012200778514
RP11-30P6.6,11148,2.3988493385239268e-05,3.762280050803502e-05
CGA,11155,0.0005236911478279671,0.003970807422683343
GABRR1,11178,0.00020680366989476285,0.0003177949920876005
GJA10,11187,3.474972819359784e-05,4.994826594190341e-05
RP1-45N11.1,11191,0.000833942178535989,0.0022577953424120006
POU3F2,11219,0.09822268353267635,0.1560805517280563
SIM1,11232,0.02789259137530147,0.05958617992661184
GPR6,11287,0.00010355575067644702,0.00014761695919908032
LAMA4,11313,0.002826346813644542,0.004556389077499859
RFPL4B,11318,0.0039508536729399545,0.1907888975512814
RP1-124C6.1,11321,9.898597409715961e-06,2.1288600259487125e-05
MARCKS,11325,2.0765635499560458,3.704809689768619
TSPYL1,11342,0.3281979395835155,0.4558707898620507
GJA1,11373,0.7778953409926428,1.1758181215893477
PKIB,11376,0.45524453584175983,0.6451500771100181
FABP7,11378,0.8151905348404181,2.5676162358307706
RP11-624M8.1,11390,0.00034234337786269323,0.0005353300189149851
CENPW,11398,1.0938599487362557,1.984773730181693
RSPO3,11399,0.007675677409667328,0.010983836458561071
TMEM244,11415,1.2570696972520511e-05,1.809018786222316e-05
CTGF,11431,1.4552967504795278,10.016519118042577
LINC00326,11448,0.00021155785351329,0.00029638203787118474
RP1-283K11.2,11451,3.5532845730121424e-05,5.18367039297714e-05
PDE7B,11477,0.00040404144378688376,0.0008198998910424785
OLIG3,11494,0.006515090350139171,0.011811410433723656
CITED2,11516,1.4296292040671557,2.6527803038356685
ULBP2,11601,0.0005635672315567186,0.0008555957131446331
PPP1R14C,11606,0.037135559571108055,0.06308533746593657
AKAP12,11614,0.7376522607063875,1.1220292171351836
FBXO5,11628,0.43491257075337364,0.7441634436495648
RP4-655C5.4,11724,9.21146960222294e-06,1.843561413823249e-05
RP11-503C24.4,11756,8.272648740470195e-05,0.00013058866537662324
DLL1,11786,0.2203550776054156,0.38817543916301217
C7orf50,11821,1.6200898643715682,2.5125282342030464
ACTB,11887,35.60659096243862,479.6560140174113
FSCN1,11889,2.392966204216163,4.106659129258071
NDUFA4,11938,12.213063696949892,17.676672153635167
ARL4A,11949,2.985920736660668,6.959170057501721
AC005019.3,11952,0.0009618454978481956,0.010242841460783568
RP11-486P11.1,11997,1.7184179902856376e-05,2.7756237521655583e-05
IL6,12015,0.0001241003857277568,0.0001731965401117487
TOMM7,12016,4.66022598937502,6.523321637798926
NPY,12034,0.022911048004727534,0.30180535305722167
CYCS,12038,1.866468711597498,2.8025057347729883
HNRNPA2B1,12048,9.402803267578278,27.94509847203409
HOTAIRM1,12058,0.035503437823133414,0.05161421845170793
HOXA-AS2,12061,4.734570373433569e-05,7.295363432463568e-05
HIBADH,12081,1.0362021293755839,1.5338222835194375
TAX1BP1,12083,1.6171036743139904,2.705529804282893
CREB5,12086,0.03488291632137076,0.05148975224752366
CPVL,12090,0.31014842656895075,0.42923213349191974
PPP1R17,12123,0.03681314600950361,0.06752706988760741
BBS9,12133,0.6314353900557944,1.6296457933762307
RP11-89N17.2,12135,6.6363846772167124e-06,9.568919006014542e-06
SEPT7,12150,3.3455183489167903,4.691771472783007
SFRP4,12169,0.0024303285356542825,0.010518871789719083
INHBA,12191,0.0005939264974890791,0.0011139452489564879
INHBA-AS1,12192,6.0852200981959116e-05,0.0001229176826330347
HECW1,12201,0.003986224574854773,0.017055127115723823
LINC00957,12213,0.0034555221973304384,0.005164234904672312
MYL7,12219,0.0047896710560803545,0.007871877897439695
PPIA,12230,9.570227101177792,13.888574708287152
H2AFV,12231,3.1130068231321713,4.906711313246809
IGFBP1,12245,0.0009105627954122238,0.0018597899747692576
IGFBP3,12246,0.06583706123163871,0.5365623255960394
UPP1,12264,0.5064906857931742,0.9604750627157372
AC020743.2,12272,0.0005270597837290727,0.004006181558835779
DDC,12277,0.12184568536541598,0.23164909052282462
SEC61G,12293,4.099156914061242,6.3727238503532355
CHCHD2,12311,3.855724335190845,14.805776956291176
CLDN3,12395,0.2796070862216713,0.43439116827140634
CLDN4,12396,0.12559107755397853,0.5072617842228919
RFC2,12405,0.620875681860154,0.8544612361421557
CCL26,12422,0.00035259561488526237,0.0014005994219819904
SRRM3,12428,0.03601838369658456,0.04959781884932482
HSPB1,12429,2.354608055723037,5.587496898419532
FGL2,12439,0.00033964619217639847,0.0004670027841477843
RP5-899E9.1,12442,7.025250042298122e-05,0.00010019023817307858
GNAT3,12456,0.00013456559637813528,0.00032654630568350985
SEMA3E,12466,0.05252349075515499,0.07179604020321492
CROT,12481,0.6388369194606045,0.9282935950277627
ABCB1,12483,0.006964955052335679,0.009739425352583224
TFPI2,12532,0.047117704576384443,0.3359381486195168
GNG11,12534,0.1543267527892514,0.22433632517994734
COL1A2,12539,0.2717529363171454,0.6230153854487425
PEG10,12542,1.952704765879938,6.5388968968953165
SHFM1,12556,4.327802354260347,5.953260403604535
DLX6,12560,0.002955496037128895,0.006040781398687277
DLX6-AS2,12561,1.1578162812224724e-05,1.891489015854743e-05
DLX5,12562,0.015501970846941111,0.05321729599074773
TAC1,12564,0.011827642066289406,0.016871431999360212
ASNS,12565,2.391851866447892,5.073969139870501
BRI3,12570,2.229775940818149,3.338007498377367
NPTX2,12574,0.08422516428306269,0.11738358428709848
CYP3A43,12601,0.0002713761303161267,0.0004741086192647206
MCM7,12611,0.9622266941040797,1.7425140050751249
PCOLCE,12642,0.22336480852253637,0.3843048324931555
TFR2,12644,0.008195264298264124,0.015206421981299876
ACTL6B,12645,0.00352637151123675,0.005771537828709305
EPO,12649,0.008660364403168037,0.012689287062597462
MUC17,12661,5.8220358579106364e-05,0.0001791299600299244
SERPINE1,12663,0.022057729278510657,0.16627486471782818
VGF,12665,0.20709065555569858,0.9377452108887261
GPR22,12737,0.00018004921768917948,0.0002633151288555351
SLC26A4,12742,0.0024829339379960234,0.005881686262279016
AC004112.4,12766,8.376055382557924e-06,1.524329479537429e-05
CAV2,12790,0.005394021507801245,0.018676878047050118
CAV1,12791,0.0176736608239317,0.05241225568388566
AC006159.4,12793,1.6715074139553548e-05,3.0470721346332362e-05
FEZF1,12826,0.15353379663333033,0.239782064705318
AC005276.1,12857,3.934763942385988e-05,6.084902286321363e-05
HILPDA,12876,1.9088902978595854,6.045975061661137
MEST,12918,6.7800017388998075,41.1885264391559
AC008154.4,12943,9.8003097287868e-06,1.3824296298130483e-05
CALD1,12952,2.569449234769021,7.86961266815984
FAM180A,12966,1.2912873847699084e-05,1.8117208093419303e-05
PTN,12975,2.2720459216974422,12.037574483966193
PRSS1,13037,0.0002525556518800525,0.0014661623688846102
TRPV5,13041,7.412300967714115e-06,1.1937293402478541e-05
CNTNAP2,13088,0.5967331460390336,1.1727092691855225
AC006004.1,13089,0.0002248148717537486,0.0006222422920826244
PDIA4,13094,1.3461342362332065,1.8825878129472031
RP11-545G3.1,13114,0.0002596680252029406,0.0003653916135851851
TMEM176B,13131,0.029897854744055596,0.06023733556541456
TMEM176A,13132,0.033864760100280514,0.09587844028493132
RHEB,13157,2.85057171185409,4.430557753190177
AC006019.3,13171,4.622252580313228e-05,6.372120954928394e-05
INSIG1,13185,0.1573621179607279,0.23926435299106708
SHH,13194,0.28985242337406397,0.5193818617994961
RP5-1121A15.3,13202,2.1633535051428565e-05,3.775204645074936e-05
AC006372.5,13213,6.504392558719803e-06,9.192068699782919e-06
CD99,13248,1.529575050426656,2.4054966186771956
GYG2-AS1,13251,2.1880298571591855e-05,3.279876054879226e-05
PRKX-AS1,13260,6.757019401980904e-06,9.919964005922298e-06
VCX3B,13276,0.003298346946740854,0.006902950367657602
GPR143,13283,0.15234580294273914,0.21398076893886844
RP6-1O2.1,13289,1.1902728594454855e-05,3.07817158695496e-05
TLR7,13299,0.0003022740823712272,0.0007892629323541113
TMSB4X,13302,40.65184895821348,1071.0460485625197
GS1-600G8.5,13305,0.003700600414138386,0.010561447622909233
EGFL6,13310,0.02733056058733157,0.05784385367957078
GPM6B,13315,1.172417165659476,2.144757216864832
GLRA2,13319,0.00024520760330988236,0.00039317717101348363
AP1S2,13333,2.087846505271642,6.047152867438398
S100G,13338,6.302329161556577e-06,8.629823785147639e-06
RBBP7,13341,1.8145265589977493,2.5592138275448235
EIF1AX,13362,2.281166039473745,3.381419487588807
SMS,13370,2.295382264545199,4.102286664009547
PRDX4,13379,3.279995698056805,5.332113648489576
SAT1,13382,4.864751763782327,50.48731414052294
EIF2S3,13386,3.053840541449388,6.453232773999147
TMEM47,13423,0.32808872347926094,0.520224959469549
TSPAN7,13444,0.4959289639831996,0.8680712549855669
TIMP1,13507,3.254643969972983,5.656116749862143
SSX4,13522,6.589619099689749e-06,9.43453257736092e-06
RP11-1148L6.5,13532,1.2598190644015508e-05,1.8503558444129825e-05
PCSK1N,13541,0.045193862383052154,0.07150562841393503
SYP,13558,0.028827615635353934,0.04816195178929557
SPANXN5,13614,4.918101014173616e-05,0.00015712821330894747
SMC1A,13626,1.0221767706717648,1.6155237403320344
MAGED2,13638,3.387729206843067,5.716338831996675
IGBP1-AS1,13695,6.565648689250531e-05,9.249522861425916e-05
KIF4A,13702,0.2382303860120253,0.3581453882476493
GJB1,13715,0.00019752985917427456,0.00032786615946077397
RPS4X,13731,97.00854175200556,1075.4417542956762
XIST,13750,0.15145303017134995,0.41924060356801635
PGK1,13771,11.52274039390899,33.933620210461584
TNMD,13811,0.0019395957389964382,0.0026853925836824288
TSPAN6,13812,1.680800147770526,2.454298305952867
NOX1,13817,5.8701384942164454e-05,8.958517150700287e-05
RPL36A,13827,8.93644590885346,29.43700246553837
TMSB15A,13846,1.7592724423070727,3.430860480240005
BEX1,13856,0.5549729185951818,1.1094854272457615
TCEAL7,13862,0.3797868332131877,0.5380655149013265
WBP5,13863,1.4614199224413291,2.279047643461906
NGFRAP1,13864,6.279140343453567,16.935618341654866
TCEAL4,13867,1.6648894302794666,2.4910706968412977
MORF4L2,13871,4.155564040702624,9.156558392279063
PLP1,13875,0.32195012354602665,0.6224430683864579
TMSB15B,13878,0.9167434926457051,1.3440193984161537
TSC22D3,13902,0.5279100250953878,0.7338215463152524
CAPN6,13925,2.041530323701449,12.245176639326948
DCX,13926,0.13033824722800816,0.24567869015083943
PLS3,13942,0.9823281857500253,1.4820537895821633
SLC25A5,13962,6.009970411375655,10.186505970814245
RPL39,13968,58.591437651596394,337.06778139298467
GLUD2,14001,0.14776785412500404,0.20808924549750596
RP1-23K20.2,14036,0.0006320281747193242,0.0008870391856157135
USP26,14048,4.841119721587078e-05,7.963017998017635e-05
GPC3,14051,9.766786280152436,111.36731369344571
PHF6,14053,1.3186400674445737,2.4686012204247954
FAM122B,14059,1.112273058473059,2.783971529675255
RP11-265D19.6,14075,0.0007671413517877913,0.013228438290969414
FHL1,14088,0.780587988330242,1.1905912890110142
VGLL1,14093,0.0006970953190440429,0.001676777125156414
RBMX,14097,4.570422206023814,7.414811917408311
SOX3,14110,0.36867017861981694,0.6573553253999602
LINC00632,14112,0.26351705929569236,0.3828248720424786
SPANXC,14118,0.001706759149925266,0.014654842505884898
SPANXD,14122,0.00028031391964937296,0.0005864812169973213
FMR1NB,14141,8.958251241754919e-05,0.00012780350281449497
RP5-937E21.8,14149,1.956428923995482e-05,2.843306197041145e-05
HMGB3,14166,1.609856226857818,3.610753427061321
XX-FW80269A6.1,14172,0.0042887981324954095,0.029545683033428978
MAGEA4,14178,0.0016289707792677592,0.005770559445035559
MAGEA6,14184,2.068674896688789e-05,3.287512583931285e-05
MAGEA12,14188,0.00038521860992610934,0.0005704381800450103
CSAG1,14189,0.0009492927996014096,0.0021798189862654864
MAGEA3,14192,2.125674459851726e-05,4.87652727902931e-05
BGN,14210,0.13298966378951144,0.22067025254254885
CTAG2,14262,0.0001419838654642227,0.00045013739434177004
RP13-228J13.1,14277,2.223406876703962e-05,3.1981854522223676e-05
RP11-666I19.2,14306,2.273806957391986e-05,3.407506590979946e-05
ANGPT2,14328,0.012615258969860797,0.024712184400280612
DEFB1,14334,0.0005168171538545355,0.0007628532330920012
DEFA6,14335,2.4608870717233475e-05,4.495135704774161e-05
DEFA4,14337,9.086990372246903e-06,1.7940721550438916e-05
LINC00599,14385,0.006400253391620966,0.00976467707421763
FDFT1,14420,1.1925452275758155,1.9385365575660085
CTSB,14422,0.9826756263635046,1.3821778364181392
RP11-252C15.1,14438,6.640066777184841e-06,9.579540040601686e-06
RP11-326L2.1,14464,4.247483304553259e-05,6.116312339278019e-05
FGF17,14504,0.19418981119608134,0.5777258466250871
PDLIM2,14522,1.1421116406757,1.5853451441478033
RP11-1149O23.4,14540,0.00012119369014440796,0.00018964924049052014
NKX2-6,14551,7.691417423024277e-06,1.285323720400673e-05
STC1,14554,0.19402914672589186,0.6672569971549047
NEFM,14562,0.41647131142979993,14.548065323440245
GNRH1,14566,0.0037818227045873067,0.005915864683374413
RP11-395I14.2,14567,9.275715141437373e-06,1.8693670493444314e-05
CDCA2,14569,0.2407621711839707,0.42413198366162996
RP11-299D14.2,14572,1.4363847285683723e-05,2.2922156444780265e-05
EBF2,14573,0.005778016640292832,0.009280112112644607
STMN4,14581,0.050466965619701674,0.4530325598982751
CLU,14586,2.0095579350643895,12.781779845899397
SMIM18,14631,0.0004588739860489686,0.0006795472537915532
NRG1,14640,0.2635641960745452,0.4893674891610511
RP11-150O12.1,14664,1.1253651896630983e-05,2.7516090648542057e-05
EIF4EBP1,14680,1.554437002781089,3.4932531033090988
C8orf4,14720,0.0742177187530384,0.1786774687914827
RP11-465K16.1,14726,8.232038143363432e-06,1.4723616867331495e-05
SFRP1,14727,1.3187467710255856,2.2538738305291135
PLAT,14743,0.03860196676566398,0.07314501388444043
RP11-546K22.2,14796,6.662241676948198e-06,9.643629463591415e-06
ST18,14797,0.031243062469364296,0.10085387836342777
PENK,14835,0.005905835031812904,0.01498175823301161
RP11-1112C15.1,14849,0.000633367946379006,0.0009626875761569825
RP11-648L3.2,14852,1.6681520722402465e-05,2.331640648099248e-05
SDCBP,14855,3.3884174314565683,10.054900379030064
RP11-787D18.1,14875,7.909981412415412e-06,1.3594106763937911e-05
GGH,14884,1.244523238691542,1.7578944494574607
CTD-3025N20.2,14901,0.0003011824271057955,0.0018678070475972937
CRH,14911,0.00025288976418268134,0.00037117780601504327
C8orf46,14916,0.006212320817652012,0.014215726863574193
RP11-396J6.1,14930,3.3473247942323664e-05,4.834716831825735e-05
AC090574.1,14943,6.566482387790476e-06,9.368397735578146e-06
MSC,14959,0.0009664950121101485,0.0015259874923675132
RP11-6I2.4,14984,9.078719775477485e-06,1.790807824669362e-05
CRISPLD1,14994,0.5339408000262346,0.8944668395784253
STMN2,15014,0.3580100537696155,9.83000247189663
HEY1,15015,0.15880127745311443,0.23958252190231094
RP11-48B3.3,15025,0.0013434549294066031,0.0032078990506261926
FABP5,15034,2.495141777866121,9.94578861562786
CA2,15066,0.0731949147572329,0.11324860024678081
ATP6V0D2,15072,0.025453169383790504,0.03754171749942558
RP11-386D6.2,15082,2.1656408952139528e-05,5.095006780155343e-05
CALB1,15095,0.18921908292618472,0.6413151348002505
C8orf87,15122,0.00029556729227752857,0.0004451656817744022
RP11-388K12.1,15124,6.6319723023182336e-06,9.556198783578864e-06
AC016885.1,15125,1.2774165504241683e-05,1.772691509513434e-05
MIR3150A,15156,1.919845030483354e-05,2.942414022868782e-05
UQCRB,15166,8.83979907293196,13.317879123667694
SDC2,15171,1.3400974833848052,2.3845693306298195
KB-1958F4.2,15173,9.084232226435582e-06,1.792983167056712e-05
C8orf56,15242,0.0023175523065482504,0.0032707492392938047
BAALC,15243,0.060347221823944086,0.13291734455374354
CTHRC1,15247,0.08039627634571644,0.12725184083274813
EIF3E,15270,14.667191980291893,26.721727683854112
RP11-122A21.2,15278,1.139701155918834e-05,1.7306029517006007e-05
KCNV1,15284,0.0001471840168996541,0.00020176052125607522
RP11-536K17.1,15300,7.40679729541784e-06,1.191957265781678e-05
RAD21,15303,1.802124150973899,3.425031219569
RP11-713M15.1,15328,7.234004151435918e-06,1.1369916834961586e-05
SQLE,15385,0.6672829884683183,0.9487084293090242
KIAA0196-AS1,15387,1.429717334914267e-05,2.2206275492764713e-05
FAM84B,15399,0.3031555754751554,0.5036659841252277
MYC,15411,0.12246015868521483,0.179080998736066
GSDMC,15417,4.0551414112088064e-05,6.0944237711493784e-05
NDRG1,15441,0.11701035418918798,0.18032365315878512
CTD-2309H9.3,15445,1.291619108453522e-05,1.8544558203249398e-05
RP11-157E21.1,15446,0.00013633527501858404,0.00019888042131853057
CTD-2342N23.3,15450,6.345765980253763e-06,8.749190541218209e-06
COL22A1,15465,0.20191252522007005,0.4301501071640297
GML,15512,1.3281606174890387e-05,3.832665786793545e-05
EEF1D,15541,11.511263151778195,17.481739825184803
SCRT1,15585,0.0010873469121891644,0.0016735978438099236
FOXH1,15600,0.05378011054598865,0.07666623762793388
CD274,15675,0.00022838977109303321,0.0003172553810491956
RP11-218I7.2,15684,7.413795809222559e-05,0.00010726354355870127
RP11-3L8.3,15709,1.1516897628698992e-05,1.6786144129331237e-05
PSIP1,15725,3.027510808074939,4.971413603002244
PLIN2,15740,1.494018118142205,2.803095453900265
CDKN2A,15775,0.008686317217603984,0.015662030151252743
CDKN2B-AS1,15776,0.0006526036832269306,0.0012641835174067623
CDKN2B,15777,0.00315668064196106,0.005161283021396549
IZUMO3,15786,1.2388101903947526e-05,3.334335490851496e-05
DNAJA1,15820,1.7143677549437109,2.707842335415352
AQP3,15830,0.04079018390789182,0.0614197772904828
CNTFR-AS1,15855,9.162112673459279e-06,1.823858017515799e-05
TPM2,15892,6.225019711846036,26.943252939991766
FOXD4L6,16033,4.488152225029695e-05,6.38064794588995e-05
ALDH1A1,16087,0.0022941956145517014,0.0032170881599698107
ANXA1,16088,0.39235899611688857,3.9943031867690673
GCNT1,16102,0.17914165095448195,0.2534017700788899
PSAT1,16112,2.341081062072251,4.999694819149469
HNRNPK,16140,7.180697974821767,11.646836286204028
NTRK2,16146,0.004395667630215584,0.006401940310261807
SPATA31E1,16166,1.2502958623233494e-05,1.788936505215766e-05
CKS2,16176,3.318780499065683,22.939568697172497
GADD45G,16179,0.2313407528788932,0.6394311234658707
RP5-1050E16.2,16181,2.066142609386166e-05,2.9269400384510686e-05
RP11-165J3.5,16221,1.1341087368381986e-05,2.7945323537431585e-05
CTSV,16268,0.4975835144747228,0.8011416861461571
RP11-498P14.5,16270,0.07243557764554405,0.10156945185530745
ANP32B,16285,4.457984318834543,6.31981266723043
SEC61B,16300,4.382798081083071,6.345595848982793
BAAT,16316,0.0010696185363187752,0.0014736635834244343
LINC00587,16325,9.520668336932977e-06,1.9694031713184204e-05
TAL2,16348,0.08133102488555839,0.1482898749123416
TMEM38B,16349,0.5697983586382329,0.9925460973111702
ZNF462,16355,0.3015685203922319,0.42002160931192506
TXN,16379,5.962180583234762,12.252602242078915
RGS3,16422,0.29479365541046665,0.4035307606494321
ORM1,16430,0.0013285298647396125,0.0020039755498203076
ATP6V1G1,16435,4.197019217935205,5.785615962478914
TNFSF15,16439,0.00015637672019189943,0.00023147412419748423
RP11-445L6.3,16444,8.634672565180078e-06,1.6199123165989582e-05
PHF19,16472,0.17632513262526983,0.24307270724788005
GSN,16477,1.7031428888059152,2.5101805792426033
RP11-477J21.6,16478,1.5557109937879367e-05,2.699446789066709e-05
CRB2,16520,0.8431705375285933,1.998706658073055
RP11-121A14.2,16528,3.4408183930736845e-05,5.1562862827931185e-05
NR6A1,16533,1.2224424113491907,2.2442027409773955
HSPA5,16544,4.6293464224977106,21.361592649829003
ODF2-AS1,16613,1.8556928194174197e-05,2.5475117240360455e-05
SET,16619,9.970642078326145,24.034983324175187
ASS1,16673,0.32400644908982473,0.5131623269876076
BARHL1,16699,0.041182057893758325,0.07288122985919303
OBP2B,16710,1.5175102353680339e-05,2.9384744370599714e-05
COL5A1-AS1,16742,2.9371745485297998e-05,5.0073485467337906e-05
OLFM1,16746,0.13613154095648408,0.24505640007140492
LHX3,16772,0.0036652485279024065,0.005952882528151777
AGPAT2,16790,0.08748642001413269,0.13969069555749622
SNHG7,16792,3.8469169299227692,7.327495547053008
PHPT1,16804,5.522250114776017,9.714784863618902
C9orf141,16811,1.8327232861592272e-05,2.8546756371563778e-05
PTGDS,16812,0.01664372086461867,0.07161162554830126
TUBB4B,16842,2.7449777761700824,17.62801969474701
RP11-809C18.4,16869,1.3004246549277431e-05,1.871263711806197e-05
RP11-164C1.2,16870,7.451988200480412e-06,1.2065465664493843e-05
IDI1,16877,0.35922214509759703,0.5099492607918873
RP11-118K6.2,16890,6.980861013126388e-06,1.058809281145511e-05
KLF6,16901,0.24938117091889275,0.4885667991623522
RP11-34C15.2,16908,4.374088712706017e-05,6.476698514567464e-05
CALML3-AS1,16924,3.434824747997789e-05,5.4693285494340774e-05
PFKFB3,16942,0.08084387236078086,0.11113732044132643
RP11-379F12.3,16963,5.023262593059595e-05,8.229527590097119e-05
GATA3,16964,0.005539948571211184,0.008936162371825708
SFTA1P,16975,0.004207307026253495,0.008561786247939261
VIM,17039,29.373056143019546,284.09081234937776
RP11-354E11.2,17064,0.0016627636451190433,0.0029806177576329226
GAD2,17105,0.0035687743440298474,0.00619051776692874
NRP1,17168,0.36504494018630534,0.5697026708133925
RP11-309N24.1,17186,0.001802329066887488,0.009573286889825573
MTRNR2L7,17194,6.608538213249727e-06,9.488784457725852e-06
TMEM72,17246,4.0702633968974645e-05,5.790465745582495e-05
RP11-285G1.9,17247,6.537074419351833e-06,9.284672731128814e-06
RP11-67C2.2,17255,9.336493109231961e-06,1.8939447751939027e-05
RP11-123B3.2,17310,7.37576033654478e-06,1.1819888119630992e-05
SLC18A3,17315,0.0004999486446176511,0.0006954551469446133
RP11-96B5.3,17341,0.022956276232270846,0.18495684628581627
DKK1,17345,3.238194502775336,17.22177414420516
PCDH15,17351,0.0009318009197831828,0.001284123275271338
MTRNR2L5,17355,0.0037504843918112077,0.027304211315421816
ZWINT,17356,0.6214290752174129,0.9363113999788932
RP11-443O13.3,17367,2.1003129332801598e-05,3.2111928093347486e-05
C10orf40,17372,8.997760514586084e-05,0.00015730284989369343
CDK1,17376,1.2696296654005828,6.118488784996174
TMEM26,17379,6.668923884594129e-06,9.662984129162712e-06
ARID5B,17384,0.07076809204162803,0.09739994600211843
MYPN,17409,0.0003652194411421315,0.006016949681427876
HNRNPH3,17413,3.642041523747992,5.0841838136072095
PPA1,17442,3.665662046908009,5.273430897365991
NODAL,17446,0.0006415882161775302,0.0009899346299439824
PSAP,17464,3.7863280836489914,5.75361558513535
SPOCK2,17468,0.06982461484322143,0.10176339490170247
DDIT4,17471,4.6723592922260675,46.282545804393095
OIT3,17477,3.944605439538546e-05,5.4639829812362226e-05
P4HA1,17479,2.0180521423993536,3.0982486681846737
TTC18,17490,0.011074187325199847,0.017404433732901677
PLAU,17514,0.03853755526584779,0.09625957158642408
ZNF503,17533,1.9115524757963558,3.9503431549052457
NUTM2B,17570,6.916320291408176e-06,1.0393216194593986e-05
RP11-479O17.10,17575,0.0006480523860051125,0.0009279333358533177
RP11-338I21.1,17596,0.00237149397045661,0.009189324642290365
RGR,17602,0.005322682590367775,0.008127837007267288
LDB3,17614,0.003136304472447787,0.0049854803516402165
SNCG,17618,0.15212718083421742,0.5591137225988478
ACTA2,17647,1.7967016673589664,15.426967659612556
IFIT2,17652,0.0006954880974962798,0.007381368378924115
IFIT3,17653,0.010596511400974241,0.01654940280019252
IFIT1,17655,0.03882594301514583,0.07004791083018204
KIF20B,17664,0.5125794442769629,0.8712077455428581
ANKRD1,17672,0.03225217554510877,0.2450741060963026
PPP1R3C,17678,0.16383228219219173,0.24965443197697382
FGFBP3,17681,0.8272798977501024,2.4023698840401293
CYP26A1,17692,0.008196117092588199,0.01306613302899805
RBP4,17696,0.02825410987225487,0.0540392234760629
LGI1,17699,0.31426751852561147,0.5167774161904519
PLCE1-AS1,17704,0.00017842995702972646,0.0003143396727761768
HELLS,17708,0.8333014001667273,1.3294588786423331
C10orf129,17714,0.0001351815308842478,0.00020204520267355652
PDLIM1,17716,1.257530522078418,2.2609154577654333
OPALIN,17731,0.000991438856536202,0.001568142878317725
ARHGAP19-SLIT1,17738,0.06594289284572895,0.11294061481573313
PGAM1,17748,8.394353063110126,14.198131569260951
GOLGA7B-1,17766,1.578894890994505e-05,2.7658954846078475e-05
PAX2,17804,0.024672468661149267,0.04977111926232279
FGF8,17832,0.11496377366230566,0.2709516888555206
PITX3,17843,0.004903770694792097,0.007447748743200384
INA,17868,0.11171958758265887,0.219331640985881
RP11-298H24.1,17899,6.987381364194968e-06,1.060788201879039e-05
RP11-163F15.1,17902,1.913205810847035e-05,3.172827745622421e-05
RP11-655H13.2,17903,7.4095483085664315e-06,1.1928428092170155e-05
SMC3,17912,1.8676713247798833,2.7191263095467346
ADRA2A,17920,0.009431268525476608,0.013427862665626794
TCF7L2,17930,1.2800594864823194,1.980103603362417
EMX2,17970,0.043616451046401654,0.06497395071274417
CTA-109P11.1,17971,1.5171748904864185e-05,3.412323979921735e-05
PRLHR,17979,0.0002884536874729867,0.00039577741098611085
EIF3A,17983,2.963213279729002,4.282118544885071
RGS10,17989,0.41244135617932215,0.6426797509461587
PPAPDC1A,17995,0.04882738604736244,0.07427855008851549
FGFR2,18002,0.23760965905446135,0.3285876842040807
BUB3,18024,1.6086314729071067,3.3113625135450366
MKI67,18069,0.5821579571314452,1.8220439473655838
EBF3,18078,0.01525025564137428,0.0308624856194146
BNIP3,18086,2.5744433848598063,5.171543706188827
UTF1,18108,0.007458055524316317,0.011926311741903438
IFITM2,18144,0.8694179599224586,1.2338260329357942
IFITM3,18148,1.6332274034356864,3.539564997542554
RP13-317D12.3,18159,0.00209270369510512,0.004793832108937349
IGF2,18231,0.11814587423637272,0.19625480633948092
KCNQ1OT1,18244,1.2373232729805175,2.385075823687079
CDKN1C,18247,0.4361154401322254,0.778647791954337
PHLDA2,18250,0.15981277200423807,0.4679406632861861
ART1,18265,7.933048992352835e-06,1.3673510491993786e-05
RRM1,18272,0.8514373188106673,1.1851344315468468
HBG2,18310,0.0007563080695416902,0.0013175536592291816
HBE1,18311,0.0025405916061618026,0.01226604928241199
OR51I1,18319,1.3930026119076673e-05,2.2171093298389578e-05
OR52L1,18342,6.367370815665028e-06,8.808867060955224e-06
CTD-2516F10.4,18392,1.6426115158341394e-05,2.792549783729747e-05
LMO1,18407,0.22485615793197924,0.45924671234043485
NRIP3,18420,0.19160007611102609,0.49047334143316124
ADM,18437,0.7828839851067331,1.9644646954586409
EIF4G2,18446,1.8794225533003714,2.9509800733399234
CALCB,18489,0.0943428164313123,0.19603395256441797
CALCA,18490,0.022907887686471475,0.03443205023943075
MYOD1,18512,0.007921770826043064,0.013029070910387654
CTD-3064C13.1,18560,0.0001070384773585947,0.00015111185220255586
SLC17A6,18562,0.00029724303676747913,0.0007044477955937739
CCDC179,18571,7.96896359520096e-06,1.3797596305738803e-05
CTD-2507G9.1,18579,6.13505458616271e-05,9.470183414886318e-05
MUC15,18582,0.00044146824410654215,0.000745890499629254
CTD-3012A18.1,18604,7.764260564161014e-06,1.3097849100516586e-05
PAX6,18621,0.1872802373677343,0.41798880807050626
CD44,18663,0.018733558142286878,0.029448140029909326
FJX1,18670,0.20352872855033288,0.2791814184314234
C11orf96,18704,0.024524214128687685,0.04581471434735262
RP11-702F3.3,18744,0.00022910346861786443,0.0003322066971517269
RP11-17G12.3,18770,1.8347653949323423e-05,3.983447970045183e-05
TRIM48,18805,0.00028170711220957585,0.0021844956512382502
TRIM51,18821,0.0002522976648407493,0.0014060355651949602
P2RX3,18859,0.002740038135810412,0.004243981792065458
PRG2,18861,2.0811844623523765e-05,3.212042821272647e-05
UBE2L6,18869,1.2531750383162041,1.8635210370961222
OR5B12,18893,1.019799463133471e-05,1.7808888860391733e-05
TCN1,18930,0.0002550794878003392,0.0003565031124583434
MS4A4A,18939,1.5142451904197641e-05,2.126232286954617e-05
FEN1,18992,0.5461305604881116,0.8981467461447151
FTH1,18998,39.887154463780256,420.83329227596005
SCGB2A1,19003,4.0516583673975e-05,0.00014355759643334165
LRRN4CL,19031,0.0009538795483516648,0.001492547152663069
GNG3,19034,0.06661870653829204,0.26970749013592754
SLC3A2,19048,2.302750187266133,4.995326292288313
RARRES3,19059,0.00027149258584919703,0.0004753279311007744
RASGRP2,19110,0.048208820466568464,0.06630129409471976
PYGM,19111,0.06291754967550604,0.08732159856314542
AP003068.12,19138,6.467839308224099e-06,9.089043896145318e-06
NEAT1,19152,1.6237263349975377,7.236653791516238
OVOL1,19172,0.0011236563353527519,0.0018045375110974354
CFL1,19175,12.943013204132166,26.405670544089503
FOSL1,19182,0.017830324577011544,0.024948083063623536
CST6,19188,0.0021825486198305305,0.006729129339488763
NPAS4,19213,0.0009602570486457401,0.0015059003042543657
GAL,19287,0.0405879034539257,0.07468093397055851
CCND1,19309,2.5763559678926318,8.710054033395664
DEFB108B,19344,1.1677873322202067e-05,1.6272850118449478e-05
PHOX2A,19358,0.09175340419032424,0.19225014999011003
RP11-702H23.4,19401,1.1801538056960893e-05,1.835741288856084e-05
KLHL35,19421,0.03728827654317649,0.13861940558914743
SERPINH1,19423,3.992521472320282,8.056365545267258
MAP6,19425,0.3419964104717582,0.5066653657668831
RP11-843A23.1,19482,1.3712555073082425e-05,2.167651718410626e-05
PRSS23,19527,2.5472145636957992,6.632785801503912
RP11-313I2.11,19545,0.00013813119061022131,0.00026141097740312264
TRIM49,19546,0.00016172910185332652,0.0003571295358381825
TRIM64B,19547,0.002597421468464385,0.0219126407251929
TRIM49D1,19548,0.005070325901645596,0.08193593663719156
TRIM49C,19549,0.00019372161806575358,0.0003560247386749745
KDM4E,19587,0.00032019262380867855,0.0006718100049055042
SESN3,19590,0.8564988935189234,1.2500332076802254
MMP7,19622,0.0002661789633513817,0.0014765772704038666
MMP10,19628,0.0009695467043021514,0.005470105800505554
MMP1,19629,0.00032383790222845964,0.0012042068112769393
MMP3,19630,0.0013736368773434786,0.002120980772903793
MMP13,19631,8.786803482563913e-06,1.6774963421880487e-05
RP11-94P11.4,19646,7.247144710851308e-06,1.1411260849856463e-05
SLN,19659,0.001223196425168137,0.022654959356917886
RP11-347E10.1,19681,7.233314642416405e-05,9.936077192937834e-05
CRYAB,19703,0.018741744560468083,0.16129517106279898
NCAM1,19726,0.04177583660686496,0.06301899524915315
DRD2,19732,0.0029211997279157565,0.004613714029813025
CADM1,19752,0.6202016244617896,0.913741385384933
APOA1,19772,0.09076436194467753,0.12988722392977198
TAGLN,19778,3.0719276344403994,69.48279657996788
H2AFX,19836,0.577598435356939,1.0432920506929853
RNF26,19847,0.7224874075391446,1.1647193819518258
RP11-640N11.2,19872,0.0005868859580355514,0.0011921174670404464
HSPA8,19885,11.02667751333588,30.54274786079749
ESAM,19925,0.006063528346351275,0.01165206348647698
RP11-480C22.1,19987,2.1912512968481843e-05,4.87056023214214e-05
KCNJ5,19998,0.0011113936421196008,0.001884365849558931
APLP2,20008,2.324901616961076,3.2257090610564614
AP002856.6,20019,7.220041141141042e-06,1.1326066523648003e-05
FAM138D,20053,1.9815410268380198e-05,3.194432566865229e-05
RP11-598F7.6,20058,2.4891521681259876e-05,3.41761274060977e-05
FKBP4,20092,2.557657329441113,4.482863963984438
CCND2,20114,1.3344237204775373,2.1940828724706014
RAD51AP1,20119,0.6868925806510072,1.1351387376776438
CD9,20142,0.05900302273176413,0.14386232611874422
GAPDH,20155,105.47423321566154,1611.7315846241745
PTMS,20172,7.3989393933727925,19.68775420428775
GNB3,20176,0.07980864367909561,0.10980245411312083
CDCA3,20177,0.28936532647088775,0.588491962051179
ENO2,20182,1.7406456107810062,3.027118870160131
GDF3,20206,0.0001004271056950752,0.00025283366968109513
DPPA3,20207,0.00029422854525228137,0.0017855753494153126
SLC2A3,20212,2.5002315476697303,9.720066077076151
FAM90A1,20219,0.0019847186752698504,0.004872178362898513
CLEC2A,20255,0.012299420274814848,0.03817624625026868
OLR1,20265,2.3266949382737932e-05,3.670966215366019e-05
RP11-277P12.9,20271,1.069051857238149e-05,1.8517330778107927e-05
KLRC1,20279,1.0584881368341305e-05,2.4342869196577433e-05
RP11-291B21.2,20281,1.2990383396260785e-05,2.159550365859463e-05
YBX3,20284,2.347035157850104,3.4480787841716074
TAS2R8,20287,1.6100077852923284e-05,2.881837132201326e-05
GPRC5A,20326,0.0005982518934062217,0.001430683527219634
EMP1,20334,0.007205147403951765,0.014309549563091696
ART4,20349,0.0003490496096883666,0.0004859100286347415
MGP,20351,0.0001902157272383884,0.0006310776336170006
PTPRO,20358,0.03739905047364344,0.06840235059499404
MGST1,20365,2.991113686220204,4.474645750773487
LMO3,20366,0.20672829037436974,0.3084796745472655
PLEKHA5,20377,1.6481395659826898,3.0394495992417365
C12orf77,20425,8.55555043130824e-05,0.000741781456140634
RP11-713N11.5,20426,1.9271780250201646e-05,2.707756276448089e-05
RP11-513G19.1,20445,8.250195159343954e-06,1.4788639018849037e-05
OVCH1-AS1,20479,5.403688852214572e-05,0.00011632166603880886
RP11-776A13.3,20484,1.669907777171406e-05,2.4717095020827064e-05
FAM60A,20495,3.6773074797718057,5.968200146397802
FGD4,20507,0.6549400427454366,0.9826049374829966
RP11-630C16.1,20537,3.1833427656882595e-05,5.3532434262173464e-05
NELL2,20559,0.6253864543912039,0.8763470951683136
RP5-1057I20.2,20587,7.624782441795062e-06,1.2631492518966034e-05
TUBA1B,20637,29.848039430020574,278.0397672715004
TUBA1A,20638,10.90750016684233,134.5662256776675
TUBA1C,20639,3.5680273353899046,9.28070384193772
PRPH,20643,0.02761805256197725,0.045423960128409664
TROAP,20644,0.31597978401325416,0.5519697409521893
RP11-70F11.7,20658,1.507580334347592e-05,2.524829925940956e-05
RACGAP1,20667,0.20366105514901323,0.2916075921716036
KRT7,20713,0.005015918011786511,0.03752379546942161
KRT81,20717,0.00020360244321177668,0.0006036239383621243
KRT6A,20729,9.665200225176806e-06,2.0296515085081385e-05
RP11-641A6.2,20735,1.2492321902769758e-05,2.16083161881523e-05
KRT1,20738,6.452096712294575e-05,9.603103083352264e-05
KRT77,20739,0.018358840962398162,0.07128287424642153
KRT8,20746,5.385933853919759,30.54338385140158
KRT18,20747,3.6919640211705658,25.317842927525987
IGFBP6,20752,0.02981833523747237,0.046698858841110275
PFDN5,20761,12.697153195203226,17.88982083916474
PCBP2,20769,6.04275892059916,10.350692403430465
RP11-686F15.3,20779,2.3642158990688248e-05,3.2916812327721366e-05
HOXC9,20792,3.522082959363276e-05,5.33353544097473e-05
RP11-834C11.4,20801,0.14215944547560277,0.5465878394393653
TESPA1,20826,1.974153371414706e-05,3.225421055248269e-05
NEUROD4,20828,0.01666564659084486,0.033529965977913995
CD63,20851,11.741314346484344,30.81341838596913
PMEL,20861,2.883307867104906,13.430086712096985
RPS26,20868,18.244826593286724,130.12262744707846
PA2G4,20871,2.5391500023300395,3.941524619156781
MYL6,20880,14.094737893575305,46.33859038685455
ATP5B,20903,9.510649790469046,15.363533033284128
PTGES3,20904,8.040619994730084,13.410826255378964
GPR182,20910,7.460349327199875e-06,1.2092555392861067e-05
NXPH4,20920,0.11259325349124769,0.3393916046164901
NDUFA4L2,20922,0.24281220923948377,0.6745307485703088
DDIT3,20933,0.46551749501846196,1.1481884843856551
RP11-272B17.2,20969,3.4892053071392886e-05,7.838000737182145e-05
TMEM5-AS1,20985,1.8814682324605938e-05,2.6649236274844387e-05
WIF1,21005,0.026734321952723714,0.054596048096927606
RP11-221N13.4,21011,1.372232517502438e-05,2.4099096458893713e-05
RP11-123O10.3,21026,1.5593397633854945e-05,2.645981662731974e-05
RP11-81H14.2,21040,0.00020206699778623906,0.00033321720955060643
MDM2,21047,0.325946415367358,0.5525216238550019
CCT2,21058,4.1025302933893615,5.71132929991802
RP11-314D7.2,21091,1.49903469112995e-05,3.365519980512707e-05
RP11-274M17.3,21097,7.676618793857184e-06,1.2803824538699822e-05
KCNC2,21101,5.011134830601986e-05,7.433046800362922e-05
PHLDA1,21112,0.07879507005993523,0.12098320894942621
CSRP2,21120,2.246788527849437,3.2256575888372456
RP11-461F16.3,21121,8.449631679123421e-05,0.00011822358041922814
SYT1,21135,0.24470374033896608,0.3708623560485754
NTS,21174,0.017678408148672015,0.02872982682554569
DUSP6,21187,0.3787404099819465,0.6422768628082769
ATP2B1,21195,1.853365556796006,3.0888813338275027
LUM,21207,0.005101290515566578,0.03183756451957669
BTG1,21214,2.2990876385366663,3.702691604403589
CLLU1OS,21216,3.961146797677294e-05,7.344115357347795e-05
NUDT4,21228,0.569352819498748,0.8319681546676982
ANKS1B,21278,0.026684830104706507,0.037630332619207056
GAS2L3,21289,0.10445969437181848,0.14574848774807633
PMCH,21310,0.00021247318044019062,0.0029993478367146
ASCL1,21314,0.024537515205934494,0.046851611392913384
HSP90B1,21326,4.860752312204574,14.929406026369548
RP11-114F10.3,21349,5.8434584126391553e-05,8.422273530669676e-05
RFX4,21354,0.28980966103751193,0.4687123444949938
SNORA40-1,21381,0.0006947554545219031,0.0009972115358127536
RP11-423G4.7,21384,0.00022795725739837132,0.0003363307601327244
SVOP,21385,0.005301955765986669,0.009098737904737007
PPP1CC,21419,3.4138672693030823,4.797088092624497
RP1-46F2.2,21423,0.01973062801767975,0.028088051313088773
LHX5,21465,0.2535595408948531,0.36393957113689795
RP11-82C23.2,21466,0.5478646936925832,1.0266290912148444
TBX5-AS1,21474,2.006071653068097e-05,3.249502164356266e-05
RP11-110L15.1,21486,7.11616158979761e-06,1.100249970610575e-05
RP11-497G19.3,21494,4.411484934203216e-05,6.294756399784771e-05
PEBP1,21512,6.000190214639781,8.974014558495085
SRRM4,21521,0.03583401845474841,0.056285119573392696
RP1-127H14.3,21532,4.618843784777617e-05,6.689492493013736e-05
MSI1,21541,0.6217778350179615,1.0384243655184693
DYNLL1,21548,4.4031995540707225,9.354815953417607
AC079602.1,21563,0.0008162073284025057,0.0015369690079729884
OASL,21567,3.38709918265057e-05,5.4525321075396505e-05
IL31,21592,3.209217871409754e-05,5.0607638094652276e-05
UBC,21649,6.639565191627047,22.091250353351846
RP13-653N12.2,21684,8.30861002110923e-06,1.4998800312929466e-05
RP11-989F5.1,21707,1.639487519291369e-05,2.4516539550103116e-05
RAN,21709,11.327180039558892,25.041993331761148
AMER2,21841,0.004612367352256801,0.006553687751484565
SHISA2,21851,0.28391913681711145,0.4928780688463357
GPR12,21857,0.0011278307119505638,0.0017828932102145875
FLT1,21879,0.0014893336794512015,0.0039461660909325845
POMP,21880,3.8848749624604757,5.47850335162499
LINC00426,21896,0.00014903907707932064,0.00028145732990115754
HMGB1,21898,11.137059104758574,47.494485958560915
ALOX5AP,21900,0.0009863262988627677,0.0016076172050081769
HSPH1,21908,0.5524066233097146,0.7751340678829259
MAB21L1,21933,0.0033130294254333755,0.0048634585517959425
CCNA1,21941,0.03083593959676582,0.6850582823194411
LINC00437,21954,0.0005195517953474946,0.0016320775585670253
STOML3,21958,0.0042512652623482835,0.006558565397956488
RGCC,21976,0.0032091813763178924,0.005230853503745351
DNAJC15,21986,0.6131852032930649,0.9037788260904648
TSC22D1,22001,3.0627847106838924,4.965402527821707
RP11-189B4.6,22027,0.07048363161982679,0.13651659250010456
ITM2B,22040,2.4553440569323564,3.7563132104500623
CKAP2,22085,0.5385879027875902,1.1316687861433918
PCDH8,22091,0.0958057182008586,0.13952180340727172
LINC00374,22102,2.29191500489953e-05,3.311249547933338e-05
LINC00364,22129,2.7355947458997148e-05,8.768876313087456e-05
MZT1,22136,0.826183988148729,1.5225798469261398
BORA,22137,0.1541530319206774,0.224946887921864
EDNRB,22168,0.0330995017460778,0.052741066356553866
SLITRK6,22193,0.10052078887350792,0.15280835396470516
LINC00380,22213,1.771294449173803e-05,3.0155453887086494e-05
ARGLU1,22300,2.1742274768606946,3.447095937461305
PNP,22430,0.26512688664875894,0.5770845761094353
RNASE1,22447,0.5351329473582243,1.987966925274236
AL161668.5,22460,8.480579507145665e-05,0.00011992892751932128
OR5AU1,22470,6.3477850724729126e-06,8.754758930515972e-06
HNRNPC,22471,11.57831981718683,21.19824498456242
AE000661.50,22485,0.00019572584197510796,0.000286838265935392
PSMB11,22509,4.9018398873802305e-05,7.408430751857719e-05
DHRS2,22537,0.046637938909269344,0.26985551324185064
NOVA1-AS1,22594,0.026870643263909005,0.036778781111613736
CTD-2503I6.1,22612,0.0003122360298966517,0.0007409738559533143
AKAP6,22637,0.009484918053076842,0.013042926389916599
INSM2,22659,6.0565121183043316e-05,8.603205915751323e-05
SFTA3,22670,0.10811567919049683,0.15419039806039347
NKX2-1,22671,0.2708060117031265,0.5164796297147063
NKX2-8,22673,0.028969762817671035,0.04823605363694101
PNN,22698,2.58114171788918,3.687207523647716
MIA2,22699,2.4027626190644848e-05,3.470514727572639e-05
MIS18BP1,22727,0.46208050929915867,0.7132614752900089
RP11-369C8.1,22731,0.0007585185760925462,0.0010779581756653253
RN7SL1,22740,0.02160582799700065,0.04166012352040427
ABHD12B,22776,0.0008732236428981992,0.0011981862507927262
BMP4,22815,0.7398620159091354,2.6329835896830516
CDKN3,22816,0.5676820724463918,1.8462147916033307
LGALS3,22826,0.04074314509890496,0.13303001704449774
DLGAP5,22827,0.4412511050607594,1.0069308774646204
RP11-698F20.3,22828,3.967793630059412e-05,5.9465827786912015e-05
OTX2,22847,1.0628031568294893,1.7515635560358944
RP11-517O13.1,22867,3.570459970001012e-05,5.200412354506443e-05
DAAM1,22872,0.3190473434170345,0.4802281048021231
RTN1,22877,0.09200767974528354,0.16571363304520792
SIX6,22887,0.01339259746941339,0.021217874430803606
SIX1,22890,0.004967957513537601,0.008294779674081484
SNAPC1,22904,0.6983230242272324,1.2213118265702545
CTD-2277K2.1,22905,1.919446012870208e-05,2.8023323553886702e-05
RP11-355I22.5,22907,9.010376247191087e-06,1.7639473280522962e-05
RP11-696D21.2,22915,6.582427510191575e-05,0.0001577117018401408
GPX2,22941,0.00506698814029812,0.021359015625415995
ZFP36L1,22972,2.2145158095333706,4.550599311507539
ACTN1,22973,0.544615432563193,0.9149512294146974
ERH,22980,5.754677446311288,8.690848246679536
SRSF5,22986,2.5269398944751025,3.5390684391943505
NPC2,23056,7.141689914323587,12.88521692605186
FOS,23080,0.2628226410202437,0.5790205101682749
RP11-293M10.5,23081,0.006684775896118608,0.017642193047632114
SLIRP,23127,3.3937322226620212,4.9799365026931675
DIO2,23142,0.012100830791654632,0.018124288963673685
RP11-799P8.1,23151,0.0001709508241095585,0.0022747533250993667
RP11-11K13.1,23155,8.16911269542054e-06,1.4499383443119224e-05
GPR65,23179,2.4044604671275712e-05,3.7547562760685964e-05
CALM1,23206,4.090443717178086,8.867739580455346
CHGA,23240,0.01808200656412204,0.029687079054323252
GSC,23272,0.18006315481120064,0.30248667307425947
RP11-725G5.2,23278,6.989829513510687e-06,1.0615316413802927e-05
DLK1,23352,33.41784151474426,787.9287324855673
MEG3,23354,0.625144335246219,3.0858422656607525
DIO3,23373,0.092351339775377,0.31021000335521176
HSP90AA1,23384,16.25793328090265,118.86630545350891
EIF5,23403,1.5712583413973793,2.394587424270661
CKB,23405,10.074087127941603,40.10959232092243
AL049840.1,23416,7.76118784048995e-05,0.00011042133709085786
CTD-3051D23.4,23447,0.000418946061578824,0.0011792833857005415
CDCA4,23453,0.5299585360851196,0.7436730042919577
RP11-403B2.6,23484,0.00016390023226524458,0.0002308650404061597
RP11-580I1.1,23514,7.35852946938652e-06,1.1764726554621867e-05
AC124997.1,23528,7.368495445220388e-06,1.1796614896922524e-05
RP11-30G8.1,23543,6.620234682795334e-06,9.522402188444755e-06
RP11-300A12.2,23555,1.806186475086211e-05,2.5353386645753384e-05
RP11-16E12.2,23581,6.82866507877843e-05,9.370749948969981e-05
ARHGAP11A,23594,0.1829312854917505,0.25172721278708493
GREM1,23598,0.005182012997293972,0.01058947962325748
GJD2,23618,0.0017258399236400363,0.0032725458426448722
ACTC1,23620,0.39959137742295336,12.561376386531048
RP11-1008C21.1,23639,2.70711314574988e-05,4.146431404826514e-05
RP11-275I4.1,23646,2.3489758403786557e-05,3.2403859256383705e-05
KNSTRN,23684,0.41428622019347383,0.861387721777715
C15orf62,23698,2.9234329799793945e-05,4.725851081210706e-05
CHAC1,23707,0.029166157213999885,0.04457063354141181
CHP1,23713,0.8134540037269125,1.370890761542833
NUSAP1,23715,1.5996065703228917,6.890755934382836
MAP1A,23769,0.3619401266700054,0.6218654685143283
PDIA3,23775,3.7708342202825045,5.853826246984223
SERF2,23778,10.247064509874765,17.06581596803565
B2M,23794,1.7955242513238077,3.45059373961643
C15orf43,23797,1.0390090543831566e-05,2.3455161830836697e-05
DUOXA2,23802,0.0023835789133451815,0.004550613421664135
SLC28A2,23810,0.004640059307386381,0.009540445661821122
DUT,23838,1.4250327158393206,3.1597987643359806
SCG3,23878,0.23825649782558417,0.9674150481237747
ONECUT1,23901,0.011059717456918002,0.018603964615765856
WDR72,23904,0.04990047183029057,0.07045027226174029
RP11-358M11.3,23927,6.449690385072445e-05,9.667987669831777e-05
LIPC,23938,9.609331724006387e-06,2.0062549461695712e-05
CCNB2,23948,1.905035143323315,8.759866501859008
ANXA2,23959,5.254709592225838,30.68838356863875
TPM1,23986,3.7327385248433984,15.241841511379937
RPS27L,23991,4.837290253301177,12.501060995201037
PPIB,24007,3.4160493080933487,5.621438620824923
KIAA0101,24010,2.404367594214138,8.576089119646184
PIF1,24018,0.18587635152176027,0.4057003071976101
IGDCC3,24032,1.4030454316700112,2.6704731664851193
PTPLAD1,24035,1.855100609161485,2.547917240529776
KIF23,24086,0.214618956702905,0.3548840072580235
RP11-2I17.4,24112,1.1228654382758545e-05,1.6924963412816113e-05
CYP1A1,24165,0.006193609556468003,0.04314369172103657
RP11-593F23.1,24207,5.326514483934578e-05,8.134542679608402e-05
RCN2,24213,3.4343014095875657,4.760623742727612
PSTPIP1,24214,0.1126005237682811,0.5763815108983302
CRABP1,24239,2.7445694439490316,93.02231800546235
PSMA4,24244,3.4999468549645374,5.146378252902325
CHRNA3,24247,0.07469699969756231,0.10567803763537595
ANKRD34C,24256,1.1831687547990345e-05,1.709294195712952e-05
GOLGA6L19,24304,1.2160907666985435e-05,1.9393655899024176e-05
RP11-182J1.13,24334,2.797001787113833e-05,3.97671551515296e-05
LINC00052,24364,0.022510594035712997,0.037679950505933986
RP11-429B14.4,24387,4.659359723219948e-05,6.495598600055752e-05
RP11-429B14.3,24389,1.3131764842243105e-05,1.912993899696336e-05
IDH2,24402,1.5635738227691454,2.1856294318527927
PRC1,24429,0.33814302796104867,0.5578200371004421
RP11-152L20.3,24438,3.293675538770649e-05,4.795331307208815e-05
NR2F2,24476,0.3562390653550175,0.5445685044873674
HBA2,24566,0.0006801618844703192,0.008484411408320094
HBA1,24567,0.0013787666697247358,0.007608540259095328
NME4,24579,2.1098336725794056,3.094089529731252
LA16c-349E10.1,24593,6.860032060469376e-06,1.0224734697679724e-05
METRN,24602,1.0670255038278809,1.5552883035505154
NPW,24684,0.2884568729026049,0.5585843152268601
DNASE1L2,24701,0.010994767719788162,0.01995340169086058
CTD-3126B10.4,24726,0.0003787560973452792,0.0005995898062308237
SRRM2,24730,2.3725034328528656,3.443812324877481
PRSS22,24735,0.0006070565883502459,0.0009638942047058536
KREMEN2,24741,0.09742710838590185,0.1345763382267607
LINC00514,24744,0.0034601967996362136,0.005164432454474824
CLDN9,24748,0.0031827919244108932,0.008695721849398118
CLDN6,24749,0.39873330466509854,1.0355225343499714
TNFRSF12A,24750,0.2766825035486357,0.9535561651085728
IL32,24757,0.039657271263726916,0.19267134836046762
OR1F1,24768,6.857673343770972e-06,1.0217705216581626e-05
CORO7-PAM16,24798,3.898765187834299e-05,5.6737964433289316e-05
PRM3,24879,1.2594235856864523e-05,1.7260252581179964e-05
ARL6IP1,24979,3.711812900853082,26.282323550856724
HS3ST2,25055,0.0009676087038742533,0.001383073293197103
PLK1,25072,1.0091233269741475,5.220752509781137
CACNG3,25079,0.009616413593399775,0.019405280904659296
RP11-142A12.1,25099,3.398907086334684e-05,4.7222999537304504e-05
NUPR1,25125,0.06217868608869007,0.08877318737448628
QPRT,25162,3.310656769800157,5.323799952405173
KIF22,25167,0.7542897716158622,1.1875653066839473
MVP,25176,0.03766547639885788,0.05586023015820551
FAM57B,25189,0.37669547001138554,2.601500065883128
SRCAP,25233,0.4152924745155532,0.7616195967072594
FUS,25264,2.57035593653778,4.215242077716351
ITGAD,25274,5.139770372884468e-05,7.918328229402135e-05
ORC6,25337,0.711227060438059,1.1061306985421526
RP11-169E6.4,25344,1.4867208621916836e-05,2.5342077524951484e-05
RP11-523L20.2,25351,7.943577899876063e-06,1.370983094078766e-05
CTC-527H23.4,25363,1.8779190194858016e-05,2.8351343186034875e-05
CBLN1,25366,0.0034075071309196394,0.0049540253305044935
NKD1,25387,0.34901422611335614,0.5808686656712558
RP11-401P9.1,25388,5.4592708398097616e-05,7.887137701258968e-05
RP11-327F22.5,25398,1.2594432828089162e-05,1.728091480281661e-05
RP11-324D17.2,25432,7.718200022911662e-06,1.2942906432481917e-05
RP11-212I21.2,25445,1.1262255533883289e-05,1.5576251987846623e-05
MT2A,25465,2.521646461964551,116.81303280828428
MT1E,25467,0.29337499332091316,6.294369184441277
MT1M,25469,0.002642613565230299,0.013326062711244119
MT1F,25472,0.16939649919843766,0.5040922453241661
MT1G,25473,0.05687229079540391,2.213677459866216
MT1H,25474,0.04480587109396574,1.658657256375135
MT1X,25475,3.70368631297435,174.82030129938707
SLC12A3,25478,1.9399091284448355e-05,3.101496166441481e-05
HERPUD1,25479,0.37826814775312284,0.7528281620276367
RP11-21L1.1,25539,0.0003522806716137223,0.0005485133008737646
Y_RNA-1,25560,0.006881406262877243,0.010762695015955089
CA7,25575,0.0009304064512993507,0.0018090966459186658
RRAD,25580,0.04347263704200702,0.07245895347152416
RP11-5A19.5,25591,1.7399082778767802e-05,2.40326611632845e-05
TPPP3,25605,0.07715078147293587,0.14110134990186313
DPEP3,25640,0.03292609336275005,0.05658512316950569
SMPD3,25654,0.005222549363682364,0.007781820086369469
NQO1,25680,0.5479916502784828,1.5455408376705064
CALB2,25714,0.014377724058794186,0.026738557828898942
PHLPP2,25726,0.019832460635278062,0.04481892388394336
RP11-190D6.2,25817,1.801497448890395e-05,2.903351873045473e-05
HSD17B2,25855,0.0005276511110974308,0.0009285336116994831
RP11-486L19.2,25882,0.00022096990017549638,0.0006681621810596495
COTL1,25892,6.058694592525003,17.787443685137227
GINS2,25907,0.8090547193582553,1.2864556435607422
RP11-514D23.3,25921,4.6850501889933314e-05,7.412121688005854e-05
RP11-514D23.1,25923,1.1748677619130554e-05,1.8508084226625508e-05
MAP1LC3B,25946,1.0206964584982579,1.420361408373008
CYBA,25974,1.1755739915531755,1.667715283861925
CDT1,25986,1.1494682188373047,2.224334270888301
YWHAE,26069,9.826844700857455,16.984106789534238
SERPINF1,26085,2.4254708837120464,5.725870753484964
ASPA,26128,8.451393748584402e-05,0.000255697756814926
CYB5D2,26151,0.13758445921043017,0.2061158604368274
AC091153.4,26166,9.976149205587681e-06,2.1623482720034456e-05
PSMB6,26176,3.9365415914917317,5.629609997587243
PFN1,26185,13.859529616814946,35.438068180528205
ENO3,26186,1.1917457462756764,1.9737489774654724
FAM64A,26218,0.5831226649265203,1.4884418792578364
TEKT1,26228,0.001152681788965142,0.0017102758668875169
ASGR2,26243,0.00019198882763661566,0.0003035070791378859
CLDN7,26254,0.019166175986992617,0.07844442147198019
EIF5A,26258,2.89820440616212,7.316419180782914
TMEM256,26269,3.034232881976886,4.177484962869048
DNAH2,26298,0.0008287717530211542,0.001604146094659984
TMEM88,26300,0.7111745940984991,1.3733945814714126
HES7,26315,0.16981344995851955,0.2801964337546244
VAMP2,26318,2.335055644793829,3.4792046358108273
AURKB,26322,1.000892076096787,3.0875229828280797
RP11-849F2.8,26324,0.0024552814605086587,0.0036089251042860887
ARHGEF15,26330,0.006335257970335002,0.02668329403604239
RNF222,26339,0.0013768040802650732,0.0032088448815714454
LINC00675,26386,6.344420650329481e-06,8.745481025004373e-06
CENPV,26453,3.3438080352417026,6.334759298523329
UBB,26454,12.534416120881296,36.82676024022575
FAM211A,26459,0.3044887522200098,0.546285779241639
CCDC144A,26463,0.009468127949360692,0.015480409540851846
RASD1,26481,0.05974430782465719,0.1260421613856426
TBC1D28,26511,2.5322990166498526e-05,3.6671590834882994e-05
CTD-2145A24.3,26516,1.0559204879843542e-05,1.5135718553044046e-05
MFAP4,26544,0.044739121801391606,0.08160210682504682
WSB1,26605,3.896999869258898,8.341110067539198
NOS2,26613,0.007610971034600528,0.014086734575303538
VTN,26631,0.11828507066464879,0.1622950429462513
FOXN1,26639,5.8230399859398674e-05,9.51027800668272e-05
AC091177.1,26721,1.0406543676418999e-05,1.444848435010124e-05
AC116407.2,26743,1.0878134486850518e-05,1.9520221975980314e-05
RP11-443G13.2,26745,1.4246873811565831e-05,2.4318711012825168e-05
RP11-118G23.1,26767,1.4423240693909012e-05,2.0006284215564455e-05
RP11-215E13.1,26771,9.301665963117085e-06,1.879841480954531e-05
CCL2,26774,0.12340020251386805,0.29496064727336624
CCL5,26824,0.0012529738765095569,0.00201857121596899
RP11-104J23.2,26834,6.860032060469376e-06,1.0224734697679724e-05
CCL4,26839,1.8680678520885793e-05,4.2499791450984036e-05
CTB-91J4.1,26840,7.57234211779956e-05,0.0003501607926140101
RP11-445F12.1,26860,0.02767435826684241,0.04012902469741761
LHX1,26861,0.02687509502866308,0.04557468584891992
RP5-906A24.2,26910,2.5420719716569013e-05,3.741801272082678e-05
RP11-94L15.2,26929,0.000725392466889663,0.0030684187567180366
TOP2A,26953,1.5520462852267445,9.73206491578966
CCR7,26957,0.0004180456424656969,0.0007654282785186505
KRT24,26961,4.9977454235572495e-05,7.333052728647513e-05
KRT12,26970,1.691047453239358e-05,3.4944622607077035e-05
KRTAP3-1,26978,0.004329692554163551,0.028492181384720414
KRTAP2-3,26985,0.00020746239516492907,0.0003592036585119599
KRTAP4-8,26988,8.404286461646002e-06,1.5346220839516472e-05
KRTAP4-4,26995,7.754702796101887e-06,1.3065621683960516e-05
KRT31,27013,1.2024138584791236e-05,1.9165510153188885e-05
KRT38,27016,8.552003358132268e-06,1.5890424041146836e-05
KRT19,27023,1.8258492022922985,10.687118187779976
KRT16,27027,0.0013253759601190129,0.008214888351304758
KRT17,27028,0.0004783058733166527,0.0006888515211424752
GAST,27031,0.000413444154342242,0.001083501568454698
PTRF,27056,0.24140566366966543,0.4284770088366707
PSMC3IP,27063,0.35786451956887944,0.49047024098678504
ARL4D,27099,0.3816251372493913,0.8212739370991551
SOST,27106,0.0007156034579048069,0.0010871458639392264
PYY,27118,0.03085773048274642,0.04333702456088083
FZD2,27144,1.4010779596678802,1.917566514861578
C1QL1,27162,0.024063444643004698,0.0737573966425709
FMNL1,27173,0.004954479897401541,0.008312551808249413
AC091132.1,27182,7.216558207063009e-06,1.1315141529291763e-05
MYL4,27211,0.22994718568271305,0.668078242126775
HOXB1,27247,0.00023033128614049185,0.00039422696766801355
RP11-708H21.4,27278,1.9435607637131088e-05,3.121932557320621e-05
COL1A1,27316,0.8537040799745766,3.0483050879688154
RP11-893F2.5,27317,3.183388634196281e-05,4.4612706722090306e-05
RP11-893F2.15,27318,8.0191506561732e-06,1.3971933143138637e-05
RP11-94C24.6,27330,2.5883573563821796e-05,3.8214264079033506e-05
NME1,27350,3.4635322937713733,5.225238251714037
RP11-118E18.2,27392,1.1777445842588889e-05,1.7175467322523737e-05
SEPT4,27419,0.17574232555393812,1.454699403713645
PRR11,27427,0.25273599960022564,0.35277089970157943
CTD-2510F5.4,27429,1.951074900449961e-05,3.416616373641929e-05
CA4,27448,0.1240072381299952,0.28251501839350335
TBX2,27461,0.0002171740331394804,0.0003047376694097307
RP11-180P8.1,27477,1.8738842916455946e-05,2.719845586772718e-05
RP11-269G24.6,27487,6.578030168751466e-06,9.401377918922185e-06
DDX5,27518,1.7774898359220743,2.8254642724472303
APOH,27533,4.185053617820127e-05,7.508466833646321e-05
RP11-349A8.3,27538,8.820580755591468e-06,1.3212649911400147e-05
KPNA2,27552,3.2940312911352643,42.31750989586226
MAP2K6,27572,0.45631176717023325,0.7044531851496582
SSTR2,27598,0.021848374417013705,0.046776721125384606
CTD-2582D11.1,27614,1.3761075834307501e-05,4.114381404587492e-05
BTBD17,27624,0.24465781038031134,0.36022099832374327
CD300LD,27630,7.2322561004005345e-06,1.136442251528126e-05
FDXR,27642,0.9093270004683092,1.6561125293466463
HN1,27656,4.78754682372475,13.146023607687308
RP11-16C1.3,27666,4.702500947913583e-05,7.462551212444476e-05
H3F3B,27681,23.68294764947922,187.1135284626621
RP11-552F3.13,27694,2.1314423835855138e-05,4.2385262704045503e-05
FOXJ1,27702,0.15814695223918948,0.22950170793954427
ST6GALNAC1,27717,9.442407225186006e-05,0.0001492199238826844
SRSF2,27723,1.4762098927577771,2.0943702204378756
RP11-285E9.5,27731,1.0074025112410737e-05,1.602845962673931e-05
TK1,27745,0.2371459940149629,0.33531179733877764
BIRC5,27747,1.6634626227154108,5.842937924061237
ACTG1,27826,29.265567252417487,212.85359816974005
P4HB,27844,4.035671088036369,6.447033059484259
ANAPC11,27851,3.6849220163125773,5.066974610001399
NPB,27852,0.020983561613299534,0.03927552399922353
PYCR1,27858,0.9884759053785365,1.3709731527800568
SLC16A3,27878,2.5239669906763904,4.333322447038529
TYMS,27928,2.4724386538010137,5.310899400551992
ADCYAP1,27936,0.025423434721841474,0.07168954090442528
NDC80,27946,0.304820839024191,0.5127353190979782
MYL12A,27957,1.9497899872164255,3.3464062087712225
TGIF1,27962,1.0598895782441629,1.6308156936896085
CTD-3096M3.2,27980,7.591897025942025e-06,1.2522769292702565e-05
RP11-286N3.2,27983,7.11785422553024e-06,1.1007733959124346e-05
APCDD1,28030,0.07224540486242195,0.10195335771794779
ANKRD62,28058,0.0011512705422639018,0.006035794337489349
TUBB6,28063,0.5034606546770796,0.7585191706894501
RP11-861E21.1,28066,1.1419501393444575e-05,1.831198834425386e-05
RP11-973H7.4,28073,0.00030089750918952003,0.002345157304609484
POTEC,28101,7.227351023107274e-05,0.00010484214517242006
SNRPD1,28116,5.0054022755567935,7.24527499487672
RP11-627G18.1,28128,1.4876475048136732e-05,2.6361422540167928e-05
RP11-178F10.2,28155,2.4594687417393494e-05,3.4713417185318834e-05
CDH2,28179,1.2986127671490904,2.1519013571579144
DSG3,28195,0.0015909289044765136,0.004107702810727033
TTR,28199,0.07024300045802086,0.8102213222583321
CELF4,28249,0.22699423599301102,0.3761770527315981
SYT4,28260,0.554153419136916,1.3437175545689783
CTC-782O7.1,28261,2.0538794772199237e-05,2.8728518476255984e-05
RPL17,28308,4.982536246496311,8.751073120580909
RP11-729L2.2,28325,1.079654340920777e-05,1.5143556670174094e-05
RP11-99A1.2,28340,1.799938728900534e-05,3.096771903922986e-05
ST8SIA3,28364,0.0076019797535888,0.01101192769626027
ONECUT2,28365,0.041942732171215975,0.14418893155064433
RP11-845C23.3,28374,2.591496962483003e-05,3.6805624934416665e-05
RP11-685A21.1,28388,7.411383048887311e-06,1.1934336104384063e-05
PMAIP1,28400,0.07030154142087387,0.10729294141837546
SERPINB5,28426,5.562844413638707e-05,9.111835530636281e-05
AC100848.1,28439,3.0348716724181782e-05,4.565039410523325e-05
CYB5A,28488,0.5851400098408209,1.037863259374737
CNDP1,28493,0.000997807493673835,0.0029932235116194627
TRIB3,28571,0.07429781470167153,0.22174472431185663
FAM110A,28580,0.09501817868996984,0.15811924110267597
SIRPB2,28594,0.00012615755813589292,0.00021095930595432547
SNRPB,28608,4.755010088207814,8.772884903975395
CDC25B,28643,0.15115263756689515,0.207584596283119
PCNA,28661,1.210652623013138,2.7418978850239464
RP5-828H9.1,28665,3.711035287928172e-05,5.4436217752068796e-05
SNAP25,28700,0.007247227006416562,0.012860535882757497
C20orf187,28709,7.953079155299709e-06,1.3742646524974284e-05
RP5-1069C8.3,28718,1.1341087368381986e-05,2.7945323537431585e-05
FLRT3,28729,0.43174011687520997,0.6516216802690861
DSTN,28740,3.3804218184030543,4.973805865529936
INSM1,28777,0.00935712928515109,0.013211981039235413
RP5-872K7.7,28781,6.74483516803779e-06,9.884220751489465e-06
LINC00261,28795,0.24688212383490837,0.35025715342625907
FOXA2,28796,0.7350265345826755,1.1441009577493708
RP4-753D10.5,28799,6.925924696108235e-06,1.042210115104131e-05
CD93,28802,2.6865754664163986e-05,5.546376672992139e-05
VSX1,28835,0.0026750112781364624,0.007523022844538952
RP4-610C12.1,28854,6.636892687403046e-05,9.203792113421052e-05
ID1,28867,0.40618952527352076,0.8496595925220487
TPX2,28872,0.8182173118119193,2.827114294132827
RP4-550H1.5,28972,5.327952181841221e-05,7.530078960553552e-05
MYL9,28979,2.911478871000962,15.004672042603632
MROH8,28992,0.16312449113538652,0.5832126497550876
NNAT,28998,1.672344756447593,17.49107653533407
RP4-640H8.2,29000,0.0003243102847644543,0.0008616156490822594
ADIG,29013,1.854369641897581e-05,2.5693947823845203e-05
FAM83D,29018,0.20378521941816038,0.36665697560705945
MAFB,29026,0.055445107223704784,0.07647223999332523
GDAP1L1,29052,0.10185511288411851,0.14734667789250133
YWHAB,29072,2.5788072197278975,3.5948513951271224
SDC4,29086,0.28606863753244793,0.42798615876129226
WFDC2,29095,1.010595881338858,1.824290884818524
UBE2C,29110,3.4649874177870035,57.532125469474074
PLTP,29120,1.5468177827891205,2.41555877258019
RP11-15M15.1,29202,6.753207268084531e-06,9.908773458267e-06
DOK5,29216,0.1397351633749586,0.20548939230492194
AURKA,29223,0.5504269977067809,1.7475940886237524
RP5-843L14.1,29230,7.83644365966198e-06,1.3342518058061294e-05
RP5-897D18.1,29232,1.5744152770331305e-05,2.2800284892104708e-05
CTCFL,29243,0.025849643037305477,0.04036020205439363
PCK1,29244,0.0001760623195649124,0.0003486198500191257
TUBB1,29269,7.433929450645664e-05,0.00010683564449951547
ATP5E,29270,6.24020714625974,8.548633459030398
EDN3,29273,0.0080051276481141,0.012300208584179214
RP4-614C15.3,29275,8.640907061073067e-06,1.622252477603809e-05
PSMA7,29293,5.584438004554221,8.513356555835774
RPS21,29302,13.46447790144566,24.177754895239246
NKAIN4,29339,0.4050620102422493,0.7819906787414029
RP11-358D14.2,29345,1.4459752520094242e-05,2.0172168972662183e-05
RP4-697K14.3,29347,2.8192248323506225e-05,4.1959940191525385e-05
PPDPF,29348,11.433759999033466,27.19763516799796
STMN3,29355,0.12195461282726987,0.17471723555174576
BSG,29407,13.475243474738921,32.40143168092007
ELANE,29427,3.234762186180453e-05,4.7273700128018155e-05
CNN2,29439,3.2865776819329318,4.56756816245484
GPX4,29444,7.267221544465207,11.976476323125453
CIRBP,29451,10.109270579713813,18.08673250830809
ONECUT3,29479,0.00299920554739827,0.00521773668807745
OAZ1,29505,6.943726670839642,12.960986662389082
GADD45B,29514,0.2618223207926392,0.40383961738348007
ZNF556,29525,0.0023065938766593753,0.007868038312278204
MIR7-3HG,29604,0.07088826503950567,0.2848325214156376
PTPRS,29613,1.2748572149671378,5.2083385594598655
AC104532.4,29637,0.006116529604890573,0.011341355978770788
CD70,29664,0.014299827358078124,0.019754177825853786
EMR1,29672,1.386792668834463e-05,2.6988152104958708e-05
MBD3L5,29676,0.0006134344809407715,0.0042719117717156495
MBD3L2,29678,0.004476537597302259,0.26130742554481945
MBD3L3,29679,0.0006649863763778628,0.005853621325234227
RPS28,29733,45.55535339506883,165.00452416344342
ANGPTL4,29735,0.28435742829339566,0.40435273221662027
HNRNPM,29740,2.6738909156076973,5.471338861194565
UBL5,29781,4.847818363932601,7.017762426950068
OLFM2,29784,0.23261036256096937,0.34446122328940565
SLC44A2,29820,2.0505399758538876,3.1794654796432438
SPC24,29834,0.3394827354684645,0.5714867932860969
ELAVL3,29850,0.11526323867823766,0.44178220676730295
CNN1,29854,0.08174389700912829,0.17443481943817649
CTC-499B15.8,29864,2.2166528760643154e-05,3.0350159966783596e-05
JUNB,29914,0.10614213319713629,0.2114288101948708
PRDX2,29915,7.081027373360918,10.730062367717387
RNASEH2A,29917,1.213595488899807,1.7615965691681752
CTC-425F1.2,29927,7.023256517931528e-05,0.0001260496084748619
CALR,29928,3.8475890276428975,8.535125726568673
IER2,29942,1.278724370285266,2.085322824260286
TPM4,30026,2.556926908820091,4.056243418204482
BST2,30081,2.275389591224784,7.337993017607367
CTD-2521M24.8,30085,0.011603455076251844,0.017845650568134017
FAM129C,30094,0.0013008898274390497,0.00385459782084192
CTD-3149D2.3,30097,1.4131097253120786e-05,2.6045057074691546e-05
RAB3A,30116,0.37472480229543403,0.5813552409029423
LSM4,30121,6.157404412289261,8.845553847862135
GDF15,30123,0.9894094268721435,6.4522084457810704
ISYNA1,30126,1.8580505182036489,2.5932656977366637
AC005387.2,30131,8.744436014609967e-06,1.6613586024353723e-05
VSTM2B,30279,0.005870478795749992,0.008172110238444491
CTD-2540B15.7,30334,1.0011227640897224e-05,1.397430683074066e-05
CHST8,30340,0.03551127593912815,0.07715305294790208
GPI,30345,2.482311476796259,4.076951691550399
APLP1,30426,0.47799871941319827,0.6919485166978391
AD001527.7,30444,7.22265498769866e-06,1.1334269048037308e-05
AC104534.3,30537,2.082231098308151e-05,3.828791696726628e-05
CCER2,30544,0.004274657955636966,0.008538391477301292
IFNL1,30559,7.054945210144946e-05,0.00010012479533112563
ZFP36,30566,0.06660547224910437,0.09172503867143991
DLL3,30573,0.41142816657394454,3.0315992046280447
LEUTX,30583,0.0022056093655797235,0.06916702403766051
TTC9B,30594,0.001034039036939065,0.001439201919549834
PLD3,30598,3.0582067584951513,4.509333988628789
RAB4B,30615,0.21618083374097039,0.31307920826680335
CTC-490E21.12,30618,2.2897918581044665e-05,3.6314242310629994e-05
AXL,30626,0.35129258129104896,0.5114804968088922
AC006129.4,30642,0.0009211179511343018,0.0018418318944687765
CEACAM3,30651,7.517512680989095e-06,1.2278578770023598e-05
ATP1A3,30659,0.01740416043577383,0.024373877063030982
PSG3,30683,1.7830739182236088e-05,3.2908726920571375e-05
PSG1,30686,7.860473380935134e-05,0.00012285054127303088
PSG6,30687,1.7697994842154274e-05,3.758986122913946e-05
PLAUR,30711,0.042022320362049295,0.057620255428929165
APOE,30758,12.477092763760465,108.43445486061466
APOC1,30759,0.5034663651614804,0.7407506948575204
ZNF296,30767,0.05488956934470661,0.10686664810263295
FOSB,30788,0.023656764144732775,0.03581658207649852
CALM3,30837,4.086586890622771,6.163548892329377
BBC3,30854,0.36530667184501153,0.576361794681993
TPRX1,30874,0.0018419274206408311,0.04269037582520748
TPRX2P,30876,6.5499527162452795e-06,9.321291653049563e-06
EMP3,30894,0.29017604670549685,0.40846459875889624
NTN5,30916,0.002015827764017774,0.00276396587734462
PPP1R15A,30926,0.3277965583771246,0.4773801835376928
BAX,30931,2.5374705580818424,4.338449901199602
FTL,30933,76.2305602795587,3152.0429178258764
CGB5,30942,2.1556426577978875e-05,3.423054994430965e-05
PTH2,30963,0.005090917947231744,0.008052317581426244
ATF5,31003,0.3992750388357886,0.7873559263824452
CTD-2545M3.8,31023,0.004917081867500006,0.0069994815164202825
KLK15,31038,1.4189828969711213e-05,2.2602691095934323e-05
KLK2,31041,0.0001542834124798703,0.0002308047046659131
ETFB,31072,4.108232327801455,8.346014417756098
LIM2,31076,0.06337452523423728,0.0868705959418292
FPR2,31096,2.625356261131961e-05,4.302883191039256e-05
HCCAT3,31104,0.0017438024884205278,0.0024331247689212865
VN1R4,31152,6.987381364194968e-06,1.060788201879039e-05
CTD-2337J16.1,31192,2.826785756611656e-05,4.4776606466146345e-05
TTYH1,31200,1.5249717527664184,3.642097804324714
TNNT1,31233,0.99808809341574,2.4534598880178207
IL11,31253,0.05768203680923859,0.10890194301789265
UBE2S,31259,2.657339617056579,20.15269073598015
RFPL4A,31284,0.00018130903137665068,0.002029577371459411
RFPL4AL1,31285,0.00010536368617645141,0.00039382531744989714
ZSCAN5C,31297,5.58807832041403e-05,0.000340444387685947
PEG3,31322,0.007918254858957927,0.01140222034839191
ZSCAN4,31360,0.001394651847582246,0.021182636437155965
CTD-2583A14.9,31373,1.3498390839263397e-05,1.9834534259504658e-05
RPS4Y1,31420,5.294089452227863,50.933922108127476
NLGN4Y-AS1,31477,2.0467782530718832e-05,3.036032730408855e-05
EIF1AY,31493,0.39502992968027256,0.6716005034301051
CCT8L2,31539,1.3840870303941662e-05,2.4047731435753804e-05
AC006946.17,31549,8.069973072794835e-06,1.4149592688746561e-05
SLC25A18,31558,0.016583138125484346,0.025849916611025748
AC008132.13,31572,0.0016624679139489015,0.005961214065230048
GSC2,31582,8.233171139404884e-06,1.4727670395772967e-05
CLDN5,31594,0.0018633943558941934,0.002762035086462323
TXNRD2,31601,0.10794624343256089,0.1633875518052825
RANBP1,31610,5.762915142552388,15.966020065811144
ZNF280A,31677,0.009244318968501202,0.01292077593794433
PRAME,31678,0.04670310151139105,0.10759460428568647
CHCHD10,31700,2.9577307832154314,4.376407624794393
MIF,31708,3.9577635943418588,7.295550693508856
CTA-407F11.7,31745,9.12507451163116e-05,0.00013397715650310471
RP11-259P1.1,31752,6.785364603672674e-06,1.0003365298704308e-05
CRYBB1,31760,0.0014152293474744202,0.00311705438092593
MIAT,31762,0.8117011569436902,2.003643189696641
XBP1,31786,3.187035592215482,8.48206124258563
RFPL1,31801,0.00014742444003131618,0.0007102112845019093
SELM,31849,0.32384374579298436,0.48410620299934903
RFPL2,31875,0.001834896130604866,0.03884753209958977
RFPL3,31881,5.613550567857832e-05,8.298951915856801e-05
TIMP3,31891,0.21379434342832512,0.34946773138191933
HMOX1,31909,0.14907066147554493,0.41314254370893333
APOL1,31922,0.0013706851576496418,0.0020229098623328794
SSTR3,31948,0.0001816873730465393,0.000253957532508054
MFNG,31954,0.43659751648359074,1.1841986280746002
LGALS1,31963,2.496105867643404,14.465180249093692
H1F0,31966,3.2810783573567113,12.444249577695231
EIF3L,31970,11.17688213970111,17.47948770278653
SOX10,31975,0.004822347096459597,0.006814405614453061
FAM227A,31993,0.03560884437441821,0.04884064278541026
APOBEC3A,32010,0.00136914347978571,0.002813314110941637
ATF4,32028,1.7515981535588045,2.570167837770373
XRCC6,32066,4.064338322014903,5.632376153038251
BIK,32103,0.054570355008387424,0.08438377813056845
FBLN1,32142,2.9235927029205464,4.713911217023744
C22orf26,32148,0.00016529764489278535,0.0006345123202511949
GTSE1,32158,0.3920461487684159,0.8384490810368781
PIM3,32187,0.3042285498744224,0.4268786488135589
KLHDC7B,32220,0.00029781916635189033,0.00041372045070365047
CTA-384D8.33,32226,5.497863620346671e-05,8.654422409737629e-05
SAMSN1,32246,0.00011434711385218004,0.00015839493592220455
AF165138.7,32248,0.0004831885683142642,0.0009956592646578946
AF127577.8,32252,0.0004050935658576308,0.0006946850522230987
AP000473.8,32265,9.484456356915618e-06,1.9544503259911176e-05
CXADR,32269,2.2439128438677964,3.497082974628772
BTG3,32270,0.7965405737175578,1.0952685633656496
CHODL,32276,0.008903846663646006,0.014999312249989382
AP000472.2,32296,1.8425564572997135e-05,2.5183521220177e-05
AP000459.4,32301,0.010687734160813995,0.041191261755289615
AP000459.7,32302,0.00016906269882580475,0.0005001313371039304
CCT8,32349,6.207303537402598,8.887337503184952
GRIK1,32355,0.00012504748098579352,0.0001790904820444365
KRTAP19-5,32377,2.5708736088967986e-05,3.948874358568586e-05
SOD1,32398,3.7283615385566873,5.34174120920178
MRAP,32408,0.00039292912340759597,0.000823178715366307
TCP10L,32414,0.025877744446779778,0.06883573315760674
C21orf59,32416,0.7556648769350833,1.6216908709493283
OLIG2,32425,0.03771651118447699,0.08162183022731376
RCAN1,32464,0.027381051025688396,0.038209140393801064
AP000692.10,32481,0.04927663399589395,0.10123099376216671
SIM2,32490,0.22470863820862685,0.33169618736858825
TTC3,32495,2.2480188192395674,3.317287578103154
KCNJ6,32504,0.0034277854359109168,0.005182297670874465
KCNJ15,32507,0.00017683821363442205,0.0002461620680144612
DSCR10,32508,0.00025486630403331244,0.002069915506831414
AF064858.7,32518,3.4950232829621227e-05,4.976659525481398e-05
HMGN1,32526,9.146776663705694,16.959408970026928
PCP4,32534,0.016351164374623705,0.05463338281090254
TFF3,32561,0.42831561960998593,0.8396731288959765
RSPH1,32566,0.026097508624089955,0.05517500348085378
U2AF1,32581,3.2189018660739355,4.6551261048393915
CRYAA,32584,0.0013640432616187997,0.005945286212159161
CSTB,32595,2.404937626857703,3.315928065174262
DNMT3L,32608,0.0002278715398010057,0.0003471981813402243
AIRE,32610,0.00028731758762591395,0.0010099356362048546
KRTAP10-4,32628,1.1467119598501039e-05,1.6309813436948366e-05
KRTAP10-7,32631,0.00032445783212303405,0.0005436141307257346
KRTAP10-12,32640,1.699726340083473e-05,2.373170679381774e-05
MT-ND1,32696,10.0632525164426,38.3912336419486
MT-ND2,32697,12.879506181220687,61.87469217896981
MT-CO2,32699,22.123362068568746,163.28387601877915
MT-ATP6,32701,5.984290428197965,22.97130990007644
MT-CO3,32702,23.416543452646696,203.18550690615405
MT-ND3,32703,4.019103554719682,10.87424995045566
MT-ND5,32706,2.9949182127389298,5.650216485157431
MT-ND6,32707,0.9760377601949294,1.4956093916351376
MT-CYB,32708,8.347447751022916,43.84290728161339
AL592183.1,32721,0.311605173162203,0.4264783790251079
AC145205.1,32733,7.614111429683583e-06,1.2596161859743518e-05
