gene,gene_index,mean,var
HES4,40,2.640774653293716,12.712510476914447
ISG15,42,0.3811513811090163,1.6447822506570196
MXRA8,66,0.5474348860659579,0.8849578416972688
C1orf222,98,0.00393561804714862,0.007411497031519671
AL589739.1,112,1.3691042776084261e-05,2.2895974979813257e-05
HES5,119,0.008537221486197264,0.016663202347249884
RP3-395M20.12,120,0.08552030509169296,0.20225072929137214
RP13-614K11.2,154,0.0006171796408996984,0.0010913206206949108
NPPB,270,0.06626931880457491,4.50303949878933
DHRS3,279,0.10331388702676304,0.15230499549941637
PRAMEF12,284,0.0015778453607458562,0.02603250966391255
PRAMEF1,285,0.0006608364262761743,0.009177536450321122
PRAMEF2,289,5.4188161768012746e-05,0.00014020772290339003
PRAMEF4,290,1.5832463369989846e-05,3.485869263034214e-05
PRAMEF26,297,2.7239670812608275e-05,8.240618108925553e-05
PRAMEF3,298,9.873915064478387e-06,2.3751731647056955e-05
PRAMEF13,303,0.00013568212283497148,0.0007850569445969902
PRAMEF14,308,1.9037388798337374e-05,3.141263613872883e-05
PRAMEF19,309,1.9747830128956775e-05,9.500692658822782e-05
RP11-344F13.1,317,2.132854947739545e-05,6.016221943373495e-05
CELA2B,329,9.887634582177557e-06,2.3817781571283796e-05
C1orf64,347,0.21054728667282543,0.3121477647187179
NBL1,416,0.061511810222940194,0.11443873409301149
PLA2G2A,423,0.0021363324466815445,0.0573726027676821
PLA2G2D,425,0.0002311140469248621,0.0012794646284759155
LINC01141,434,1.233943394178415e-05,1.968910299375467e-05
CDC42,464,3.091547185610554,6.333571830222631
EPHB2,472,0.2798394333278262,0.4161137640939277
RP11-69E9.1,473,2.5371006737548146e-05,4.568898185131071e-05
HNRNPR,482,3.723720698835906,5.7966477968241055
C1orf213,484,1.355538794507805,2.001402860813443
ID3,490,2.810560335538927,9.755125584902679
CNR2,500,0.0003308094958575788,0.0004912898458231682
STMN1,544,8.114725576248958,41.38788545968062
SH3BGRL3,556,3.2593292838730332,9.12567890841065
CD52,558,0.016535895993147504,0.02481485435465274
HMGN2,564,10.660687376089285,46.39881433841046
SFN,570,0.011139417030998787,0.0427184820235521
IFI6,594,0.04697108584544082,0.074604003649572
EPB41,628,0.409864507449779,0.6404035407493602
FABP3,654,0.08005989935813994,0.2008106351730829
RP11-439L8.4,658,4.2704424391459376e-05,0.00016359211135708206
TINAGL1,660,0.003481194289540943,0.015516214253570847
MARCKSL1,688,9.384542664280467,18.3017745506163
HPCA,704,0.031213932655304314,0.05141551564654188
A3GALT2,714,6.0445582999323e-06,8.901140354850978e-06
CLSPN,744,0.3948634723752222,0.6694726891426663
CDCA8,776,0.5710551826297702,1.3142575879533795
POU3F1,789,0.4140111060349264,0.6546370863182007
RHBDL2,797,0.002009661078278377,0.00555931869514761
NDUFS5,799,7.952107546803873,11.581868881731943
RP11-420K8.1,801,0.00015442698321376896,0.00022938519782676945
SLC2A1,868,4.113344544195848,13.382551943948481
CDC20,878,2.166158584100742,10.937104959059008
ATP6V0B,895,1.8068880696301253,2.6438232058207425
KIF2C,906,0.5119780156930482,1.219181149449681
PLK3,910,0.2390349880694249,0.4242879393218451
PRDX1,924,8.563817577517312,20.157064382317017
NASP,926,2.4489723235285665,4.51737164806951
UQCRH,941,11.800388369016883,17.081915047036716
LINC00505,945,0.10311296177665517,0.1544581214682354
FOXD2,970,0.0018026516198870214,0.0032122805938989917
AL109659.1,978,6.124319694559347e-06,9.137601667184891e-06
ELAVL4,988,0.09430390663842353,0.2590271818999092
RP11-567C20.2,989,1.3318887035241023e-05,2.1931767854606027e-05
DMRTA2,991,0.12421613831272152,0.2509379945295818
FAM151A,1071,0.00025575464935214423,0.0037959323356878895
RP11-12C17.2,1083,1.0877835316211624e-05,1.6175569081440473e-05
TACSTD2,1107,0.005598837845584506,0.08944814039558774
JUN,1109,0.2593623615039618,0.6614990272255135
RP11-335E6.4,1147,8.383610447297571e-05,0.0001523193239177427
RP4-792G4.2,1150,0.005978884582479446,0.012284939441355875
RP11-24J23.2,1158,0.00037296610839209653,0.001001635489432066
RP11-342H21.2,1178,1.671169420739622e-05,2.481881315190589e-05
GADD45A,1186,0.7034680533389448,1.8172216223724034
WLS,1190,1.0550023395202321,1.7195002835188522
DEPDC1,1192,0.2431187484254617,0.4454884047230873
RP3-333A15.1,1211,1.553225754005336e-05,2.940929620877167e-05
RP4-788P17.1,1220,1.3484173020138915e-05,2.267782813502297e-05
IFI44L,1264,0.00022600906615891949,0.0003533688525177395
IFI44,1265,0.00014116371923704476,0.0004015281409124346
RP5-837I24.4,1274,8.655998570327068e-05,0.0002226359932713814
RP4-601K24.1,1276,6.085218237274925e-06,9.021294025614718e-06
CYR61,1302,1.2792932312746026,6.946712183522058
GBP2,1329,0.00037392320108893816,0.0030012482600030653
BARHL2,1344,0.027205030763584707,0.04630552014015279
ARHGAP29,1376,0.4340000253818143,0.6934842606812698
CNN3,1386,3.942632898730826,6.4906320673948095
RP11-14O19.1,1396,6.178197597934059e-06,9.299082047040916e-06
RP11-14O19.2,1397,0.00014902906495785362,0.0002355186585205513
PALMD,1416,0.0006788625787742416,0.0010746474957848368
RP11-157N3.1,1444,2.318067751632156e-05,3.602290934803774e-05
VAV3-AS1,1468,3.182635371295325e-05,4.831694361169113e-05
RP11-356N1.2,1469,3.805721802815086e-05,5.72310331318151e-05
GPSM2,1484,0.13033069058753818,0.1894813226452134
C1orf194,1491,0.02346307359593351,0.03701733128883462
PSRC1,1495,0.39014410841751396,0.8268850573170377
RP5-1160K1.8,1504,2.4277785578479958e-05,3.9753845328704906e-05
RP11-195M16.1,1519,0.0005809484096705964,0.0009159606072352063
PIFO,1558,0.2385667463069861,0.3839398615829935
CAPZA1,1577,1.2487279189439215,1.8746909660293085
RHOC,1580,1.228618070203501,1.7995953360369341
CSDE1,1611,3.130611625723967,4.8168043624972405
NGF,1618,0.009191843238123724,0.014982593909866867
CD2,1635,0.0003716496776577475,0.0007188674265103708
PHGDH,1663,3.998084314378671,8.808060044370984
HMGCS2,1664,0.0013849211747719446,0.0020658131738060187
RP11-289H16.1,1703,6.441401147807372e-06,1.0108278759957146e-05
TXNIP,1722,2.3164815616752112,4.276671754017171
RP11-337C18.8,1746,0.008738666024796445,0.014329664262583077
GJA8,1757,7.124058962663918e-06,1.236435654803914e-05
PPIAL4C,1794,1.180023605123018e-05,1.8082838811717375e-05
RP11-277L2.5,1797,3.362959049537219e-05,5.683046301628438e-05
HIST2H2BE,1815,0.18328953851323945,0.4766937763694107
ANP32E,1825,1.8725851520587136,3.21698536751362
C1orf54,1829,1.0479645340213157,1.6129486981086034
CDC42SE1,1857,0.22013960823626566,0.322940243779403
MLLT11,1858,1.4262269549801332,3.328560223650956
CELF3,1883,0.01745345956033214,0.026991292581756338
S100A10,1900,1.5889142633097553,7.004577588847226
NBPF18P,1901,0.006614098220634604,0.03227513850823712
S100A11,1902,0.8510586016387256,6.429055064333497
SPRR3,1941,0.0015329905007974293,0.06728336284181731
SPRR1B,1942,9.942985652895196e-05,0.0003080652682559299
SPRR2D,1943,0.0002761788238614361,0.0015561727013296868
SPRR2A,1944,5.4019353728280024e-05,0.00020629441903202489
SPRR2F,1947,6.439406244401004e-05,9.312124841616738e-05
PRR9,1951,1.062805157633398e-05,1.624996655379775e-05
S100A9,1955,0.00017788277270682615,0.0013769999048191613
S100A6,1962,0.44339823939998996,1.3498960581050492
S100A16,1967,0.11994411455212049,0.20289869891689247
S100A14,1968,0.0018676476465991382,0.0037938920673362907
S100A13,1969,1.6669524432345264,5.300370140429237
ILF2,1974,3.2661747255236575,4.712611814811435
RP11-216N14.9,1978,7.276544370380476e-06,1.2899321593234562e-05
CKS1B,2016,4.485357691494645,22.454081854079227
EFNA3,2025,0.24981517112730273,0.3793752718270428
LMNA,2066,0.2889253802798663,0.5124089531167973
C1orf61,2081,0.00039718200934532035,0.0005911320926953275
NES,2095,1.4775400485907015,3.185421705729425
CRABP2,2097,14.698581029910969,61.6468471192002
NTRK1,2105,0.033376216737717575,0.07373583060863798
ETV3L,2110,0.004350191655609189,0.006397984034995007
OR10K2,2132,6.211993861877502e-06,9.401096748064542e-06
CCDC19,2168,0.006605801246644225,0.009907140400827207
TAGLN2,2170,0.7485346692173974,1.4552387388904473
RP11-536C5.2,2176,1.2394904577526033e-05,1.8618715743070227e-05
KCNJ9,2177,7.798192380920802e-05,0.0001285721946124016
ATP1A4,2180,0.0011975245757753622,0.0017326679312577962
NHLH1,2190,0.14983614865368636,1.2518252205326292
CD48,2197,3.545239293065368e-05,0.0001680084275964559
AL590714.1,2225,1.654094057534908e-05,3.552496371342817e-05
MPZ,2230,0.025380092043109065,0.041257457002870646
C1orf192,2232,0.0013261653883329578,0.0029035302501194907
HSPA6,2236,0.0014336042927197777,0.013523205308764961
SH2D1B,2254,7.407834938624191e-06,1.3369004941403942e-05
RGS4,2261,0.135798578559874,0.2648783219593806
RGS5,2262,0.03235248510509995,0.04734853536295578
RP11-77M5.1,2265,7.164221752207757e-06,1.250416019847985e-05
NUF2,2266,0.46711562881929763,0.9718326125998084
LMX1A,2269,0.106001119475503,0.17227753785798364
RXRG,2272,0.007218195538560291,0.013477798280863745
MAEL,2293,0.005750681079268817,0.011640259210786374
ATP1B1,2323,0.5653671549189219,0.8972213679183627
SELE,2334,0.00020971191419074064,0.0005077880411473473
RP1-79C4.1,2346,2.494896153005057e-05,3.650655198529722e-05
PRRX1,2347,0.04064838691600221,0.07979432761109416
PRDX6,2373,12.355991570479798,31.17080605129931
ANKRD45,2376,0.037580017602681065,0.05440190802468714
RP11-33M22.2,2458,6.123617522225432e-06,9.135506413113399e-06
GLUL,2464,3.6602182855272285,11.152344966676843
RGS16,2469,0.49043202605819236,1.735761162901506
PDC,2511,1.1174596587162328e-05,1.7049801589825237e-05
ERVMER61-1,2520,0.00031427571964196975,0.0005374142411953106
RGS1,2541,0.0019987483670165116,0.0032094965991353755
RGS2,2543,0.6464417706706417,2.2931620295174686
B3GALT2,2550,0.0011900848490011735,0.0017915139372143075
RP11-21J7.1,2552,1.162815294027625e-05,1.8636371899975065e-05
CFHR5,2563,0.00011107150169839142,0.00016828488385796782
ASPM,2565,0.2228409385752397,0.40215294622650305
LHX9,2572,0.0006335053003306562,0.0010673080576295492
PHLDA3,2607,0.41372890571606796,0.6343490149543888
CSRP1,2608,0.3014425420661483,0.5342399739231455
ELF3,2624,0.1773884861492257,0.30703862921968894
UBE2T,2629,1.1653417763114011,2.563815944664766
MYBPH,2649,0.0012559836745858624,0.0029543733347952546
BTG2,2654,0.6394405246849127,0.941525847938411
LAX1,2659,0.0001515566015551018,0.0006242167149730242
SNRPE,2662,7.261836904510248,11.401244099285954
MDM4,2676,0.41132792617846015,0.6479828699325536
KLHDC8A,2689,0.02157360956942021,0.03578097756863547
NUCKS1,2697,7.330225774044322,22.269546401228872
IL24,2725,3.877663456468785e-05,5.921488376370076e-05
MIR205HG,2752,0.01973804972073851,0.09912223043510007
G0S2,2757,0.055238502982114655,0.09295059822839087
SLC30A1,2774,0.08207837992448887,0.12384139702584766
NEK2,2777,0.3892025481289226,1.2264409425705165
ATF3,2794,0.13488542499899947,0.42279717825616314
CENPF,2814,2.214782099288655,17.84687764835978
HLX,2858,0.00028486804232721034,0.0004400718373609312
RP11-449J1.1,2899,1.2219399660905855e-05,1.8580414971900804e-05
LBR,2901,0.28293002898401165,0.4143939816039942
SRP9,2905,4.784607037564188,7.052489508027723
LEFTY1,2909,0.000792189627313438,0.002736734340280798
LEFTY2,2912,0.0449827635955131,0.6381863416558242
MIXL1,2919,0.008335354552038396,0.01247374418536074
RHOU,2960,0.6811743063148543,1.0638327318349885
TMEM78,2963,0.0005800719361440622,0.001166453175959056
ACTA1,2969,0.3995194880223491,4.918132107226459
RP11-544D21.2,3070,0.0005117613956983184,0.0028521924664357493
GREM2,3079,0.002813513493488286,0.005511739965692483
ADSS,3112,1.310212778651595,2.7447670713966756
HNRNPU,3117,3.2606899607693034,5.299552291396045
RP11-36N20.1,3127,1.590550189267352e-05,2.591375634066034e-05
OR6F1,3154,1.687449323000343e-05,2.516705457931051e-05
OR2L3,3169,1.444279630587284e-05,2.6044126607713134e-05
SOX11,3268,2.1869494647595875,11.738241307868568
RSAD2,3279,0.00042741020243410667,0.000626618823527685
RP11-439M11.1,3280,0.00010016125733674969,0.00021032722754145812
ID2,3294,0.2794071001985842,0.6858324005713692
RP11-400L8.2,3306,6.339640216873037e-05,0.00010126770438977484
YWHAQ,3308,5.156030815286323,8.070576341454466
RRM2,3323,0.5015794266878281,0.9566672389269799
ODC1,3326,9.609947573966744,25.386739234284747
PDIA6,3335,6.039834825478301,10.016432703514546
AC010745.4,3379,1.593008856704226e-05,2.7971855942305444e-05
VSNL1,3386,0.07157076294653314,0.11176797312032345
LAPTM4A,3407,3.8112753715525627,6.531614518313662
RHOB,3412,0.23348947752232702,0.3787525141567352
AC009411.1,3428,7.198037588899183e-06,1.2622480888919055e-05
TP53I3,3448,0.44570380965159284,0.6547646369465443
POMC,3465,0.005746549428751443,0.011680520317636906
DRC1,3481,0.027224336821133472,0.04751238386564849
CENPA,3488,0.3196717234306439,0.8091792430398367
PPP1CB,3545,1.0182107142105836,1.8075734597963233
LBH,3559,0.09269289673812099,0.16115046094503094
AC020594.5,3587,0.00022319469167394833,0.00033084620914874843
RP11-529E15.1,3593,3.114110042938439e-05,6.227349814256382e-05
CYP1B1,3621,0.02595926305936436,0.14138523313869691
SRSF7,3633,1.8265797397515835,3.292025014332609
ZFP36L2,3667,1.3671294008185804,2.670472020420561
SIX3,3681,0.25499986066458213,0.3715621454835377
CALM2,3713,12.423893872397105,80.9330912063067
BCYRN1,3716,0.04480914336228357,0.0675735228109
EPCAM,3717,0.3526603135755604,0.5442237488553806
AC087073.1,3738,9.725764775780867e-06,1.644975386524896e-05
EML6,3756,0.005969439388886803,0.024219995698361904
RTN4,3758,2.855823558261638,5.083253691563831
EFEMP1,3769,0.5561730576674822,1.0163448739434051
AC011306.2,3771,0.0042989740096785285,0.006372711526543256
AC010733.4,3789,0.0002123130638931555,0.00031331075129614305
AC092155.4,3808,1.0917048582818904e-05,2.9035345875656657e-05
AC007403.3,3855,6.0699930859371095e-06,8.976207407061813e-06
AC010987.6,3863,1.546820009511168e-05,2.2570341750872727e-05
SNRPG,3902,3.107132389234596,4.704122676626044
EGR4,3939,0.003476914215450378,0.016668315953142995
ACTG2,3947,0.07423911116958887,0.20384255605227836
MTHFD2,3958,1.2497006613445776,2.4946335005772022
AC005041.17,3973,9.781180118509698e-06,1.4363608016093952e-05
GCFC2,3997,0.38177341093167005,0.6525054655448468
REG1B,4009,0.00020003611925221052,0.00036644923841376185
REG3A,4011,1.159872360106732e-05,2.111215859044665e-05
AC084193.1,4017,7.065587824656133e-06,1.2162226673384139e-05
TRABD2A,4025,0.034806856218098765,0.07375001867145933
TMSB10,4027,17.52985048876748,103.3585986234537
VAMP8,4039,0.1064300847141703,0.19200133695059657
CH17-132F21.1,4082,2.7169474375261508e-05,4.524418963157927e-05
RP11-440D17.4,4097,1.8878053418145224e-05,3.046102740600056e-05
TRIM43,4098,0.014242826070814608,0.9815434014378036
ASTL,4104,2.3585633757554572e-05,4.28036801939902e-05
CNGA3,4137,0.00045350747604765645,0.0006848815838100691
LINC01104,4159,1.723199265249713e-05,3.266438704897569e-05
LINC01158,4210,0.012033876409742926,0.018567893601895608
AC009505.2,4229,3.659278000849427e-05,5.855893718510359e-05
AC009505.4,4230,6.763838194222435e-06,1.1145586106551543e-05
BUB1,4278,0.22730804269365473,0.42413547745954244
CKAP2L,4305,0.18493596375085686,0.3054065371536739
IL36RN,4312,6.690112374493314e-05,0.0001041058833121346
AC009303.1,4346,1.3758814394615197e-05,2.3762617456648115e-05
EN1,4352,0.009041792539332552,0.015606617331466803
CFC1B,4437,1.2438361949874227e-05,2.0298613040903368e-05
CFC1,4442,0.00028693612310044293,0.0004169166997355718
LYPD1,4469,0.5870227128596233,1.412384886697669
NCKAP5,4471,0.016808935295141277,0.02431298893858337
TMEM163,4477,0.006985392169469572,0.012748709652214411
MAP3K19,4481,0.00016891266879297978,0.0002596057066167556
CXCR4,4492,1.2979590544034738,2.2218208544937754
KIF5C,4538,0.42338735448187365,0.620692724757748
AC007364.1,4543,3.445098337316805e-05,5.331342083007948e-05
AC016682.1,4544,7.311431815024009e-06,1.302330954958705e-05
RND3,4546,0.3240574760683002,0.49596273066596974
KCNJ3,4573,0.003034666677574961,0.016470927038672065
SPC25,4653,0.3318629712166698,0.49046645656539345
DHRS9,4656,5.6197496650787774e-05,9.17417323425133e-05
SP5,4674,0.917215362674219,1.344979785507963
CHRNA1,4722,0.0007978420798598259,0.001763860912537185
AC016751.2,4730,6.561771590632286e-06,1.048959542825259e-05
HOXD-AS2,4737,1.92032969519618e-05,3.108829039909786e-05
HNRNPA3,4756,4.560479780747302,6.649907656381078
CERKL,4797,0.0005818957370341502,0.0008423160348239165
NEUROD1,4798,0.08030637919271336,0.3284028464097441
FRZB,4806,1.162795722187817,3.1490112836452964
ZSWIM2,4825,0.00019243663395948407,0.0004800105111021142
TFPI,4828,0.4312358638286025,2.658464371811492
COL3A1,4832,0.0015161825199242833,0.0035891036318065994
TMEFF2,4866,0.00950916444187635,0.016327206508422076
C2orf66,4886,3.6029474364248786e-05,5.2999020237728585e-05
HSPD1,4893,11.502422063239104,22.02367522206393
HSPE1,4894,5.251101182718791,11.270880965623842
RP11-486F17.1,4907,3.855768034947802e-05,6.48998830275822e-05
SPATS2L,4914,0.3919337327647379,0.5891557895542425
SGOL2,4916,0.3421272855337704,0.6857592064390738
NRP2,4971,0.47299182548445756,0.8185025756782833
MAP2,5017,0.6738095135401316,1.1180027078640395
AC107218.3,5038,8.817844987289917e-05,0.00013508137338031032
FN1,5046,0.07668497612289596,0.2472231068608784
RPL37A,5068,52.41952371081548,205.0270512920938
IGFBP2,5071,6.838297126861995,53.988449305525954
IGFBP5,5072,2.7375600008132444,18.95920367448455
TNP1,5076,0.00013184810335253698,0.0001921785627318742
AC007557.1,5080,2.2087403266174465e-05,3.929153166268377e-05
PRKAG3,5111,8.492195514680161e-06,1.756938162287982e-05
WNT6,5112,0.0017810888479830329,0.0033029011137304318
AC097468.7,5115,3.780620768862301e-05,6.390105243705938e-05
FEV,5118,0.0004240027920346808,0.0006931491035827896
CRYBA2,5119,0.0006969819973737258,0.0014677553802030488
TUBA4A,5134,0.024783251376302023,0.04091812378459378
RESP18,5138,0.0045307279349969575,0.007125234031427594
DES,5141,0.008942955156980188,0.01577479992621339
ASIC4,5147,0.009752941076396647,0.016026934866814925
PAX3,5167,0.04768437622048767,0.11873598486669837
CCDC140,5168,0.002387295824336517,0.006654158454512181
ACSL3,5174,0.44570269528893003,0.6439466479769083
AC097461.4,5175,2.325523867646869e-05,3.8957111094992384e-05
SCG2,5179,0.0019647713878909352,0.004566873812035702
SERPINE2,5184,0.598438223934881,1.0278292442479975
NYAP2,5189,0.0010860031210667609,0.0033254975214912054
IRS1,5192,0.1484547701159617,0.2197277658083076
TM4SF20,5199,2.3163804584262867e-05,3.600125851152613e-05
ITM2C,5221,2.3310570004038,4.314303568762193
NCL,5233,6.118217042828468,15.679030163358995
PTMA,5237,46.75327529625692,317.2140696599595
ALPP,5243,0.00015551080284800255,0.0004623025790314307
ALPPL2,5245,0.013441044691862877,1.001398092776454
PRSS56,5249,0.004019947411905643,0.01601306206677436
SAG,5264,0.0005907436276086193,0.0017012423091147838
HJURP,5279,0.31916342874832476,0.6302835258207373
ARL4C,5287,0.5569869873546935,0.8968255068963397
ACKR3,5299,0.006756661012375149,0.009919433458674975
COL6A3,5306,0.007647976804236528,0.012463481688284185
AC112721.1,5307,8.691957892047994e-05,0.00027997650476981566
PRLH,5310,8.374933224235058e-06,1.7087526032697027e-05
AC104667.3,5312,0.0028350926908423824,0.010031930362633192
RAMP1,5316,0.007209650812725935,0.011819549072893962
HES6,5325,0.32277217197684793,2.3963030611551104
AC093802.1,5344,0.00031788250710475344,0.0014027399847485324
C2orf54,5367,0.00024600416884418757,0.0005999053003120439
CHL1,5410,0.015045139506295132,0.02430300470078133
BHLHE40,5433,0.24608982066906399,0.889309821483311
LMCD1,5450,0.061603134723415505,0.10320224939037831
FANCD2,5489,0.2993430447286894,0.4356075015848258
TMEM40,5518,0.0024709377648252304,0.005330326903705381
GALNT15,5560,0.0011802474527698832,0.0017542250953885606
ZNF385D,5586,0.1261034019239319,0.33706573854285177
AC133680.1,5599,2.0817271744851198e-05,3.405458008046773e-05
EOMES,5612,0.0013670699030644963,0.0025145304032008434
CTNNB1,5713,1.1741406075229452,4.059807130129292
CCK,5716,0.05985569494056743,0.5102706092174987
HHATL,5727,0.00044235481953234645,0.0006503330342933519
TDGF1,5798,0.00044928329438555237,0.001856249104240669
TMA7,5830,6.062657004880491,10.480385284438718
KLHDC8B,5865,0.7009459540041119,1.125427904628201
RP11-3B7.1,5868,0.0001344902168592069,0.00029727412861829965
BSN-AS1,5880,6.059781224870032e-05,9.497978015253483e-05
CAMKV,5891,0.05401517203562856,0.09210707908664827
ZMYND10,5913,0.008730146759192666,0.013183285491033498
MANF,5926,1.4179233337087427,2.3895493110245734
GRM2,5931,0.009127520799704367,0.01510982333664979
IQCF5,5936,6.551301149098409e-06,1.0456145739248121e-05
PCBP4,5941,1.4855212983726394,5.096284789902246
CACNA2D3-AS1,5995,4.5964801372119504e-05,6.79932041726329e-05
LRTM1,5996,0.09046399228272589,0.3325650208841737
RP11-64C1.1,5999,8.13123881091449e-06,1.610756660229839e-05
WNT5A,6002,0.03991649469522085,0.06055200855607298
FAM107A,6038,0.3408768784306336,0.5459884220838618
FEZF2,6051,0.35404567781373525,0.6347456432080536
SYNPR,6054,0.0003564219055289773,0.0005344324092342252
RP11-85I21.1,6083,2.7973910402841698e-05,5.015358657906986e-05
FOXP1,6100,0.37748058832351883,0.5465190362663253
FRG2C,6125,6.384299710703485e-05,0.00014007221488795726
ROBO2,6128,0.019090714354849436,0.0294585352164888
RP11-354H21.1,6129,0.00037785440342432065,0.0006200603701302044
GBE1,6138,0.7689097643310566,1.1310858781797053
VGLL3,6149,0.0015831886013069822,0.0023575919694674985
RP11-451B8.1,6152,1.2113671590847542e-05,2.55108555444182e-05
EPHA3,6158,0.0030231564846935955,0.004532408196660406
NXPE3,6217,0.047680785920863125,0.09409107947401839
ALCAM,6224,0.16246470937710367,0.2409288897167588
RP11-446H18.5,6228,3.3588316707720925e-05,5.0819306940104595e-05
CD47,6235,0.2315414363009137,0.3408893687274222
IFT57,6237,0.9612008944467989,1.7321316727985714
TAGLN3,6265,0.4638328647291358,3.005609186219945
BOC,6288,0.12656206111948906,0.20082732481335222
GAP43,6315,0.13969918309039478,0.9072264117983283
FSTL1,6352,1.1156798835636927,2.3650438195851144
FBXO40,6361,2.030449571844879e-05,3.780673490797984e-05
SLC15A2,6366,0.003751998707643957,0.006181168601282728
FAM162A,6372,5.39888473622667,13.272808346978639
MYLK,6391,0.037215262251303116,0.07099544790073584
ALDH1L1-AS2,6417,1.8634098931935823e-05,3.464522791466022e-05
MGLL,6439,0.00403434452248181,0.006537317143015725
RUVBL1-AS1,6443,1.803908421266001e-05,4.8538615273757644e-05
GATA2,6447,0.003871892882877634,0.006868477510610108
H1FX,6467,2.131977024631808,5.91046913972213
TRH,6478,0.024290419478054014,0.0634047561184434
NPHP3,6496,0.07134478163526484,0.10697500562691863
CDV3,6506,0.6159235501837111,0.9165882152254805
RP11-102M11.2,6527,0.005960103509091648,0.01119378487640872
SOX14,6534,6.26301903723359e-06,9.55617197243702e-06
RP11-2A4.3,6535,1.1381466832426375e-05,1.6901832820714538e-05
PRR23A,6552,0.00012844422607878156,0.0002621879381576232
RBP1,6562,2.3336968774499947,6.074520418600129
GRK7,6582,0.00012679228272372695,0.00023857212000797154
PLSCR5,6616,0.0023161830222455508,0.00554467657628227
GYG1,6634,0.5579833939279388,1.164150875644269
RP11-206M11.7,6639,0.00017481540033093421,0.00046067739531024514
TM4SF18,6640,0.0021699633874518683,0.0059441874790406475
TM4SF1,6641,0.0022800641229316766,0.009745864973834471
TM4SF4,6644,1.7012268494313495e-05,2.5066984236486326e-05
PFN2,6650,3.3900065848411276,6.009280392086591
SMC4,6760,1.3547041408818645,3.562819882668844
TRIM59,6761,0.295243426751451,0.5799623428197997
NMD3,6767,1.0408416180719031,1.7660216477630113
SERPINI1,6790,0.08729898711408739,0.1299439652275122
CLDN11,6825,0.09761084398052075,0.3106131155083073
RPL22L1,6828,1.206734913710169,1.9866364056413877
NAALADL2-AS2,6851,6.22866739656611e-06,9.45163141865384e-06
RP11-644C3.1,6856,6.708578454840074e-06,1.0964214024568085e-05
RP11-114M1.2,6863,1.1020742065724313e-05,2.9589538130909812e-05
RP11-2L8.2,6867,1.8152523578434872e-05,2.9952789061401356e-05
SOX2,6903,3.5507636767413175,6.843038877037118
RP11-329B9.1,6957,0.000348275560471169,0.0005633216507172495
EIF4A2,6985,10.733069127299146,22.274382865668798
ADIPOQ-AS1,6990,2.2103138287597256e-05,3.3529252796107964e-05
SST,6998,0.011283831005414531,0.8764809958095454
HES1,7051,2.246179668163002,6.033159648830893
AC090505.4,7069,0.0006982370166540012,0.006176817936170899
AC055764.1,7132,2.0357829499429555e-05,3.2027445727740114e-05
SPON2,7169,0.030079697797131898,0.05794694613179109
NKX1-1,7176,6.375233026655e-06,9.90167457348088e-06
TACC3,7183,0.31069376543592714,0.6188597871285823
NSG1,7226,0.09005038961566,0.13333691798789263
MSX1,7230,0.15569037097902677,0.31458301916118186
CRMP1,7236,0.36168259955411386,0.6514688256104122
S100P,7250,0.001234845633270395,0.004963511482654671
RP11-1258F18.1,7267,8.494898511176708e-06,1.7580567402436445e-05
RP11-1338A24.1,7279,3.0289451875425662e-05,4.9267016591217706e-05
CLNK,7310,0.0023349800591666047,0.003483226020006492
TAPT1-AS1,7348,0.02486360599351861,0.0845923916594248
LDB2,7350,0.08657787146044747,0.12823243543930934
SLIT2,7366,0.29820126192993374,0.49363062101477945
SLC34A2,7393,0.002823034686593394,0.0510881848937295
RP13-494C23.1,7397,2.4958064937467462e-05,3.7001888728240855e-05
RP11-240A16.1,7420,1.1804770567619303e-05,1.7612893111042018e-05
RP11-617D20.2,7446,3.554599421537999e-05,5.5303346878727127e-05
TMEM156,7453,0.0009579241491332241,0.0035281844613765045
UGDH,7462,1.4394436088238796,2.3047836021490165
RHOH,7469,0.0577496192808022,0.08399620543531768
RP11-588L15.2,7474,7.831186137730978e-06,1.4940722448070821e-05
UCHL1,7479,2.9539988447185817,7.587229291109573
PHOX2B,7482,0.00037963395106519555,0.0007579461256249509
GABRA2,7510,0.12404562103334994,0.18361131671174372
COX7B2,7512,4.17350283875649e-05,6.809679525123195e-05
CORIN,7518,0.011426293964396712,0.024283553637728054
TXK,7523,5.950008666634304e-05,8.845304949343457e-05
ZAR1,7527,0.0003794092104117037,0.0011594202226291787
OCIAD2,7531,1.5213408627264258,2.425487873167055
CWH43,7532,6.427438438714505e-06,1.0064503510138081e-05
RASL11B,7544,0.20648194436659048,0.3878079258603189
HOPX,7586,0.0020626894382705058,0.009910111735156095
IGFBP7,7592,0.0416828570350228,0.4507213970797172
IGFBP7-AS1,7593,4.4445161719676135e-05,6.895737426715569e-05
SULT1E1,7650,1.9176835330665896e-05,2.824284433599538e-05
NPFFR2,7678,0.005357960130768074,0.008704765011665536
IL8,7691,0.0002256415846349541,0.004696207906843367
CXCL6,7692,0.002797721378359627,0.004044662013519881
CXCL1,7694,0.000518954163324823,0.001144899232124666
PPBP,7696,1.3672683049156858e-05,2.283268112977412e-05
CXCL5,7697,0.011805119839392522,0.03013601807427918
CXCL3,7698,0.01778934125651734,0.030757497219568733
EPGN,7702,5.2259211182569345e-05,8.474304565783802e-05
AREG,7705,0.00011896380594363562,0.00030836337983615935
SEPT11,7745,1.7329937434709572,2.569480219831696
CCNI,7746,9.804787327653793,20.094419267781774
ANXA3,7753,0.04903743740749186,0.08361866334123688
RP11-452C8.1,7763,1.1460788574201839e-05,1.8776544530970246e-05
BMP3,7770,0.015939529331322033,0.023174345046121165
RASGEF1B,7773,0.09921744353003283,0.18874967733966366
HNRNPD,7776,3.3728666609115314,5.650055721453796
HNRNPDL,7778,6.616851331257722,12.014623640906635
SPARCL1,7816,0.0009147950802733349,0.0016902322618667421
IBSP,7820,4.8226982028864553e-05,0.00010546463978270056
SPP1,7822,0.06556333510859055,0.757085473406724
RP11-115D19.1,7839,0.09811668245520808,0.1498589103780148
ADH1B,7881,0.00011429019582096742,0.00022086220141640238
H2AFZ,7891,7.822566719377892,35.78715934897318
DDIT4L,7893,0.039711562386880166,0.06455423399341434
SLC39A8,7900,0.3339491974167694,0.9389283616387372
CENPE,7911,0.2240927125764629,0.3722635812717142
OSTC,7950,4.706947889259224,6.974400329286173
PITX2,7970,0.12179639574388502,0.2966006199410649
C4orf32,7976,0.004419812820533593,0.006536956587603684
NEUROG2,7982,0.0902581388338905,0.1693862519617421
MIR302B,7986,0.11957837436269679,0.25291216370511493
RP11-650J17.1,7990,0.00010815983083853396,0.000167448161250201
SNHG8,8006,3.6798399351918745,8.543604491707258
C4orf3,8016,3.961268810441748,6.711095406257703
MAD2L1,8024,1.5159484698181207,3.7776878331113783
ANXA5,8032,1.6178248312646486,2.419731065554903
CCNA2,8036,0.6991222774596918,2.075545061591758
IL2,8042,6.971453671865961e-06,1.184031305138655e-05
RP11-93I21.3,8056,2.697310686656551e-05,4.13594795346116e-05
HHIP,8172,0.034312019068332526,0.060418104462298325
POU4F2,8194,0.0001396855674491837,0.00023248664191892102
MAB21L2,8217,0.2211477005856,0.32321675185486665
MND1,8248,0.7030783811591065,1.0195359415282321
SFRP2,8253,0.707680368255332,1.2750730285640453
MSMO1,8318,0.8278458661827136,1.8742513511577221
CPE,8319,0.7064256359820039,1.4611714073909847
PALLD,8329,0.4205624872209059,0.6525466829068636
HMGB2,8355,14.664275335251597,169.9214811234533
RP13-577H12.2,8377,0.00010859243016106304,0.00025393572356437275
GPM6A,8380,0.098295237902038,0.14317188428661
RP11-290F5.2,8425,0.002067068566613385,0.0032672606001753115
RP11-701P16.5,8436,0.0002410116867288199,0.0004333668292689494
RP11-386B13.3,8440,8.380193400255676e-06,1.7108999206375023e-05
ANKRD37,8446,0.29426908495977905,0.6556292921472648
RP11-301L8.2,8453,9.323344257446947e-05,0.00016347246327528124
RP11-696F12.1,8469,2.1863578861947597e-05,3.6832875041749484e-05
RP11-91J3.2,8472,1.0708659247651972e-05,1.673603837187181e-05
TRIML2,8478,0.0008218518861379245,0.0012289732895494358
CTD-2194D22.2,8544,1.4836788872322788e-05,2.8362032431304062e-05
C5orf49,8606,0.0146253071153936,0.021480885063182447
RP11-480D4.2,8611,7.733041039560248e-06,1.456857655319808e-05
CCT5,8631,3.152283133481342,4.754089300936558
CTNND2,8649,0.04288695157162655,0.06212994093787774
MYO10,8675,0.6118456582698986,0.8926850428510609
BASP1,8676,2.4971153078988846,4.944835007819449
LINC01021,8713,0.5208601134456465,0.8699409901844295
CDH6,8719,0.13378331331061466,0.2190276619194566
CAPSL,8764,0.0021041048836853006,0.0030563691757808788
RP11-79C6.3,8765,9.515280177942282e-06,1.6142380385735513e-05
SLC1A3,8773,0.052440987712620395,0.07570884975456221
DAB2,8805,0.23984253372125552,0.4299492658716495
PLCXD3,8817,0.0031153785620323176,0.005236485293656129
SEPP1,8824,0.39500449737529914,0.6326245831231575
CTD-2035E11.3,8827,0.002729971712622829,0.004883017772166181
CTD-2035E11.4,8828,0.0008967424830354669,0.02026546491927791
HMGCS1,8835,0.2283445943822525,0.35134313959938
ISL1,8865,0.0032629064823612754,0.005679995397963774
FST,8876,1.9240896033843786,7.543301668907269
LINC01033,8881,0.00025567693685724205,0.001184701330985559
GZMA,8889,0.00019769632946913858,0.0005294442355940749
CDC20B,8890,0.0005003585886987654,0.0011773192358149234
CCNO,8893,0.004234699939433989,0.014418456420610544
ACTBL2,8920,1.0905661586195854e-05,2.069558218448562e-05
CTD-2023N9.3,8922,1.4336818683277737e-05,2.8166368958589874e-05
PLK2,8926,0.38144196119458906,0.8768151703812478
CENPK,8967,0.5471414028251387,0.7936113783630201
RP11-404L6.2,8990,2.2799938391509422e-05,5.26651466144479e-05
CCNB1,9002,1.288916963434538,8.48794188152519
RP11-241G9.3,9010,7.042281574994551e-06,1.2082123573787603e-05
RP11-136K7.3,9022,1.1973212658129565e-05,1.7514283558761766e-05
CARTPT,9026,7.891885902221991e-05,0.0001890890398195999
MAP1B,9027,3.8287482894933977,14.37643798363528
TMEM174,9042,9.608181736928182e-06,2.249049047405297e-05
RP11-60A8.1,9043,4.835997261260033e-05,7.091646199589064e-05
CRHBP,9093,0.001019020491750696,0.0017414113177733998
OTP,9100,0.007631344102214763,0.031924325072815105
BHMT,9110,0.0034384609473929752,0.00634435369194011
THBS4,9119,0.4089251919205083,0.6677113778432767
ANKRD34B,9127,0.0007732402400366287,0.001294432903324895
DHFR,9129,0.4742164980253814,0.7670175930708776
VCAN,9155,0.6201401882660401,0.8952993678614627
HAPLN1,9157,0.027106712372217876,0.09234774295184493
COX7C,9170,14.793894600981845,25.252151895486463
CTC-498M16.2,9182,6.065164978328232e-06,8.961934039184555e-06
CTD-2232E5.2,9190,1.926219502053498e-05,2.8038171765098392e-05
RP11-414H23.2,9200,6.022732239336984e-06,8.836974299880052e-06
ARRDC3,9206,1.22264382365376,2.048479331774808
NR2F1,9215,0.0689597960078174,0.11130407727315593
FAM81B,9224,0.004585934616574083,0.006767674116225922
LIX1,9252,0.49881254236181516,0.8129030434634731
CHD1,9261,1.170517445724285,1.7504786787195958
CTD-2154H6.1,9282,6.458548832315886e-06,1.0162169164413775e-05
EFNA5,9290,0.7679370018879067,1.2321806516656608
NREP,9315,2.97120472448722,7.157545240261312
EPB41L4A-AS1,9318,3.4454938845701144,6.0347692998858555
TSSK1B,9335,4.806123327080652e-05,8.577820214234734e-05
CTC-441N14.2,9393,0.0001944396194428132,0.0003135280905338963
LMNB1,9444,0.5690855386062686,0.8467265424740892
PDLIM4,9479,0.43155185679436053,0.8258336069123691
AC004237.1,9491,3.599528468807087e-05,6.143699754378815e-05
NEUROG1,9547,0.056895062205728084,0.19480389146234608
CXCL14,9549,0.055581086825639024,0.10601963358467828
HNRNPA0,9569,3.0546324873626465,4.745329637414635
KIF20A,9580,0.24935109018660492,0.5604984571537025
EGR1,9588,0.15602159624017564,0.3362359164863262
ECSCR,9604,0.001306281293711176,0.0020800870070189184
ARHGAP26-AS1,9721,4.169874014581411e-05,7.179042482547284e-05
NR3C1,9722,0.07066469046139873,0.10980060456090497
CTC-367F4.1,9728,1.1022552300253455e-05,1.9125256100920155e-05
DPYSL3,9748,0.3937421349245299,0.5876246076253622
SPINK1,9751,0.0014618910267692028,0.007898419665190472
SCGB3A2,9752,0.0088102756947959,0.014876126302806186
SPARC,9824,1.3736977269310575,2.583371112446159
CTB-158E9.1,9843,1.1329615197786676e-05,1.880149788095667e-05
EBF1,9882,0.01530997186111015,0.031236015950651726
CTD-2363C16.2,9884,6.3623135450296635e-06,9.861582899710983e-06
AC011343.1,9894,6.092164605534337e-06,9.041901108740765e-06
PTTG1,9904,3.575368708132032,38.396315241867825
CCNG1,9918,5.364054200804111,9.089114575511353
HMMR,9921,0.4728801667464946,1.1653062730521442
CTC-558O2.1,9949,0.00012288013372452856,0.00017785065210626697
CTB-114C7.4,9960,2.5091581294145947e-05,3.9939021821635995e-05
KCNMB1,9963,0.034537579675126565,0.0638919673874784
MIR4454,9967,6.5448744372979635e-06,1.043564141262575e-05
CTB-79E8.2,9983,5.4057053470984626e-05,8.036996437685335e-05
DUSP1,9986,0.24712631724080342,0.4405388253492515
STC2,9997,0.4699158117447347,0.907461018105464
NSG2,10010,0.0022131776114664103,0.004263240062676913
RP11-267A15.1,10014,0.0021150050546875332,0.020606844493663047
CPLX2,10024,0.0039185787956639365,0.006384705112648308
RP11-375B1.1,10048,1.1087943627970224e-05,1.785412039741706e-05
MXD3,10058,0.15674258186813617,0.2378173588705284
PDLIM7,10069,1.8147965250740898,2.769180726978429
TMED9,10075,3.534967225231197,5.309830160961523
HNRNPAB,10090,0.813759927287756,1.1821976128700844
HNRNPH1,10111,2.409673867255965,8.064484519550216
CANX,10116,2.429239550260546,3.825834782941582
SQSTM1,10120,0.6738651996052816,1.6052493487055186
CTC-563A5.2,10125,6.780163823315633e-06,1.1199454981075309e-05
BTNL9,10141,0.005127708038060632,0.014739040954029357
RP3-416J7.4,10161,6.0377205604241965e-06,8.881013780714822e-06
RP1-20B11.2,10166,1.7632604722315164e-05,2.5509974035494713e-05
RP11-284J1.1,10171,1.0684851935642008e-05,1.6120948638970466e-05
RP5-856G1.1,10174,7.970945344708538e-06,1.5478760402088192e-05
TUBB2A,10202,1.222733189125719,7.223362921622442
TUBB2B,10204,9.907160378176528,45.94145107199999
FAM217A,10218,6.602356662213873e-06,1.0619754646714462e-05
RP11-274H24.1,10225,0.00018305664355151727,0.00038420530609037227
RP1-232P20.1,10236,5.922486495988904e-06,8.545247603190035e-06
NRN1,10239,0.04690566589258012,0.22308012893429105
RP11-556O15.1,10247,0.0001086852310427265,0.00016158287166481366
DSP,10254,0.39531551980256124,0.5739181320838241
RP11-203H2.2,10263,4.231912555034509e-05,6.895285637846556e-05
TFAP2A,10269,0.055750094592053316,0.2648646964876624
RP11-716O23.1,10294,1.2960518338077495e-05,2.147453243485085e-05
EDN1,10303,0.03092639649218155,0.15386852866421086
RP11-330A16.1,10326,1.0010130625433498e-05,1.7035938598881667e-05
DEK,10348,3.413329682285745,7.603657941104251
ID4,10355,0.7132594209181553,1.7011917148970175
SOX4,10363,6.92524306895285,20.890133672454013
SCGN,10395,0.012155491757630595,0.025595690569556698
HIST1H1A,10407,0.0556447237794494,0.08151663489548058
HIST1H1C,10415,0.2667217232638903,1.4512116511438153
HIST1H4C,10417,4.492145731442639,38.662080274560566
HIST1H2AC,10420,0.13072316370590395,0.6274413125195156
HIST1H1E,10421,0.1535149286235482,0.2446416732195835
HIST1H2BD,10422,0.046793086202020835,0.10977080462286963
HIST1H1D,10432,0.14551853623638009,0.25631548859183695
HIST1H3G,10437,0.020988559338100166,0.03777049976202321
HIST1H2BJ,10455,0.013100782831202452,0.019060642600802685
HIST1H2BK,10457,0.5339388749311179,2.691094073030582
HLA-G,10533,0.0014183066409875185,0.002344465481946158
HLA-A,10534,2.271211628725531,4.092822221683402
HCG9,10535,0.0012877403603256646,0.004563354569101849
TRIM31,10540,0.0004290987179580875,0.0006939066303491418
IER3,10569,0.15960039022054248,0.28133501732845295
POU5F1,10588,0.011024060711265039,0.028772802312780604
HLA-C,10592,0.48767256948043186,0.8786617823345256
HLA-B,10594,0.39689332805900407,1.071869473014023
LINC01149,10597,1.6450747395365425e-05,2.4923148956160684e-05
LTB,10607,0.005061436075651107,0.0311230432653767
DDAH2,10629,3.1318035287873065,5.591350214128692
CLIC1,10630,4.088193595355324,6.882326041439903
HSPA1A,10639,0.1745364177165513,0.4301658744628229
HSPA1B,10640,0.12388424538599342,0.20042173854778117
C6orf48,10641,9.14961657586722,17.77696745315609
NEU1,10642,1.052031148023791,1.5531468450203267
TNXB,10660,0.008322832690788347,0.014228978988153024
KIFC1,10717,0.39775218700487025,0.6474273728658864
MLN,10730,0.0016880037005355959,0.005170160685592252
RPS10,10739,14.630272298284645,59.230143458124786
PNPLA1,10772,0.00012010387594295889,0.00020274453989846131
SRSF3,10779,2.725584530516926,4.559177516425398
CDKN1A,10780,1.077169915036501,4.0796281693794185
RP1-90K10.4,10785,1.719416012093043e-05,2.9194789337480115e-05
PIM1,10790,0.5288498151472767,0.987798583481168
MDGA1,10798,0.0038767129539161896,0.005609996762339078
BTBD9-AS1,10802,6.011200465543692e-06,8.803166431060411e-06
TREML1,10827,3.0558480764417623e-05,4.470119532663587e-05
RP11-446F17.3,10939,1.875705811534093e-05,3.128383847919126e-05
GPR116,10945,4.038382703341187e-05,6.494871282017766e-05
GPR110,10947,0.00017443189111179886,0.00033303015705243757
TFAP2D,10975,2.41405181046504e-05,6.440301845812553e-05
TFAP2B,10976,0.030842118290587757,0.10607900048480522
MCM3,10982,0.8103526572210188,1.4054181567780222
GSTA1,10989,0.0006022243390383344,0.0010520126759484428
GCM1,10995,3.481009742504073e-05,5.7427138144398824e-05
PTP4A1,11039,1.5530839561792196,2.3874492949946298
KHDC1L,11071,0.010995943186557845,1.1382922397151278
DPPA5,11074,3.877114073898818e-05,5.896076471918966e-05
RP11-415D17.4,11096,6.027492820965318e-06,8.85095016321173e-06
HMGN3,11108,2.289315219814529,3.6480297180671144
RP1-232L24.3,11110,4.479407335433264e-05,8.610065777841508e-05
TTK,11117,0.21882473946200945,0.3348787504861068
TPBG,11128,4.205548506298666,15.608026442869878
RP11-30P6.6,11148,2.13937269728405e-05,3.355330577619543e-05
CGA,11155,0.0004960883587217988,0.0036387794043054368
GABRR1,11178,0.000194582572432943,0.000297406529772875
RP1-45N11.1,11191,0.0009419529140013924,0.0023466420450143585
POU3F2,11219,0.1008124051549102,0.16590386532522713
SIM1,11232,0.02790980314134185,0.060661483669631935
LAMA4,11313,0.0026246811913456917,0.0042095713321301615
RFPL4B,11318,0.006326047117106499,0.9613376818779221
RP1-124C6.1,11321,8.827894565810275e-06,1.8985882981969055e-05
MARCKS,11325,2.180864844195745,4.221423684774596
GJA1,11373,0.7727031770944502,1.1959208934803818
PKIB,11376,0.46075368828387,0.6751205158077889
FABP7,11378,0.8740948689483854,3.3554078483515855
RP11-624M8.1,11390,0.0003936180047290575,0.0007182684087301263
CENPW,11398,1.1031777686797326,2.0598108253097056
RSPO3,11399,0.007928976123620491,0.012129320964289982
CTGF,11431,1.431994639578878,9.748494692727082
TAAR6,11438,1.0760660124495048e-05,1.700814567167622e-05
RPS12,11447,83.78253464369128,334.5314575412167
LINC00326,11448,0.0002065782922832977,0.0003085288600192028
RP1-283K11.2,11451,3.168935989060643e-05,4.622979838612746e-05
RP11-704J17.5,11453,1.9501385255225798e-05,3.221754702838489e-05
PDE7B,11477,0.000412386019179401,0.0008350176805168528
OLIG3,11494,0.0060479806301481955,0.010943601691460534
CITED2,11516,1.4020972473670896,2.640924147208551
ULBP2,11601,0.0005240976436860495,0.0007852428595032279
PPP1R14C,11606,0.03772668018050527,0.0647521259663714
IYD,11607,0.0004179593139057779,0.0008263734038052022
AKAP12,11614,0.7390317131259159,1.144718137987594
CCDC170,11618,0.0033766675468006363,0.0050912495764580444
FBXO5,11628,0.4487104623325538,0.8142732904545226
RP4-655C5.4,11724,8.21509139918883e-06,1.644149490632868e-05
RP11-503C24.4,11756,0.0001662858466180018,0.0012268791826737055
RP5-894D12.3,11785,2.246125767688334e-05,3.292072083589873e-05
DLL1,11786,0.22269950971890995,0.3991623001605665
C7orf50,11821,1.5989489467653404,2.554044324854503
UNCX,11830,0.0018701963980979261,0.003075720085709331
ACTB,11887,35.087629246828094,468.13189742768145
FSCN1,11889,2.372919132160654,4.139511596540382
NDUFA4,11938,12.289538036228107,18.34704145260622
ARL4A,11949,3.0534101357425203,7.239577708290479
AC005019.3,11952,0.0009530283009775531,0.010102318260759621
AC006150.1,11955,6.735670073961703e-06,1.1052947691963098e-05
AC003986.6,11989,1.837683987028451e-05,3.159900124256141e-05
RP11-486P11.1,11997,1.5325416531581616e-05,2.475395353678049e-05
TOMM7,12016,4.707251893807235,6.800574934428408
TRA2A,12027,0.5976164856920324,0.8909204193303532
NPY,12034,0.02224566501850692,0.27449996498624113
CYCS,12038,1.825680873983573,2.7984671806421773
HNRNPA2B1,12048,9.290801418841816,28.011019914156222
HOTAIRM1,12058,0.03554936569951118,0.0539893099910739
HOXA-AS2,12061,4.626422563776307e-05,6.903817369150574e-05
HIBADH,12081,1.0260792770746194,1.537866830261264
TAX1BP1,12083,1.6338415698256117,2.8241771161137126
CREB5,12086,0.038093072878372145,0.06139823065901501
CPVL,12090,0.3204041703587613,0.46777018064670794
PPP1R17,12123,0.039382497080249566,0.07242895133458217
BBS9,12133,0.6176603986359046,1.628155584911911
SEPT7,12150,3.3665998701118123,4.891067385365147
SFRP4,12169,0.0023406688548807675,0.010012998473908158
INHBA,12191,0.0006252492969949944,0.001145080627298727
INHBA-AS1,12192,7.375588860786992e-05,0.00014253252668395408
HECW1,12201,0.004426244816975994,0.0208186450445396
LINC00957,12213,0.0035249973117253415,0.005299102102507786
MYL7,12219,0.004606563924981234,0.0076005176324988
PPIA,12230,9.56672925483226,14.63291429114335
H2AFV,12231,3.1483845397140255,5.137935528505206
IGFBP1,12245,0.0010062834477093158,0.001999615307162317
IGFBP3,12246,0.061310803299669536,0.4918064448212932
AC011294.3,12253,9.22135365254799e-06,1.485538284633849e-05
UPP1,12264,0.4922560272910142,0.947422718100251
AC020743.2,12272,0.000499087761488581,0.003654830299452984
DDC,12277,0.1611730391632496,0.39298235919545726
GS1-18A18.2,12292,4.971329920019536e-05,7.457294992851191e-05
SEC61G,12293,4.24180784706288,7.019559107983518
CHCHD2,12311,3.8348948894654855,14.69959221608781
RP11-760D2.5,12315,1.7446438040549568e-05,2.7250487669812307e-05
CLDN3,12395,0.2655170225671106,0.41581455094060643
CLDN4,12396,0.11839742564968306,0.4689064422835012
CCL26,12422,0.0008732006714373511,0.002124084324974695
HSPB1,12429,2.4209631306619244,5.732527436568055
FGL2,12439,0.00034158860745625737,0.0004937790549996989
GNAT3,12456,0.00012001002241444293,0.00029122647675471346
AC005009.1,12473,0.00026775498200988,0.00038776357688055586
CROT,12481,0.6531710039371795,0.9803726483792374
ABCB1,12483,0.008786459183594383,0.015224967876007524
TFPI2,12532,0.04488000121954567,0.3097109787514839
GNG11,12534,0.14981134281053615,0.22186101140541942
COL1A2,12539,0.2675548175838026,0.6199159495996172
PEG10,12542,2.0298868859364676,7.132177822220785
SHFM1,12556,4.424515991408857,6.4399036291075795
DLX6,12560,0.00310359032456492,0.006547078932491253
DLX6-AS2,12561,1.0325786203990911e-05,1.686893376288412e-05
DLX5,12562,0.015554137006848824,0.053469523668846886
ASNS,12565,2.317027671532963,4.973383187901945
BRI3,12570,2.3300665644894982,3.8782888981653416
CYP3A43,12601,0.00029201863753227183,0.0004818170281597489
MCM7,12611,0.9413495978866425,1.7393187051201386
PCOLCE,12642,0.2264111761644144,0.4158989743121667
TFR2,12644,0.008472176703769919,0.017867629710141407
ACTL6B,12645,0.0034462601394275334,0.005771448269153365
EPO,12649,0.008223246220225152,0.01212886289207802
MUC17,12661,5.1922829654182976e-05,0.00015975431386550302
SERPINE1,12663,0.020559571207146823,0.15180821729623423
VGF,12665,0.19120687942109357,0.8630366284869705
GPR22,12737,0.00019707861550004804,0.00029455173456064456
SLC26A4,12742,0.0026036545130944267,0.005980837457850115
AC004112.4,12766,7.4700415355846645e-06,1.3594478158124426e-05
CAV2,12790,0.005397542748830729,0.019348166597604657
CAV1,12791,0.0165163777043778,0.04851107527371172
AC006159.4,12793,2.1515131346077653e-05,3.78127904877016e-05
FEZF1,12826,0.1540508122998316,0.2471927139045911
HILPDA,12876,1.8513165906249103,5.816793216788179
MEST,12918,6.910552947073962,42.07842694809052
CALD1,12952,2.610960681950185,8.040133209553566
PTN,12975,2.366145619012265,13.736531596559281
AC083867.4,12982,4.096842293427662e-05,6.099073156837427e-05
PRSS1,13037,0.00023474344482611652,0.001317692726744726
TRPV5,13041,6.6105336670027595e-06,1.0646075970161064e-05
CNTNAP2,13088,0.5668637179198238,1.1183537166919852
AC006004.1,13089,0.0002206573466833668,0.000627359990324398
C7orf33,13090,0.00011059066754039068,0.00021142033762650431
PDIA4,13094,1.3603207411528262,1.9787364273634322
TMEM176B,13131,0.028921840542443365,0.05795303631166794
TMEM176A,13132,0.03191218502188592,0.08880761907777918
RHEB,13157,2.8690667483673544,4.55666564521084
INSIG1,13185,0.17506446327451894,0.29413943349708177
SHH,13194,0.3099108384804596,0.5741191783448518
RP5-1121A15.3,13202,2.536694441370413e-05,4.265475215452873e-05
AC011899.9,13218,1.510032809482402e-05,3.0547541068856275e-05
CD99,13248,1.5409869481996774,2.4818694636330987
GYG2-AS1,13251,1.9513569535504998e-05,2.925105903185841e-05
PRKX-AS1,13260,6.0261320256617515e-06,8.846954403113374e-06
VCX3B,13276,0.003201566239816629,0.006580685929548355
RP6-1O2.1,13289,1.0615244638009551e-05,2.7452159764381924e-05
TLR7,13299,0.0003407720451326639,0.000968389448677908
TMSB4X,13302,41.113490156922786,1084.1641573534955
GS1-600G8.5,13305,0.0035498866639620892,0.01029113033551997
EGFL6,13310,0.031737659118461686,0.0716552795064386
GPM6B,13315,1.22699202267053,2.3535430605074725
GLRA2,13319,0.000250307373519001,0.0004130304945305049
AP1S2,13333,2.102282666892083,6.06047993002306
RBBP7,13341,1.8002651397471707,2.608367207857123
EIF1AX,13362,2.2848577611463203,3.482013866599658
SMS,13370,2.3129822945570617,4.1908695890609025
PTCHD1,13378,0.0018252210358352847,0.002998140440603753
PRDX4,13379,3.2950478621168773,5.501193635381464
SAT1,13382,4.784853752647534,48.95412034983461
EIF2S3,13386,3.181400443769677,7.144698659234379
ARX,13393,0.03427686966985908,0.050845955916227016
TMEM47,13423,0.3669213607336566,0.65769840911611
SYTL5,13439,0.0015725074571837864,0.0022981289004652054
TSPAN7,13444,0.5388282453351336,1.0174919521318224
TIMP1,13507,3.248262363877795,5.698942334969434
RP11-1148L6.5,13532,1.1235480555677804e-05,1.650209699722052e-05
PCSK1N,13541,0.04526089228172858,0.07478245335507154
SYP,13558,0.030280766413704203,0.05319213553227364
GAGE12I,13570,1.217450564885566e-05,1.8064730918639922e-05
GAGE12H,13579,2.491170431494491e-05,3.835968327261159e-05
SPANXN5,13614,5.450463083890823e-05,0.00015925255764111067
SMC1A,13626,1.0467768839751892,1.7131312574556634
MAGED2,13638,3.345498330796969,5.762068520400538
KIF4A,13702,0.24090649903199565,0.3743850262000217
GJB1,13715,0.00019915097071678095,0.0003262568699121241
RPS4X,13731,97.20387032423046,1071.8646280140692
XIST,13750,0.15365142326840228,0.44720431624507395
PGK1,13771,11.351260900551262,33.688345763160925
POU3F4,13785,0.0016125154830520432,0.0024274120876140027
RP3-326L13.3,13786,0.0009428553412364123,0.0014435583436664772
TSPAN6,13812,1.687224295453426,2.5375888858031335
NOX1,13817,5.561386177184903e-05,8.24873455738258e-05
RPL36A,13827,9.074771489914745,28.541254208657023
TMSB15A,13846,1.8552195095624182,3.906771052492238
BEX1,13856,0.5667388692166021,1.1610525311214637
TCEAL7,13862,0.38629598164992635,0.5651350541541078
WBP5,13863,1.4652139027949946,2.3411682592412997
NGFRAP1,13864,6.337147329069915,17.388381464440776
TCEAL4,13867,1.7111748832981697,2.708676568660105
MORF4L2,13871,4.238265729092697,9.747690766804364
PLP1,13875,0.3221712929980441,0.6420741784381211
TMSB15B,13878,0.9407735726024431,1.4317785849445535
CAPN6,13925,2.0666600601261993,12.026408456590397
DCX,13926,0.14081643287444895,0.2856882119488706
IL13RA2,13937,0.0010684933289769002,0.0016562190887947916
PLS3,13942,0.9928235565620344,1.527844331180526
SLC25A5,13962,6.018141760014449,10.488051489211514
RPL39,13968,60.23916538052647,351.05513947818827
GLUD2,14001,0.1511927797220244,0.2214266193198506
RP1-23K20.2,14036,0.0006589487054396992,0.000971262884591395
USP26,14048,5.775661600387035e-05,9.792323505939415e-05
GPC3,14051,9.63955534011567,108.3348297425952
PHF6,14053,1.3896744887336172,2.7381974001661185
FAM122B,14059,1.171285297717939,3.1068961667611106
RP11-265D19.6,14075,0.0007665940383393269,0.012325327584763521
FHL1,14088,0.8049214880996971,1.3197689509999089
VGLL1,14093,0.0006332817085974709,0.0015181548521660776
RBMX,14097,4.5967145413969535,7.730675669837407
SOX3,14110,0.3506303286176926,0.6290247557631871
LINC00632,14112,0.2894964149830758,0.4638960207646639
SPANXC,14118,0.0015898886024943372,0.013166235393497237
SPANXD,14122,0.0002680797340230628,0.0005448398251778436
RP5-937E21.8,14149,1.7448076279555805e-05,2.535757626690089e-05
HMGB3,14166,1.5959270076742549,3.696474009809751
XX-FW80269A6.1,14172,0.004023660150812471,0.02770981987689283
MAGEA4,14178,0.0015473223981578858,0.005461802603088572
MAGEA6,14184,1.8449122762566337e-05,2.931915920720388e-05
MAGEA12,14188,0.0003706905285990709,0.0005709961582177377
CSAG1,14189,0.0008756999498796979,0.001989450640456409
MAGEA3,14192,1.895746360427564e-05,4.349051691995263e-05
BGN,14210,0.13156496498624412,0.22215074033483873
RPL10,14247,117.68463927872163,479.36114657369944
CTAG2,14262,0.0001305829850236207,0.00040526306967011896
RP11-666I19.2,14306,2.02785579128208e-05,3.0389313800709894e-05
ANGPT2,14328,0.012379874398159983,0.025632259402073195
DEFB1,14334,0.0005108820890165136,0.0007452572467836358
DEFA6,14335,3.997857010583796e-05,0.00011929902125436604
DEFA4,14337,8.10407672990012e-06,1.6000133208238256e-05
LINC00599,14385,0.006055351774013449,0.00940078193485452
PRSS55,14392,8.06129351639029e-05,0.0001315868951959948
FDFT1,14420,1.2127667864384726,2.0682492966687036
RP11-252C15.1,14438,5.921829830294051e-06,8.543352968962971e-06
FGF17,14504,0.17968134701699465,0.5433910959567789
CTD-2530N21.4,14515,1.7772715260119032e-05,2.656878623613614e-05
RP11-1149O23.4,14540,0.00014836623042215497,0.00024870213154963344
NKX2-6,14551,6.859458897221969e-06,1.146294516878909e-05
STC1,14554,0.19206877367740063,0.6323214738686459
NEFM,14562,0.3867277763876749,13.298328364848802
GNRH1,14566,0.003912099292247629,0.006108546797827693
RP11-395I14.2,14567,1.386876968891929e-05,2.1448114461117093e-05
CDCA2,14569,0.23923719478648875,0.43149430940553335
RP11-299D14.2,14572,1.2810151191011473e-05,2.044275253880943e-05
EBF2,14573,0.005335281191593918,0.008605085285894752
STMN4,14581,0.05290604710281902,0.4718702241773293
CLU,14586,1.9159613659604184,11.789225359120428
RP11-489E7.1,14617,7.296439090068501e-06,1.2969953478957895e-05
FAM183CP,14618,7.333532383409797e-06,1.3102160977089524e-05
SMIM18,14631,0.0004633624153329646,0.0007205834407728248
RP11-363L24.3,14637,7.478414757172089e-06,1.3624971395678881e-05
NRG1,14640,0.25382110397407703,0.47482382855370303
RP11-150O12.1,14664,1.0036376701842232e-05,2.4539766391717805e-05
EIF4EBP1,14680,1.4965408018357258,3.3760932251656377
C8orf4,14720,0.07331226106942129,0.17572409005653516
RP11-465K16.1,14726,7.341602227403473e-06,1.3131012067828838e-05
SFRP1,14727,1.3102852082161782,2.2810830050361517
PLAT,14743,0.042386402060557576,0.1033356715364243
EFCAB1,14779,0.01665771251756805,0.02609861531115087
RP11-546K22.2,14796,5.941606134856774e-06,8.600510051647428e-06
ST18,14797,0.029522293242454305,0.09569882772749677
PENK,14835,0.005603493231521526,0.01404689755562434
RP11-1112C15.1,14849,0.0005856086036531591,0.0008854085467702248
RP11-648L3.2,14852,2.1394033531005794e-05,3.114080933773087e-05
SDCBP,14855,3.4548609525527145,10.141529431927339
RP11-91I20.2,14867,1.0386552980677835e-05,1.6521184224813806e-05
RP11-787D18.1,14875,7.05438144779807e-06,1.2123677325826554e-05
RP11-659E9.2,14883,0.00029616510755578143,0.0004379984181169874
GGH,14884,1.2522585685990753,1.817140987467764
CTD-3025N20.2,14901,0.0003100914043646073,0.0017438646735223244
CRH,14911,0.0002713420217932449,0.00041529135612199163
C8orf46,14916,0.006236498433461638,0.014864956956421356
RP11-396J6.1,14930,2.9852542878449922e-05,4.311770210619266e-05
RP11-403D15.2,14932,1.2559382941910249e-05,2.4846497038239924e-05
Metazoa_SRP,14946,1.1503580717777937e-05,1.798919012581694e-05
MSC,14959,0.0008878312985978868,0.001405341571553257
RP11-6I2.4,14984,8.096700739822466e-06,1.5971020822384083e-05
CRISPLD1,14994,0.5310087665387453,0.9024666516298511
STMN2,15014,0.34005070277962773,9.454258409886052
HEY1,15015,0.1609894174750152,0.250944169554151
RP11-48B3.3,15025,0.0014069550186812177,0.003385303914914737
FABP5,15034,2.463203937282194,9.696254714077668
CA1,15063,1.0808160247939274e-05,2.0758920865425417e-05
CA2,15066,0.07145290324884497,0.1378449663392947
ATP6V0D2,15072,0.026111050941317375,0.03911118313062739
RP11-386D6.2,15082,1.9313897412971303e-05,4.54389905860835e-05
CALB1,15095,0.17664798226381187,0.5969016870955887
C8orf87,15122,0.0003636464700632188,0.0006954223699758678
MIR3150A,15156,2.2378723313185705e-05,3.2973800936082815e-05
UQCRB,15166,8.819183738809555,13.957937521819773
SDC2,15171,1.3680516281175217,2.5044103793417785
KB-1958F4.2,15173,8.10161692479727e-06,1.5990421250551593e-05
C8orf56,15242,0.002324191435212406,0.0033551134311961125
BAALC,15243,0.05924618378489126,0.13111352165439286
CTHRC1,15247,0.07883079867871222,0.12705035181736038
EIF3E,15270,14.817029988445261,28.59321503648738
RP11-122A21.2,15278,2.8630030996663253e-05,5.811327800988632e-05
RP11-536K17.1,15300,6.605625311127149e-06,1.0630272019671243e-05
RAD21,15303,1.823312837291122,3.5620962914976206
RP11-713M15.1,15328,6.451522705108439e-06,1.014007064401059e-05
SQLE,15385,0.7077973502796842,1.1026109614931427
KIAA0196-AS1,15387,2.1111191419783695e-05,3.683278357779598e-05
FAM84B,15399,0.3033836836590244,0.511343072972213
MYC,15411,0.11652102920394998,0.17227430702615057
GSDMC,15417,3.61650841486538e-05,5.4352233238305945e-05
KB-1568E2.1,15423,6.534882989839118e-05,0.00013456002080000854
NDRG1,15441,0.11202057713146953,0.17352807159019235
COL22A1,15465,0.2069081808197085,0.44880098449652667
GML,15512,1.1844972991977807e-05,3.418099041276014e-05
CYP11B2,15514,1.3087039272296935e-05,1.912548890853147e-05
EEF1D,15541,11.5532780156225,18.197580748438043
SCRT1,15585,0.0010084290025569142,0.0015591718417909857
C8orf33,15623,0.6146812923586084,0.9062704869578813
RP11-218I7.2,15684,7.59861946775345e-05,0.00011938138605454336
RP11-87N24.2,15703,1.0277055933335912e-05,1.6931407553199245e-05
RP11-3L8.3,15709,1.0271147899357033e-05,1.4970447939432472e-05
PSIP1,15725,2.9830319284304028,5.009952933112411
PLIN2,15740,1.4611967656930482,2.745273412087437
MLLT3,15749,0.37270503623618767,0.5443752839300607
CDKN2A,15775,0.00849865393433234,0.015805389946735648
CDKN2B-AS1,15776,0.000600214791301925,0.001157973620708085
CDKN2B,15777,0.0030556996465074277,0.004997089379214892
IZUMO3,15786,1.385281716533453e-05,3.165306776902255e-05
DNAJA1,15820,1.6778249831065828,2.708101887467696
AQP3,15830,0.040863513995465076,0.06301206725821876
CNTFR-AS1,15855,1.2535214757359336e-05,2.0905661358131387e-05
TPM2,15892,6.173486192036466,26.537433239218437
ANXA1,16088,0.36493419706514396,3.675774628516137
GCNT1,16102,0.18094089443685787,0.26340171718739425
PSAT1,16112,2.253317080848278,4.864648897979476
HNRNPK,16140,7.154621266772842,11.931387048220998
NTRK2,16146,0.004852864066069969,0.007592446742586004
CKS2,16176,3.304823869128736,22.994882866637667
GADD45G,16179,0.2274336545148331,0.6194746561981832
RP11-165J3.5,16221,1.0114354529809266e-05,2.4922570582747418e-05
CTSV,16268,0.48790951986073255,0.7936762783149267
RP11-498P14.5,16270,0.07223749986932294,0.11088357328308222
ANP32B,16285,4.449829965895051,6.483696601935552
SEC61B,16300,4.395698476744807,6.534543704694158
LPPR1,16315,0.004276464410005378,0.006360932227280546
LINC00587,16325,8.490844995069286e-06,1.7563793626266404e-05
OR13C5,16335,2.2222530337682337e-05,3.89815026442058e-05
TAL2,16348,0.07530626636850438,0.13757598705818647
TMEM38B,16349,0.5834046859479093,1.0414675422932507
ZNF462,16355,0.31188521453677914,0.45689128233185416
TXN,16379,5.8561817657302475,12.158432973196263
MUSK,16383,4.181047704950342e-05,6.469156745444732e-05
RP11-168K11.2,16423,3.536919199255752e-05,5.5607405480945395e-05
ORM1,16430,0.0012114157560160635,0.001813637128615432
TNFSF15,16439,0.00016279796249825198,0.00024042208751987878
RP11-445L6.3,16444,7.700684840549705e-06,1.4446917744295144e-05
GSN,16477,1.7102797935360168,2.5783977925870154
RP11-477J21.6,16478,1.721561221970958e-05,2.6794301645144435e-05
RP11-524G24.2,16484,2.6097252817505027e-05,3.852371191037753e-05
CRB2,16520,0.9212742783547736,2.2808071502220546
RP11-121A14.2,16528,3.0686349526995086e-05,4.5985570301454425e-05
NR6A1,16533,1.266807410938212,2.448014562760453
WDR38,16537,0.0006899308141129482,0.0011127490475909714
HSPA5,16544,4.653259034579042,21.08289727423047
RPL12,16567,75.75067804558682,356.4254341513142
TTC16,16573,0.00015680392415211842,0.00023223200026832943
SET,16619,10.195662682454037,28.38593932535234
IER5L,16641,0.10290682923609173,0.1592552837171806
ASS1,16673,0.30922443667684674,0.4943021775179803
BARHL1,16699,0.04000321963123639,0.07159965992362875
OBP2B,16710,1.3533655128975839e-05,2.620630320690607e-05
COL5A1-AS1,16742,3.979532636932438e-05,6.724409726448113e-05
OLFM1,16746,0.14106299262846694,0.25384703577366086
LHX3,16772,0.0033374502364636235,0.005436492729524858
AGPAT2,16790,0.08254492709406543,0.13824594498562667
SNHG7,16792,3.8331727101146034,7.440753312791523
PHPT1,16804,5.620517696656309,10.290552033650933
C9orf141,16811,1.634482873567362e-05,2.545896814952654e-05
PTGDS,16812,0.016861840965319945,0.07973230699775136
TUBB4B,16842,2.657321776371689,17.301485220283045
RP11-164C1.2,16870,6.645928045819071e-06,1.07603842637312e-05
IDI1,16877,0.3776263844392771,0.571037088997435
RP11-118K6.2,16890,6.225761332809231e-06,9.442813931880552e-06
KLF6,16901,0.24934915307956607,0.48036882293183264
RP11-34C15.2,16908,3.900956103070519e-05,5.776151099995049e-05
CALML3-AS1,16924,3.063289622992195e-05,4.877738374395813e-05
RP11-379F12.3,16963,4.479910709812503e-05,7.339387575150561e-05
GATA3,16964,0.005177481551841362,0.0084869489728195
SFTA1P,16975,0.004085524079844895,0.008924628573923035
RP1-251M9.2,16976,0.00041201849043618114,0.0005955342774817125
CELF2,16977,0.26891508561319644,0.3939384873288492
RP1-251M9.3,16978,6.127835938734618e-06,9.148097510209574e-06
CELF2-AS1,16981,2.005031373743986e-05,3.460876316944494e-05
VIM,17039,29.76897475813039,293.7266881282669
RP11-354E11.2,17064,0.0015625682865775304,0.0028197900846814524
SPAG6,17084,0.013778594829027746,0.020016944796021573
ARMC3,17086,0.01485883173241842,0.02192653453273897
C10orf115,17089,5.026664671958544e-05,7.420113472284158e-05
GAD2,17105,0.003332353643598829,0.005819034785600033
NRP1,17168,0.37157160714890425,0.5971621103720496
RP11-309N24.1,17186,0.0019480381484918772,0.010841766370293618
RP11-67C2.2,17255,8.326591472627533e-06,1.6890830509215862e-05
RP11-123B3.2,17310,6.577945530928611e-06,1.0541370027335454e-05
RP11-96B5.3,17341,0.02334012178949712,0.18366863072488399
RP11-40C11.2,17342,1.6924503313717217e-05,2.921455465797633e-05
DKK1,17345,3.0998286479006496,16.502189805188152
MTRNR2L5,17355,0.0038590279113554326,0.026104343385193615
ZWINT,17356,0.6137576721063385,0.9507682963702816
RP11-443O13.3,17367,1.8731281173235432e-05,2.8638515641197725e-05
C10orf40,17372,8.024498609592006e-05,0.00014028863353347088
CDK1,17376,1.285311122359137,6.32412510370478
TMEM26,17379,5.9475655472991094e-06,8.617771187241769e-06
RP11-344A5.1,17404,8.752615819790193e-06,1.8663462427872457e-05
MYPN,17409,0.0003476610586346819,0.005391982101760021
PPA1,17442,3.6016160214758046,5.341660013719334
NODAL,17446,0.0005940160423186081,0.000911248091710375
UNC5B-AS1,17458,0.026690911106200078,0.039883663598634794
PSAP,17464,3.7818360585566633,5.893804347089844
SPOCK2,17468,0.06856814663595237,0.10100017781096349
DDIT4,17471,4.877333956435764,45.22578368095087
P4HA1,17479,2.070823102575496,3.2896453385674427
TTC18,17490,0.010993236741343101,0.01727880661135776
PLAU,17514,0.035856113407297246,0.08844949413908927
ZNF503,17533,1.8791644774918623,3.954326288860472
NUTM2B,17570,6.168201795538787e-06,9.269016472275333e-06
RP11-479O17.10,17575,0.0006464693833554602,0.0009478572756772672
RP11-514F8.2,17591,2.231226820661602e-05,3.5967379009427104e-05
RP11-338I21.1,17596,0.002400579897324919,0.008704894372398967
RGR,17602,0.005031273132232274,0.007773827976290098
LDB3,17614,0.0029721272773514224,0.004724033154927046
SNCG,17618,0.14968444025274835,0.5529879267415443
ACTA2,17647,1.7503788191693723,14.816249326091476
IFIT2,17652,0.0006256635072314741,0.006590102416346486
IFIT3,17653,0.010358154150564795,0.016304977459891422
IFIT1,17655,0.03716115760155756,0.06612579538067936
RP11-168O10.6,17658,1.5622596047690795e-05,2.511457277174817e-05
KIF20B,17664,0.5123535679359091,0.8946412321062944
LINC00865,17665,0.0007101094296600147,0.0010348511106293124
ANKRD1,17672,0.03064085299138551,0.2332764222496328
PPP1R3C,17678,0.16354177345975518,0.25281889740531344
FGFBP3,17681,0.7925275144960143,2.2963096123373585
CYP26A1,17692,0.007661947158444757,0.012751993911132704
RBP4,17696,0.027493129713673892,0.052864827998102194
LGI1,17699,0.3064314705524135,0.5135751262798974
PLCE1-AS1,17704,0.00017237626937129525,0.0002958406820956319
HELLS,17708,0.8545283361420617,1.429936153721709
C10orf129,17714,0.0001498901645801653,0.00022354189999686548
PDLIM1,17716,1.2180765862335197,2.2354461804586157
OPALIN,17731,0.0008981437616323253,0.0014151845931463815
ARHGAP19-SLIT1,17738,0.06490750988319427,0.11209083809571915
PGAM1,17748,8.257944844595954,14.24573895503859
GOLGA7B-1,17766,1.8135912309550786e-05,2.867257961503713e-05
PAX2,17804,0.02299827302009602,0.0466899911281571
FGF8,17832,0.11131868824226174,0.2722561645921225
PITX3,17843,0.004863489218433008,0.007628568449314393
INA,17868,0.1092888794078094,0.2171563336578392
RP11-298H24.1,17899,6.2315763962351864e-06,9.460462606297239e-06
RP11-163F15.1,17902,1.7062598347797464e-05,2.8296356147027557e-05
RP11-655H13.2,17903,6.608078755086905e-06,1.0638169591063581e-05
SMC3,17912,1.862102871611568,2.7914412341164643
ADRA2A,17920,0.009919516435640714,0.014652269219034677
TCF7L2,17930,1.2901647289369744,2.04247285546308
RP11-501J20.5,17965,2.8792076468473096e-05,4.28633628563959e-05
EMX2,17970,0.04284597018321469,0.06451157270947554
CTA-109P11.1,17971,1.353066441308393e-05,3.0432249188523178e-05
EIF3A,17983,2.954419921482167,4.367775383659771
RGS10,17989,0.39758702983997046,0.6263956029458667
PPAPDC1A,17995,0.057154942577012244,0.09502008837485136
BUB3,18024,1.617750373399679,3.4324372723906937
FAM53B-AS1,18039,2.3333026159461582e-05,3.909329758739126e-05
MKI67,18069,0.5853974850646542,1.8725771365977995
EBF3,18078,0.015207353822415455,0.032470751440414225
BNIP3,18086,2.533945306567422,5.136063095110767
NKX6-2,18100,0.012435408281279703,0.020135500300204872
UTF1,18108,0.0072453567740319485,0.011453366018238948
IFITM2,18144,0.892386001661635,1.3246030255611028
IFITM3,18148,1.6426846308127723,3.5749939184208213
RP13-317D12.3,18159,0.002184186214450889,0.005744877125337865
IGF2,18231,0.11942882954897911,0.20928934007571195
INS-IGF2,18232,3.109328701964275e-05,5.008305224281696e-05
ASCL2,18236,0.00639345940836494,0.010629305604906119
CD81,18239,0.2836889660763634,0.62482678812663
KCNQ1OT1,18244,1.3559712313569532,3.052648400390128
CDKN1C,18247,0.6053263721315824,2.8154123467244987
PHLDA2,18250,0.15371206659389586,0.44869949378378193
AC131971.1,18252,3.157852626923658e-05,5.0578273520818194e-05
ART1,18265,7.07495387388503e-06,1.2194492215994247e-05
HBG2,18310,0.0007091262044087027,0.001220120275119761
HBE1,18311,0.002350691817399779,0.011265971560628661
OR51I1,18319,1.2423255213661713e-05,1.977292855113523e-05
RP11-732A19.5,18372,3.521262211932579e-05,6.256343972209991e-05
CTD-2516F10.4,18392,1.537685512007402e-05,2.5033822145725474e-05
LMO1,18407,0.21529273944382687,0.440027587255389
NRIP3,18420,0.19715299620533058,0.510901271262583
ADM,18437,0.7672457683400684,1.9052388281760875
EIF4G2,18446,1.9175978836922212,3.06693606086305
CALCB,18489,0.09188977621842008,0.1877658204477756
CALCA,18490,0.023315330351889433,0.03613812255009445
MYOD1,18512,0.007491278389918327,0.012792895708843673
SLC17A6,18562,0.00028238579853675247,0.0006649165506385074
CCDC179,18571,7.106983697322944e-06,1.2305156078849093e-05
CTD-2507G9.1,18579,6.241878389806729e-05,9.170708259223842e-05
MUC15,18582,0.0004023423460017698,0.0006750183415681066
RP11-22P4.2,18598,6.330506068008844e-05,9.401212733861783e-05
CTD-3012A18.1,18604,6.924422805054644e-06,1.1681098207810916e-05
PAX6,18621,0.17640976156519242,0.39363698875051045
CD44,18663,0.01867968270132589,0.029707498604811526
C11orf96,18704,0.023968336224716957,0.045189955000010405
RP11-702F3.3,18744,0.0002125408911690044,0.0003127312470927902
RP11-17G12.3,18770,1.930162211941398e-05,3.7629373845988036e-05
TRIM49B,18797,6.833463865772062e-05,0.00042945667227015186
TRIM48,18805,0.00028614714513990156,0.0020261390452056285
TRIM51,18821,0.00030844309676982033,0.0019589305379710095
P2RX3,18859,0.002618001478290259,0.00407287147881232
PRG2,18861,1.8560687181414038e-05,2.8646095555486087e-05
UBE2L6,18869,1.229139130952332,1.8533741678826994
OR5B12,18893,9.094906850111539e-06,1.5882562548401414e-05
GLYAT,18901,1.678352741579312e-05,2.8535526835055287e-05
FEN1,18992,0.5295027334594589,0.8846617128437337
FTH1,18998,40.0539878726557,439.77589519208846
SCGB2A1,19003,3.6134021218966285e-05,0.0001280295420166017
LRRN4CL,19031,0.0009607951130811437,0.0014813548562042237
GNG3,19034,0.06527750759939217,0.26875571468032877
SLC3A2,19048,2.272596885736363,4.874312950689404
CHRM1,19049,1.1954500621738455e-05,1.856211938822291e-05
RARRES3,19059,0.00025344278706686247,0.00043345827733157156
SLC22A11,19106,0.000916072589619681,0.0013440046811941098
NEAT1,19152,1.64910998980751,7.501029445463336
OVOL1,19172,0.0010351367355005143,0.0016432200886403112
CFL1,19175,12.751918435451497,26.76623298445233
CST6,19188,0.001999751223734051,0.006075089985184234
NPAS4,19213,0.0009651537066754762,0.0015725630596489875
GAL,19287,0.03980390285389961,0.07756046402057205
CCND1,19309,2.4879659655364024,8.49559826052364
AP000487.6,19324,4.082410425565626e-05,6.492618186225825e-05
PHOX2A,19358,0.09440606999435347,0.1997056970935844
RP11-456I15.2,19386,6.777581199219185e-06,1.1190924233881176e-05
RP11-702H23.4,19401,1.0524999590243738e-05,1.6371757711396718e-05
RPS3,19420,114.119514064764,462.52926317988204
KLHL35,19421,0.035814664214550374,0.13126762419331553
SERPINH1,19423,3.890783127260152,7.975969664122898
MAP6,19425,0.3814418639884935,0.6130989212994056
RP11-843A23.1,19482,1.2229307385935201e-05,1.9331848734347484e-05
RP11-673F18.1,19484,1.2500047177760285e-05,1.9076894580177572e-05
PRSS23,19527,2.517076974464644,6.572344202840115
RP11-313I2.11,19545,0.00015445789274204418,0.00027502180090833376
TRIM49,19546,0.00017734410462609415,0.00042749767772134415
TRIM64B,19547,0.00240562274342375,0.019784998198790708
TRIM49D1,19548,0.005538461030456586,0.1065222144776211
TRIM49C,19549,0.0001871537604016673,0.00033673203703838377
LINC01171,19577,0.00015012641205219677,0.00025352568042553384
KDM4E,19587,0.000353198080165858,0.0007680672258493669
SESN3,19590,0.8651011164663229,1.3003506108201943
MMP7,19622,0.00023738714959719754,0.0013168669839629529
MMP10,19628,0.0008748522982032071,0.004889258751718746
MMP1,19629,0.00035714748784811817,0.0018115352041059285
MMP3,19630,0.001272522003667312,0.0019511856302606037
MMP13,19631,7.836360193660467e-06,1.4960471269721605e-05
RP11-94P11.4,19646,6.4632418879636755e-06,1.0176942613949183e-05
SLN,19659,0.00123621551620085,0.024222821786492633
CRYAB,19703,0.018146378118215217,0.14833847147442922
NCAM1,19726,0.04396862705633583,0.06821784109606237
DRD2,19732,0.002803577990815002,0.004495373028570786
CADM1,19752,0.6260985310968433,0.9497798429127193
APOA1,19772,0.08984887661941747,0.13065856103578496
TAGLN,19778,2.960606237660237,66.0534119613611
H2AFX,19836,0.56425883707229,1.0321736228086738
RNF26,19847,0.7148554087187222,1.174251383832478
RP11-640N11.2,19872,0.0006317822105259995,0.0012326036202515525
HSPA8,19885,10.849019572505469,30.443201873546627
ESAM,19925,0.005682695186122054,0.010884437164434529
RP11-480C22.1,19987,1.954229939363286e-05,4.3437303565157696e-05
KCNJ5,19998,0.001151502531455171,0.001929403193186359
AP002856.6,20019,1.9994651288767734e-05,3.474358395451353e-05
FAM138D,20053,1.7672034267787663e-05,2.8489037612460497e-05
FKBP4,20092,2.5541012330013997,4.532451265182567
CCND2,20114,1.3308302115679247,2.241976179180586
RAD51AP1,20119,0.6823686545624541,1.1552299150942964
CD9,20142,0.055719018266777075,0.13877128839603126
GAPDH,20155,104.66617478645284,1538.655228898524
PTMS,20172,7.289518603025987,19.94834509684867
CDCA3,20177,0.28580379892805685,0.5854676416920984
ENO2,20182,1.7100423942038518,3.0018415472931803
GDF3,20206,8.956419419133121e-05,0.00022548635093114675
DPPA3,20207,0.0002819507085820425,0.0016513411593205602
SLC2A3,20212,2.4675223651784726,9.382211922267956
FAM90A1,20219,0.002000405548528245,0.005501192508696528
CLEC2A,20255,0.021472126342995407,0.07117294731052119
OLR1,20265,2.075023031214973e-05,3.273893568501374e-05
RP11-277P12.9,20271,9.534155891438405e-06,1.6514375331638424e-05
KLRC3,20277,6.7836105842355616e-06,1.1210844316375932e-05
KLRC1,20279,9.439945160271746e-06,2.170978177889548e-05
RP11-291B21.2,20281,1.5964431155313798e-05,2.3931487222319e-05
YBX3,20284,2.334685493505847,3.564684351673126
TAS2R8,20287,1.4358578685848606e-05,2.57011958945115e-05
TAS2R10,20290,6.1015825470113255e-05,8.903410281680406e-05
GPRC5A,20326,0.0005567457648502632,0.0013077097196435277
EMP1,20334,0.007047020004186716,0.014135827623727405
C12orf36,20335,1.6283188280448574e-05,2.415004215000419e-05
GUCY2C,20342,2.2867566028013004e-05,3.436750404651597e-05
MGP,20351,0.00016964063849805598,0.0005628192693969784
PTPRO,20358,0.044425725693208934,0.08926841558376414
SLC15A5,20364,1.638477524635224e-05,3.0266915376855066e-05
MGST1,20365,2.9814916547544774,4.59584412739895
LMO3,20366,0.22819871458908206,0.3648088868066415
PLEKHA5,20377,1.6488558429674127,3.0576461302243514
C12orf77,20425,0.00014270492952572224,0.0016563339230704056
RP11-513G19.1,20445,7.357795251129082e-06,1.3189000988889833e-05
OVCH1-AS1,20479,5.691203578085691e-05,0.00011316369555080681
RP11-776A13.3,20484,1.4892786504304134e-05,2.204354476343301e-05
FAM60A,20495,3.6748639451375693,6.126032034760163
FGD4,20507,0.6683945287326628,1.0313709327787952
AC079630.4,20530,1.3693953977687486e-05,2.0633451230936544e-05
RP11-630C16.1,20537,3.5952101823513147e-05,5.5359873053445886e-05
RP5-1057I20.2,20587,6.80003163047518e-06,1.126518587082024e-05
OR8S1,20609,4.2017193587530955e-05,9.659907116841535e-05
TUBA1B,20637,29.819297516039125,282.4467343343035
TUBA1A,20638,10.919761847711422,133.2077350953422
TUBA1C,20639,3.4910474027749845,9.18640068216932
PRPH,20643,0.0262279557707515,0.04345360869670276
TROAP,20644,0.316903642567743,0.5706331997420702
RP11-70F11.7,20658,2.195995776427215e-05,3.1961912102728247e-05
RACGAP1,20667,0.20655824714312687,0.30606588274121244
RP3-405J10.4,20674,6.8121823924234574e-06,1.1305481100332896e-05
KRT7,20713,0.004753687668064329,0.033913829162721856
KRT81,20717,0.00018362839398021,0.0005393577908452673
KRT6A,20729,8.619743284190695e-06,1.8101108370213585e-05
RP11-641A6.2,20735,1.1141063332019917e-05,1.9271021759555104e-05
KRT1,20738,5.754191947299535e-05,8.564403170576826e-05
KRT77,20739,0.020951293828063912,0.07857883343517888
KRT8,20746,5.20033005016973,29.275513420167172
KRT18,20747,3.548173705505022,24.11533516313019
TENC1,20750,0.0038298673823100346,0.006065021443258408
IGFBP6,20752,0.028404525172033544,0.04456153882493102
PFDN5,20761,12.910083151016119,19.32831844023582
PCBP2,20769,6.126749789890527,10.6270153215956
HOXC9,20792,3.141109364320357e-05,4.756634201955776e-05
RP11-834C11.4,20801,0.1375884379053394,0.5208857580324137
TESPA1,20826,1.7606148728184306e-05,2.8765402856773748e-05
NEUROD4,20828,0.016149323854742232,0.03257978192951834
RP11-644F5.16,20845,1.6900309929253273e-05,2.485793151207612e-05
CD63,20851,11.605229378486431,30.80875001657543
PMEL,20861,2.82161531020778,13.162573680701431
RPS26,20868,18.718245249832734,143.08656380164712
PA2G4,20871,2.4995917263815404,3.9719833930802038
MYL6,20880,14.105701226895654,46.561028972145124
ATP5B,20903,9.263767686138008,15.653612380439185
PTGES3,20904,8.001085661811487,13.689690219523342
GPR182,20910,6.6533847734821585e-06,1.0784543786035519e-05
NXPH4,20920,0.10890289930588515,0.322640318085075
NDUFA4L2,20922,0.2357603792700453,0.6592238231821314
DDIT3,20933,0.4558057697465705,1.1090144044911687
RP11-272B17.2,20969,3.111787993282491e-05,6.990198459836538e-05
WIF1,21005,0.025690809135502618,0.05528922959743417
RP11-230G5.2,21008,5.0096526388265254e-05,0.00010071696458805776
RP11-221N13.4,21011,1.2238020684018841e-05,2.1492384594720867e-05
RP11-123O10.3,21026,1.3906704610423883e-05,2.3597757736086937e-05
RP11-81H14.2,21040,0.00022922043395726585,0.00038518395843666205
MDM2,21047,0.3349082417749453,0.5796195465366899
RP11-314D7.2,21091,1.7875254440212102e-05,3.496203773211547e-05
RP11-274M17.3,21097,6.846260993256565e-06,1.141887730759058e-05
KCNC2,21101,4.469094772577811e-05,6.629059706819015e-05
PHLDA1,21112,0.07633338994268937,0.11793128545377984
CSRP2,21120,2.197593231588869,3.23400523770003
RP11-90C1.1,21132,1.952059957726204e-05,4.081115627434612e-05
SYT1,21135,0.2522998681620783,0.3981047042300379
NTS,21174,0.017422167966144476,0.028397015484397155
DUSP6,21187,0.3560225491605498,0.616410820473583
ATP2B1,21195,1.8356556063312988,3.0940630083422214
LUM,21207,0.005472830091201726,0.030350662264271227
BTG1,21214,2.363699625035403,4.000843737155711
CLLU1OS,21216,4.622719558886369e-05,7.99700287673723e-05
RP11-202G11.2,21225,5.367772174908219e-05,8.458444065631671e-05
NUDT4,21228,0.576195980107456,0.8533450554440302
GAS2L3,21289,0.1054292532593264,0.15286059900462728
PMCH,21310,0.00019593196807876485,0.0026850271906899985
ASCL1,21314,0.027777620451159585,0.05557368887472007
HSP90B1,21326,4.827984093250637,15.014622024687153
RP11-114F10.3,21349,6.323662456676345e-05,9.492054943629998e-05
RFX4,21354,0.323079109743846,0.5656797704476142
RP11-797M17.1,21362,1.1270921419770577e-05,1.7659372112331205e-05
SNORA40-1,21381,0.0007020964890272324,0.001020107122454264
RP11-423G4.7,21384,0.00021141247527314933,0.0003159867417381547
SVOP,21385,0.005137026200604312,0.009040602114545396
PPP1CC,21419,3.4740300427043014,5.060559693435101
RP1-46F2.2,21423,0.019634376523029115,0.029571839213026217
LHX5,21465,0.24623298019474504,0.3604424533543026
RP11-82C23.2,21466,0.5560862375922532,1.077765885978057
TBX5-AS1,21474,2.328206361689904e-05,3.606100690586145e-05
RP11-110L15.1,21486,6.3464268348099995e-06,9.812395807290638e-06
PEBP1,21512,6.008325619912734,9.154029691535946
SRRM4,21521,0.034208857220407854,0.05403363666788926
RP1-127H14.3,21532,4.119236722158489e-05,5.9659298884355754e-05
MSI1,21541,0.6788188282491031,1.2118810808631135
DYNLL1,21548,4.3944692305067665,9.428152025222897
AC079602.1,21563,0.0009030430152014861,0.001670824554905761
OASL,21567,3.0207263949367338e-05,4.8627584412888024e-05
IL31,21592,2.8620859940936145e-05,4.513365462590468e-05
UBC,21649,6.522758845121356,21.68935705446608
RP13-653N12.2,21684,1.3831916161740793e-05,2.3423890197089212e-05
RP11-337L12.1,21692,7.0330016458567825e-06,1.2050302330733346e-05
RP11-989F5.1,21707,1.4621488644502165e-05,2.1864681830638017e-05
RAN,21709,11.180992635137077,25.403823238784028
RP13-895J2.2,21739,2.8163352339323016e-05,4.584031950128316e-05
LINC00421,21781,6.5787563320138354e-06,1.0543968298962823e-05
AMER2,21841,0.004454406932317644,0.006563692333908922
SHISA2,21851,0.2796989144007211,0.49528998691479953
GPR12,21857,0.0011409196718859752,0.0017781322392123686
FLT1,21879,0.0015532486697786754,0.005174406722568615
POMP,21880,3.8243612761828727,5.5405052032246935
LINC00426,21896,0.000184136978013313,0.00035156257185893464
HMGB1,21898,11.096616685924564,48.08687316332119
ALOX5AP,21900,0.0009242370066850213,0.001504657952212525
TEX26-AS1,21902,0.0005829524085329523,0.0012299605946929845
RP11-252M21.6,21906,2.2470519745888573e-05,3.391056003657128e-05
MAB21L1,21933,0.0038556662449146383,0.005897753312254091
CCNA1,21941,0.032487427083001966,0.9663565144655748
POSTN,21950,0.00022855783209260885,0.0004500454601310698
LINC00437,21954,0.0004849263004369949,0.0014878977075126142
STOML3,21958,0.004014219666422993,0.006222964381330369
RGCC,21976,0.0030362508840531123,0.004891017607013543
DNAJC15,21986,0.6029465985546828,0.910251339252877
TSC22D1,22001,3.0482397174630473,5.043503667623071
RP11-189B4.6,22027,0.06546025130112663,0.12725740496736532
ITM2B,22040,2.4672892549400096,3.856098424779315
RP11-175B12.2,22063,6.561771590632286e-06,1.048959542825259e-05
CKAP2,22085,0.5554899934401719,1.2415771469289747
PCDH8,22091,0.098512151675886,0.14633305184667877
LINC00376,22116,7.463774341680286e-06,1.3571676978953941e-05
LINC00364,22129,2.439693321387459e-05,7.820379373690201e-05
MZT1,22136,0.8441169459959651,1.6257113733842772
BORA,22137,0.15181801935008188,0.22637596520370656
EDNRB,22168,0.03160227301142063,0.050983215301737876
SLITRK6,22193,0.10650240755247349,0.17123433268278335
LINC00380,22213,1.5796986173983627e-05,2.689365534076959e-05
ARGLU1,22300,2.2678750104541647,3.9244026765962268
CTD-2292M16.7,22419,1.0222392184129654e-05,1.6007306455309223e-05
PNP,22430,0.2633514275899648,0.5987352470088738
RNASE1,22447,0.5167176606503696,1.9233365110580691
HNRNPC,22471,11.636186854278947,21.758394870361286
AE000661.50,22485,0.0001745547399538372,0.0002558154902894787
PSMB11,22509,5.098582630354216e-05,7.894515336995797e-05
DHRS2,22537,0.043210391279031674,0.24705106008256075
CTD-2503I6.1,22612,0.00032005189470893424,0.0007186561081479294
SFTA3,22670,0.10892295157053623,0.1590019807505454
NKX2-1,22671,0.2670509071970319,0.5180687301515814
NKX2-8,22673,0.02700254354555494,0.045856677013013165
CTD-2142D14.1,22688,1.4335973262894516e-05,2.1719463519553767e-05
PNN,22698,2.612780195668615,3.9098828733658904
MIA2,22699,2.1428626895110874e-05,3.0951246893096e-05
MIS18BP1,22727,0.4673961034794283,0.7513748807367384
RN7SL1,22740,0.021299085838902956,0.04017430713937254
BMP4,22815,0.7208219128530557,2.531249290775045
CDKN3,22816,0.5551408852638092,1.8279316833842834
LGALS3,22826,0.03783318345664932,0.12274555310559812
DLGAP5,22827,0.4533681815916652,1.0845466811225384
RP11-698F20.3,22828,4.3441242079591276e-05,6.884069900684686e-05
OTX2,22847,1.0792944755126261,1.8514133168047373
RP11-517O13.1,22867,3.1842535727008116e-05,4.637910988292185e-05
DAAM1,22872,0.32797024789582674,0.5141581438358567
RTN1,22877,0.09164668356532173,0.1681271143899906
SIX6,22887,0.012298860457269368,0.019459733012373203
SIX1,22890,0.0047275492965732,0.00845214370581893
SNAPC1,22904,0.6822428478280221,1.198925166745295
CTD-2277K2.1,22905,1.7118250520776898e-05,2.4992156694975945e-05
RP11-355I22.5,22907,8.035749734645147e-06,1.5731469964463337e-05
RP11-696D21.2,22915,6.371490276853688e-05,0.00014676883403522348
GPX2,22941,0.004739407238467992,0.02006449060583188
ZFP36L1,22972,2.3321569485049647,5.1851404198454185
ACTN1,22973,0.5289901126048239,0.8943785494825593
ERH,22980,5.6941724188089795,8.881034058583403
PLEKHD1,22982,0.0009521967540027627,0.0022766444365269235
SRSF5,22986,2.426868651499961,3.533908100748926
NPC2,23056,7.198260606551926,13.286699256314705
RP11-293M10.2,23079,4.670370955206574e-05,9.1327126917379e-05
FOS,23080,0.2592609319538411,0.5744258776276568
RP11-293M10.5,23081,0.0065632696104719656,0.01721107792471522
RP11-270M14.4,23089,8.803141890072696e-06,1.8879562294062166e-05
RP11-7F17.7,23105,2.1856698796371976e-05,3.43835295492307e-05
SLIRP,23127,3.4164068785326096,5.126755319155739
DIO2,23142,0.012004017665973254,0.018498428792733505
RP11-799P8.1,23151,0.00015245956459409776,0.0020287026122827695
RP11-11K13.1,23155,7.285483244384628e-06,1.2931033229349613e-05
GPR65,23179,2.1443768862269757e-05,3.348620653982264e-05
RP11-753D20.4,23184,7.318449134494863e-06,1.3048320482935464e-05
CALM1,23206,4.057511198783572,9.078999384493056
CHGA,23240,0.016860638979378968,0.02776003963527462
GSC,23272,0.17117263034146893,0.28930185888146315
RP11-725G5.2,23278,6.2337597362727675e-06,9.467092847460647e-06
DLK1,23352,32.56826813355061,773.939152494783
MEG3,23354,0.574032070453519,2.842988094144575
DIO3,23373,0.08842962127559154,0.29075514428491656
HSP90AA1,23384,15.666505375364805,114.86943535815337
RP11-661D19.3,23393,3.495631563885291e-05,6.017132060929907e-05
EIF5,23403,1.4671634682480719,2.348531065029526
CKB,23405,9.9571224673984,39.48409187886334
CTD-3051D23.4,23447,0.000437690207491245,0.0011284340327766791
GOLGA6L2,23506,0.0007895465488702924,0.0013876331563351435
RP11-580I1.1,23514,6.5625784771679135e-06,1.0492175105846981e-05
RP11-580I1.2,23515,9.266224299630282e-06,2.091809477445413e-05
AC124997.1,23528,6.5714664620273085e-06,1.0520614191932093e-05
AC011196.3,23536,1.1674235018129058e-05,1.7087185865968508e-05
GOLGA8K,23586,1.353274181562305e-05,2.3370192720700416e-05
GREM1,23598,0.004858070714539401,0.009891436807455835
GJD2,23618,0.001626036368675575,0.0030913467664366733
ACTC1,23620,0.38522223510108344,12.40422477208505
RP11-1008C21.1,23639,2.688804908633408e-05,3.8815040334306106e-05
RP11-521C20.2,23667,3.398990594698204e-05,5.43658039964562e-05
KNSTRN,23684,0.4070524012446998,0.860029336085457
C15orf62,23698,2.60721363333143e-05,4.214677591273998e-05
CHAC1,23707,0.02712836593818521,0.04153110816136641
CHP1,23713,0.8655309117147704,1.520292281003008
NUSAP1,23715,1.612736935949705,7.118573103846571
MAP1A,23769,0.36499164937507184,0.6293007920461047
PDIA3,23775,3.746361533752971,6.013247821556675
SERF2,23778,10.468492173358015,18.26459961164619
B2M,23794,1.7745224082137154,3.4464356477585816
C15orf43,23797,9.266224299630282e-06,2.091809477445413e-05
DUOXA2,23802,0.0024324204327170833,0.0048276920327769805
SNORA11,23808,6.40046180948728e-06,9.98019718016403e-06
SLC28A2,23810,0.0045487882575984545,0.009167331523243404
DUT,23838,1.4127630248632108,3.1604236543932562
SCG3,23878,0.23598817323699167,0.9429658411033728
ONECUT1,23901,0.010346879386525275,0.0175162668253344
RP11-358M11.3,23927,6.261528988395527e-05,9.254587676227957e-05
LIPC,23938,8.569917918286006e-06,1.7892450032264988e-05
CCNB2,23948,1.872438449020105,8.601138968399999
ANXA2,23959,5.160573614893709,29.875515425790006
RP11-39M21.2,23967,3.130545328352216e-05,4.953764432017892e-05
RP11-507B12.2,23968,7.091874514516933e-06,1.225289118444138e-05
C2CD4B,23976,0.00015690596642907207,0.000336049988153618
RP11-625H11.2,23983,3.3797020919471046e-05,5.300770638443609e-05
TPM1,23986,3.664228684342714,15.010880816486385
RPS27L,23991,4.862500506674246,12.646557087083323
PPIB,24007,3.4167542390035015,5.759753114377977
KIAA0101,24010,2.4594069268911394,9.106206025227873
PIF1,24018,0.18626653732229845,0.4140653656838468
IGDCC3,24032,1.4561990936688038,3.014575146342714
KIF23,24086,0.2156398077953693,0.36494502285659447
RP11-2I17.4,24112,1.0014083097229457e-05,1.5094250907377897e-05
CYP1A1,24165,0.005832712078862909,0.03980808206448952
RP11-593F23.1,24207,4.750360714870721e-05,7.254679937248215e-05
PSTPIP1,24214,0.10547343342977034,0.5319567950153429
CRABP1,24239,2.668810919561166,87.98624778347722
PSMA4,24244,3.4421939520796476,5.242133250509122
MORF4L1,24251,5.301042940834814,7.649388073498933
ANKRD34C,24256,1.0551887897445686e-05,1.5244061036626928e-05
GOLGA6L19,24304,1.0845497221992966e-05,1.7295914123177588e-05
LINC00052,24364,0.021831221318289268,0.03689484717379401
RP11-429B14.3,24389,1.1711339565800444e-05,1.7060725089576884e-05
IDH2,24402,1.5787706328656366,2.2789846518188974
PRC1,24429,0.3453280417514972,0.5941259406302829
RP11-152L20.3,24438,2.937408118216415e-05,4.276644561351414e-05
NR2F2,24476,0.3690905728798954,0.5981491051585986
HBA2,24566,0.0008464703897094364,0.012759750765235809
HBA1,24567,0.0015622289391661762,0.015099566531883652
NME4,24579,2.1169877003864577,3.204406163477308
METRN,24602,1.1526408118281115,1.8428892524287535
NPW,24684,0.2801197245991373,0.5491354737619976
DNASE1L2,24701,0.011284165785525144,0.02061841842119452
CTD-3126B10.4,24726,0.00048553014564618285,0.0015442494833671383
SRRM2,24730,2.372600560728051,3.5956197912141548
PRSS22,24735,0.0005858620286581398,0.0009210710077803441
LINC00514,24744,0.004089800208558785,0.006789947912692843
CLDN9,24748,0.002943078831647353,0.007885941290810083
CLDN6,24749,0.3748898852856636,0.970230249751639
TNFRSF12A,24750,0.2640963234121278,0.9037579731364198
IL32,24757,0.03724297450660511,0.1807712456380419
OR1F1,24768,6.115898519739364e-06,9.11248993459883e-06
CORO7-PAM16,24798,3.477046958316522e-05,5.060092845772417e-05
RP11-517A5.5,24958,4.347197129392567e-05,6.656252963741137e-05
ARL6IP1,24979,3.7773388596314796,27.590422909342642
HS3ST2,25055,0.0009303777258957975,0.0013583695805989332
PLK1,25072,0.9823874299699228,5.066527578305358
CACNG3,25079,0.00952191478755726,0.019119675189812366
CTD-2313J23.1,25080,6.64000901440242e-05,0.00010334844661727673
CTD-2547G23.2,25094,1.3403548467325786e-05,2.2564253897240322e-05
QPRT,25162,3.2923096726294316,5.399935515055031
KIF22,25167,0.7492583275119241,1.2103511859899179
MVP,25176,0.036127363321695756,0.05374312836596129
FAM57B,25189,0.3560302705313384,2.4505880018932356
RP11-297C4.1,25218,1.089694785995835e-05,1.8363878712881694e-05
AC002310.13,25222,1.14831002836065e-05,3.212438453106746e-05
SRCAP,25233,0.4079534526466739,0.7620420791086392
FUS,25264,2.478630460473252,4.162643714884546
ITGAD,25274,5.9154664363333325e-05,9.268544095023664e-05
CTD-2358C21.3,25288,6.855053560969539e-06,1.1448226522722393e-05
ORC6,25337,0.7050309990840099,1.1162674407299904
RP11-169E6.4,25344,1.3259065377622362e-05,2.2600919127378798e-05
RP11-523L20.2,25351,7.084343899730207e-06,1.2226884002313688e-05
CTC-527H23.4,25363,1.6747899142638403e-05,2.5284693864671107e-05
CBLN1,25366,0.0032646722984961433,0.0048298531733422375
NKD1,25387,0.3633752402774343,0.6258898749293266
RP11-401P9.1,25388,8.393266943873578e-05,0.00012329906285653635
RP11-324D17.2,25432,6.883344500223869e-06,1.1542915174245716e-05
MT2A,25465,2.450202255219899,113.14076522360051
MT1E,25467,0.2784269125124937,5.842548707979862
MT1M,25469,0.0024489321516690116,0.012013582894725464
MT1F,25472,0.16257278226237043,0.48197989136004593
MT1G,25473,0.05349596297836402,2.0169251094992724
MT1H,25474,0.042647662592422156,1.5614563704345856
MT1X,25475,3.642671571123724,171.7960510808101
SLC12A3,25478,1.730074731229555e-05,2.7660198667675324e-05
HERPUD1,25479,0.3733024448571666,0.7397216513436862
RP11-21L1.1,25539,0.00036402215428120476,0.0005537226827518807
Y_RNA-1,25560,0.006777466780849022,0.010860569732364475
CA7,25575,0.0008539664483202783,0.001635354887808261
RRAD,25580,0.04457171283898752,0.07471676410323186
TPPP3,25605,0.07701571660622278,0.14170170196102816
DPEP3,25640,0.030929759700954886,0.05340101358588923
SMPD3,25654,0.00499561774690705,0.007496982460617465
NQO1,25680,0.5273380619402211,1.4839913054303076
CALB2,25714,0.013466623280070419,0.025325698146735222
PHLPP2,25726,0.019875703495044566,0.04460017816978918
RP11-190D6.2,25817,1.6066346454064888e-05,2.5893077727763988e-05
HSD17B2,25855,0.0005079073699315324,0.0008803084408811373
RP11-486L19.2,25882,0.0002097964777590855,0.0006156251283817801
COTL1,25892,5.851680606408262,17.53280613012509
GINS2,25907,0.7958538108830037,1.2892375410043182
RP11-514D23.3,25921,4.178281769836059e-05,6.610394953677958e-05
RP11-514D23.1,25923,1.0477856914109564e-05,1.6506131243600678e-05
CYBA,25974,1.1656236619631049,1.6881952280201
CDT1,25986,1.1496686943684504,2.2765111765336954
YWHAE,26069,10.061349528780124,18.87833429256264
SERPINF1,26085,2.4391410473354322,5.9012003905318
ASPA,26128,9.054732145657365e-05,0.00025703882782975447
CYB5D2,26151,0.14157575528374655,0.22304869906389815
RP13-580F15.2,26156,0.0003631194229346131,0.0008693684619608158
AC091153.4,26166,1.6924347710370746e-05,3.4982763254789386e-05
TM4SF5,26173,1.9293780542593663e-05,3.4552344150735915e-05
PSMB6,26176,3.8530897861398556,5.7038660715565985
PFN1,26185,13.592428413983901,35.47689273327143
ENO3,26186,1.16879117770464,1.967381866873081
FAM64A,26218,0.5693982295711509,1.467289476228515
TEKT1,26228,0.001536888289271432,0.00259044016597549
ASGR2,26243,0.00021584945919111257,0.0003376968199670537
CLDN7,26254,0.01782121500686283,0.07224745905049991
EIF5A,26258,2.8272738914865387,7.182005183834859
TMEM256,26269,3.1667667936217025,4.659628163907495
DNAH2,26298,0.0009572812685247761,0.002240209444476477
TMEM88,26300,0.6979648915794076,1.3547080413865276
HES7,26315,0.18097392647111263,0.3083116093451412
VAMP2,26318,2.354043071287399,3.606217038828113
AURKB,26322,0.9997984526809867,3.1304090597099274
RP11-849F2.8,26324,0.0026430437524070033,0.004036063062447798
ARHGEF15,26330,0.006579986209120688,0.035236004673003564
RNF222,26339,0.0014312381030918955,0.003205587709657239
WDR16,26356,0.0036489758497172636,0.005407671499696924
MYH8,26371,5.200478454221062e-05,8.228068947394576e-05
MYOCD,26398,0.0013689276022414766,0.0021410675902257224
AC015922.6,26446,0.0004707239068975504,0.0009007331658547988
CENPV,26453,3.3096488189487445,6.427650863942672
UBB,26454,12.50778335019682,37.707514943425025
FAM211A,26459,0.3297288184029474,0.6172141303691548
CCDC144A,26463,0.009898517570264333,0.017052030666704944
RASD1,26481,0.06199380076042184,0.13029789060087174
TBC1D28,26511,2.2583875071176782e-05,3.270499206874551e-05
EPN2-AS1,26540,0.00013399119558145004,0.00029663682669812437
MFAP4,26544,0.04277529333472594,0.07810488850974086
WSB1,26605,4.00937374614158,8.822665744508612
NOS2,26613,0.007458350979830629,0.014047293180453493
FOXN1,26639,5.1931784798033886e-05,8.481611266823776e-05
AC116407.2,26743,9.701477931445302e-06,1.7408787060231194e-05
RP11-443G13.2,26745,1.2705830401533187e-05,2.1688245488576295e-05
RP11-215E13.1,26771,8.295531478852211e-06,1.676505263240609e-05
CCL2,26774,0.11895743134427668,0.2797851703702772
CCL5,26824,0.0012644341830832496,0.002032603500157939
CTB-186H2.3,26831,1.812867137143422e-05,3.312960115167894e-05
RP11-104J23.2,26834,6.118002100828911e-06,9.118759060043006e-06
CCL4,26839,1.6660043193423352e-05,3.790274477221034e-05
CTB-91J4.1,26840,6.753263625669286e-05,0.00031228545880707364
RP11-445F12.1,26860,0.03077204082227506,0.04676459795411843
LHX1,26861,0.027995199698439034,0.04827715015702368
RP5-906A24.2,26910,2.2671033496585568e-05,3.337067612209427e-05
RP11-94L15.2,26929,0.0007654897117253825,0.0029405250678700098
TOP2A,26953,1.5901127282856093,10.251134237605575
CCR7,26957,0.0003728268463329178,0.0006826509594285743
KRT24,26961,4.457153659226375e-05,6.539881577287548e-05
KRT12,26970,1.508131708470746e-05,3.1164790758965776e-05
KRTAP3-1,26978,0.004211905556277675,0.026691306377106035
KRTAP2-3,26985,0.00019867216821002092,0.0003363836192629954
KRTAP4-8,26988,7.495218939953488e-06,1.3686271033469333e-05
KRTAP4-4,26995,6.915898873307746e-06,1.165235672400822e-05
KRTAP4-1,26998,9.355556278702654e-06,2.1323364473409165e-05
KRT31,27013,1.072352205849274e-05,1.7092445928133935e-05
KRT38,27016,7.62695772412603e-06,1.4171609579856805e-05
KRT19,27023,1.7505824709502489,10.123688154081693
KRT16,27027,0.0012674594644480972,0.00745954278144032
GAST,27031,0.00038814049682937867,0.0009833369851437147
RP11-358B23.5,27053,5.2197992275403996e-05,7.764095151123349e-05
PTRF,27056,0.2414950669088997,0.4318027166402431
ARL4D,27099,0.369132379517995,0.7909844499287696
SOST,27106,0.0006747165877937388,0.0010196849288766443
C1QL1,27162,0.024968618703125417,0.08345460578798197
FMNL1,27173,0.00472879405679762,0.007844320003037081
AC091132.1,27182,1.2392157053027824e-05,1.8733935440706942e-05
MYL4,27211,0.22658537149195426,0.6589678063273617
HOXB1,27247,0.0002473213187546953,0.0004882429554290667
RP11-357H14.17,27260,7.717244510776918e-05,0.0001704706802401353
RP11-708H21.4,27278,1.733331379601724e-05,2.784245725637444e-05
COL1A1,27316,0.8237564718816317,2.9963217531468516
RP11-893F2.15,27318,7.151742168093354e-06,1.246063547880839e-05
RP11-94C24.6,27330,2.3083821772924254e-05,3.4080801549195174e-05
NME1,27350,3.4427868731862343,5.314098571511989
SEPT4,27419,0.16458745287588783,1.345664757453201
CTD-2510F5.4,27429,1.7400327337552835e-05,3.047054468381943e-05
CA4,27448,0.11765781666162343,0.2708462172464432
RP11-180P8.1,27477,1.6711916113426482e-05,2.4256510909401858e-05
DDX5,27518,1.7352177868699794,2.8536747398202116
APOH,27533,4.7626334639708055e-05,8.249506220041469e-05
CACNG5,27536,8.272387682998893e-06,1.6671638161548853e-05
RP11-349A8.3,27538,2.627573915296182e-05,3.9604241574817485e-05
RP11-855A2.3,27549,7.810623608114717e-05,0.0001143174253635699
KPNA2,27552,3.2313300641513734,41.632599108091505
MAP2K6,27572,0.47571077016922664,0.7654991573462877
CTD-2378E21.1,27582,1.5312843120606566e-05,2.2919721063068793e-05
SSTR2,27598,0.02004731750594757,0.04286834928646099
RP11-449L23.3,27607,6.281081356255382e-05,0.00010059639126385774
CTD-2532D12.4,27610,1.579755610793898e-05,2.5724876628345428e-05
CTD-2582D11.1,27614,1.2272579795814948e-05,3.669342415120845e-05
BTBD17,27624,0.2517418851309195,0.38411899428793783
CD300LD,27630,6.449963735731538e-06,1.0135170626665897e-05
FDXR,27642,0.8926094995200063,1.6452144785622083
HN1,27656,4.740589552043526,13.25412272419296
RP11-16C1.3,27666,4.480644773492663e-05,6.855734967411237e-05
H3F3B,27681,23.80817877417157,189.19196175437355
RP11-552F3.13,27694,1.9008903844218655e-05,3.780061443233193e-05
FOXJ1,27702,0.161588042675376,0.2420587466703505
ST6GALNAC1,27717,8.421049162941876e-05,0.0001330800935042178
SRSF2,27723,1.4419672554392442,2.0948873763965166
RP11-285E9.5,27731,8.984346757894751e-06,1.429471698748553e-05
BIRC5,27747,1.657739606251257,5.890915931608635
ACTG1,27826,28.879644214626698,206.80664128740477
P4HB,27844,3.9947378031322986,6.476459673982859
NPB,27852,0.02006667332525081,0.04045174301171215
SLC16A3,27878,2.488815494701342,4.349817804974302
TYMS,27928,2.4241659452437783,5.303491529259974
ADCYAP1,27936,0.02444557052180577,0.07004880699895509
NDC80,27946,0.30239242199397226,0.5195468290027867
MYL12A,27957,1.9069657976284053,3.2962633153311285
TGIF1,27962,1.0142796375733458,1.5899278726311181
CTD-3096M3.2,27980,6.770703335577716e-06,1.1168222875315543e-05
RP11-286N3.2,27983,6.347936382998242e-06,9.817063888521997e-06
RP11-789C17.5,28006,1.1767577942581988e-05,1.9659714352813586e-05
APCDD1,28030,0.084517792948467,0.13575240917406578
RP11-856M7.1,28035,7.022822348949163e-06,1.2015445366927593e-05
RP11-677O4.6,28044,2.868302837103805e-05,4.1559674132051356e-05
ANKRD62,28058,0.0011444933111874331,0.005704375377015157
TUBB6,28063,0.4875164805419131,0.7480903032251431
RP11-861E21.1,28066,1.0184286735058251e-05,1.633124575375965e-05
RP11-973H7.4,28073,0.0002877997062598144,0.0021231260283440805
SNRPD1,28116,5.020062568497227,7.487367274934062
RP11-627G18.1,28128,1.3267329481139776e-05,2.3510004547386522e-05
CDH2,28179,1.3704450025308057,2.3824403960559986
DSG3,28195,0.0016040692316273424,0.004085040534370589
TTR,28199,0.0955570264304817,1.244170928981239
CELF4,28249,0.24227673820212223,0.41685375719522766
RIT2,28259,0.0014243029441452532,0.0024853747941390014
SYT4,28260,0.6786019073351166,2.0003456277375258
RP11-309E23.2,28266,7.0721412699997734e-06,1.2184798852345499e-05
RPL17,28308,4.894263690722961,8.583223635086636
RP11-99A1.2,28340,1.6052445276798494e-05,2.7618061091793505e-05
ST8SIA3,28364,0.0075035841954324825,0.0111117965850122
ONECUT2,28365,0.04031645368507146,0.13948867528060802
RP11-685A21.1,28388,6.609715036818342e-06,1.0643438553192757e-05
PMAIP1,28400,0.06839374487072496,0.10537231057377282
SERPINB5,28426,6.164909940686182e-05,0.00010493454441898942
AC100848.1,28439,2.7065983225638384e-05,4.071261097532467e-05
RP11-723G8.2,28476,5.341949983055975e-05,8.154908288216168e-05
CYB5A,28488,0.5842017278297308,1.0438746958244995
CNDP1,28493,0.0009967523101802758,0.0029885442617229117
TRIB3,28571,0.06957931638496487,0.20803742471078882
FAM110A,28580,0.09160533965830081,0.15291928516341013
SIRPB2,28594,0.00013401110828360028,0.00021683486459965967
SNRPB,28608,4.6455898143596865,8.768155599737117
PCNA,28661,1.182315335515838,2.7045667841056553
RP5-828H9.1,28665,4.187764876330865e-05,6.733404844515085e-05
SNAP25,28700,0.00707243134986854,0.012620655070955921
C20orf187,28709,7.092817431651047e-06,1.2256150033605676e-05
RP5-1069C8.3,28718,1.0114354529809266e-05,2.4922570582747418e-05
FLRT3,28729,0.4556268443904619,0.7521984708507153
OTOR,28736,0.00028424854625941587,0.00046448221217084925
DSTN,28740,3.396741119347311,5.139073167711571
INSM1,28777,0.009652622224920299,0.014501010731021571
RP5-872K7.7,28781,6.0152657252999055e-06,8.815077377955176e-06
RP5-1004I9.1,28794,0.00021681987187693514,0.0003868161050723505
LINC00261,28795,0.24674944620184158,0.36050380458461584
FOXA2,28796,0.7257032221660106,1.1510561141718838
RP4-753D10.5,28799,6.1767673193751505e-06,9.294777038792943e-06
CD93,28802,2.3959763165372618e-05,4.946448005271765e-05
VSX1,28835,0.0024204489664373927,0.006764516511736702
ID1,28867,0.4082081065618676,0.8550216435588933
TPX2,28872,0.8382001733018332,3.0078775589141453
MYL9,28979,2.831529714648761,14.58346666409909
MROH8,28992,0.17129789642962692,0.6109533558249892
NNAT,28998,1.6881540346790944,16.94661142010559
RP4-640H8.2,29000,0.00034989585322477785,0.0008525612678373249
FAM83D,29018,0.2005047285213732,0.36691788447255613
GDAP1L1,29052,0.10210984247112855,0.15019255814287852
SDC4,29086,0.3152592842123127,0.5103000964250738
WFDC2,29095,0.9995295705993482,1.9025557225879706
UBE2C,29110,3.465684412365622,58.10912463828275
PLTP,29120,1.5272203563818378,2.444847020243592
RP11-15M15.1,29202,6.022732239336984e-06,8.836974299880052e-06
DOK5,29216,0.13605174933051656,0.20214788074402307
AURKA,29223,0.5453687544702779,1.76208410478193
RP5-843L14.1,29230,6.98879806249171e-06,1.1899302135765145e-05
CTCFL,29243,0.02505727144520996,0.040252428378877804
PCK1,29244,0.00015701816427097639,0.0003109136326786748
C20orf85,29250,0.0003745067469118736,0.0006091887847604412
GNAS,29265,2.7346516184842975,5.186359468498681
ATP5E,29270,6.466706691794289,9.633740084400635
EDN3,29273,0.007583620387526671,0.011634968942384095
RP4-614C15.3,29275,7.706244968933172e-06,1.4467788079805648e-05
PSMA7,29293,5.550445257631669,8.727453059442983
RPS21,29302,13.862267725132684,26.224300160288237
NKAIN4,29339,0.3976768212149253,0.7754819060967986
RP4-697K14.3,29347,2.5142773816497296e-05,3.742133068091245e-05
PPDPF,29348,11.793546599151147,29.11951737000757
STMN3,29355,0.12259359245397217,0.1797053687404851
BSG,29407,13.251504758376672,32.230280090508614
ELANE,29427,2.884867253722404e-05,4.216034073889083e-05
GPX4,29444,7.2060350097794545,12.255532203130024
CIRBP,29451,10.133909129064168,18.449176335778148
ONECUT3,29479,0.0028099990343476316,0.004951656899070163
CTB-31O20.8,29485,9.548022938725503e-06,2.220973621483953e-05
OAZ1,29505,6.784063068244788,13.050049305562133
GADD45B,29514,0.2684712115148842,0.42522318802573494
ZNF556,29525,0.0022209318096679032,0.00734085387698779
MIR7-3HG,29604,0.07183972751556067,0.3081503286093797
ARRDC5,29611,7.194156802292716e-06,1.2608873970373826e-05
PTPRS,29613,1.431981066801985,6.270616512920247
AC024592.9,29630,7.859547000627479e-05,0.0001278495716540861
AC104532.4,29637,0.006189619337652737,0.012830595822821117
CD70,29664,0.015179528828085076,0.022283002992340283
EMR1,29672,1.2367872899945106e-05,2.4068939779109534e-05
MBD3L5,29676,0.0014696504817214857,0.049757489799752384
MBD3L2,29678,0.006561356667458461,0.5474429269693842
MBD3L3,29679,0.0009990822814166514,0.015613808825020102
RPS28,29733,46.9239732086051,179.7592390343816
HNRNPM,29740,2.577176974002865,5.381420451742659
UBL5,29781,4.962047597620093,7.508049687929979
OLFM2,29784,0.22699896689361612,0.3411004458448436
SLC44A2,29820,2.0770162412185016,3.2904264022450427
SPC24,29834,0.3619115479687109,0.6517399679946004
ELAVL3,29850,0.11229581669218423,0.4256812498981534
CNN1,29854,0.07879542918860225,0.16672657586908454
JUNB,29914,0.10201279997239908,0.20143931568153356
PRDX2,29915,7.065789470308633,11.024924294616923
RNASEH2A,29917,1.1886263039806895,1.7694411966986459
CTC-425F1.2,29927,7.10370090709925e-05,0.00012960989120307486
CALR,29928,3.87750013276148,8.816017664713364
IER2,29942,1.2855693378255029,2.116578808082758
CASP14,29996,1.0341179191642688e-05,1.497799643879993e-05
OR1I1,29997,6.811313362412981e-06,1.1302596089119328e-05
TPM4,30026,2.5760900374887634,4.187638226524218
BST2,30081,2.1774056700824636,7.124035431471053
CTD-2521M24.8,30085,0.015602371351044513,0.02674563069475998
FAM129C,30094,0.0013050003552193834,0.003933778783151882
CTD-3149D2.3,30097,1.7992745487149266e-05,3.030589439711768e-05
RAB3A,30116,0.37963262204820564,0.6004862103741412
JUND,30120,0.2656694296994934,0.9812504561629651
LSM4,30121,6.1854274457871385,9.229104202523637
GDF15,30123,1.042623694415911,6.620545508217489
AC005387.2,30131,7.798575492996647e-06,1.481654953000928e-05
CTC-559E9.4,30181,3.2740966451549094e-05,4.831371352776489e-05
CTD-2538C1.3,30318,1.684321622338484e-05,2.6533138270674236e-05
CHST8,30340,0.033872408509542665,0.07347120182732009
GPI,30345,2.437061911167562,4.02864871225562
APLP1,30426,0.4874954760082689,0.7285171726809576
AD001527.7,30444,1.5357781171339724e-05,2.947655943224982e-05
AC104534.3,30537,1.857002142492746e-05,3.414646481220085e-05
CCER2,30544,0.004050167257217414,0.00810658055675409
DLL3,30573,0.39640768239695656,2.870480059152352
LEUTX,30583,0.002397857101036511,0.07221446093168221
TTC9B,30594,0.0010187414743990891,0.0014849302542429435
PLD3,30598,3.015116337537917,4.541572634778751
RAB4B,30615,0.21643775259154258,0.32869336532862614
CTC-490E21.12,30618,2.0421116512078726e-05,3.2386285626956844e-05
AXL,30626,0.36302877069539824,0.5438825689860577
AC011526.1,30640,2.4684150323589747e-05,4.3416228613820283e-05
AC006129.4,30642,0.0010085886926931636,0.002528313319587281
CEACAM3,30651,6.704364931517885e-06,1.0950445631514707e-05
ATP1A3,30659,0.016908234954484617,0.024589573784162776
PSG3,30683,1.590203935122553e-05,2.9349115144056036e-05
PSG1,30686,7.842887705113029e-05,0.0001264524102876954
PSG6,30687,1.5783653585046162e-05,3.352390414804106e-05
APOE,30758,12.173864337778042,108.69729922716886
APOC1,30759,0.5072611169620941,0.7634535300318284
ZNF296,30767,0.05319709956492075,0.12046563662484613
FOSB,30788,0.022829611785270237,0.03484740867318161
CALM3,30837,4.070777101043415,6.33099297551226
BBC3,30854,0.3718003340939433,0.6043160313594826
TPRX1,30874,0.002223385055453586,0.05871145789429091
EMP3,30894,0.28426966527014846,0.41031465536666023
SPACA4,30910,1.783812224603419e-05,3.541771244869922e-05
NTN5,30916,0.0020556046319646043,0.0029916704540975617
PPP1R15A,30926,0.3286173829463839,0.49347917645639494
BAX,30931,2.4927016460884235,4.355080806449452
FTL,30933,74.89148884752261,3077.9849041121697
CGB5,30942,2.1281589317136226e-05,3.155857988483835e-05
PTH2,30963,0.004972848017584098,0.007894930927989496
ATF5,31003,0.38050518404717537,0.7516772653299089
CTD-2545M3.8,31023,0.0055905407698158376,0.008430131052608245
KLK15,31038,1.2654955936336573e-05,2.0157842359617687e-05
KLK2,31041,0.00014657742401517603,0.00021911362851709015
ETFB,31072,4.136654662121392,8.63778574106487
FPR2,31096,2.3413790168104092e-05,3.8374593270981165e-05
VN1R4,31152,6.2315763962351864e-06,9.460462606297239e-06
CTD-2337J16.1,31192,2.5210204624553966e-05,3.993332666848014e-05
TTYH1,31200,1.4806007017630725,3.5737981874522986
TNNT1,31233,0.9445022280679318,2.350129084391332
IL11,31253,0.057729705497257644,0.10877046663032904
UBE2S,31259,2.6548960253137017,20.662180632719434
RFPL4A,31284,0.0003674043285580178,0.010351256892739085
RFPL4AL1,31285,0.00014320981687837952,0.000754490308611153
ZSCAN5C,31297,4.983631942610824e-05,0.0003036197975741296
PEG3,31322,0.00798231742542967,0.012015634315483347
ZSCAN4,31360,0.0017688824734965914,0.035235190225162166
CTD-2583A14.9,31373,1.203830868201113e-05,1.7689107248653646e-05
RPS4Y1,31420,5.306418786660126,50.913271195534065
NLGN4Y-AS1,31477,1.8253841296724085e-05,2.7076378335404858e-05
EIF1AY,31493,0.3941113717775518,0.6826898283699045
CCT8L2,31539,1.234374312691211e-05,2.1446575893770508e-05
AC006946.17,31549,7.197067269917892e-06,1.2619078180649934e-05
SLC25A18,31558,0.016278369017764513,0.02530110910594772
AC008132.13,31572,0.0016818844022295318,0.005882899169324765
GSC2,31582,7.342612670518131e-06,1.3134627139543864e-05
CLDN5,31594,0.0017722617461135158,0.002630206963275997
TXNRD2,31601,0.10436423697031055,0.15778302575698608
RANBP1,31610,5.674656144560448,16.046177059365974
SERPIND1,31636,4.6847117241597135e-05,7.366324113075745e-05
AC007308.7,31638,6.791379497228989e-06,1.123653735719121e-05
PRAME,31678,0.04322880553954951,0.09959812715213501
CHCHD10,31700,2.920687899118207,4.417035330500735
MIF,31708,4.0146355261254065,7.375567618978465
CTA-407F11.7,31745,0.00010478503842362296,0.00015894501143801228
RP11-259P1.1,31752,6.0514112083200906e-06,8.921334454690581e-06
CRYBB1,31760,0.001392988171909427,0.0029606345186601376
MIAT,31762,0.8301526550179478,2.098713598739392
XBP1,31786,3.208305391424455,8.646089254712255
RFPL1,31801,0.00020897610339816282,0.0012575864271083701
SELM,31849,0.32533475915367954,0.4945716802638275
RFPL2,31875,0.0022685250499713426,0.05555205079782895
RFPL3,31881,9.212870689009215e-05,0.00025849863640551115
TIMP3,31891,0.20994404468398664,0.3461027630578541
HMOX1,31909,0.14481306850934897,0.3877968210815871
APOL1,31922,0.0014387090033817981,0.0022060308623778973
MFNG,31954,0.4278744259348717,1.1513928870011358
LGALS1,31963,2.4992817171023467,14.628950060049267
H1F0,31966,3.311368272520452,12.580259020441536
EIF3L,31970,11.099660707835467,17.69788897222071
APOBEC3A,32010,0.001459839111862508,0.0031598038375845127
ATF4,32028,1.7030440563839928,2.5461844199246713
BIK,32103,0.05209636316741665,0.08135690183908378
FBLN1,32142,2.898537383772776,4.788768769404125
C22orf26,32148,0.00016898610036090889,0.0006049229264989437
FLJ27365,32151,0.0015347553823335807,0.002234811241076046
GTSE1,32158,0.39531735068438223,0.8744745809760596
CTA-384D8.33,32226,5.962163147404697e-05,9.149803996012857e-05
AF165138.7,32248,0.0004642894041647699,0.0009441044579189726
AF127577.8,32252,0.0003951148673300129,0.0006707193192649164
AP000473.8,32265,8.458549960896193e-06,1.74304391698104e-05
CXADR,32269,2.2803375614550965,3.6622730457344383
CHODL,32276,0.008491407946446794,0.014102191093168091
AP000459.4,32301,0.009825671158995308,0.0378305658704984
AP000459.7,32302,0.00023833040778644556,0.0012531387947045318
AL035610.2,32341,2.1548547409391512e-05,3.782464034758711e-05
CCT8,32349,6.156607109139942,8.998943621017176
GRIK1,32355,0.00016212053868086562,0.0002427426817949658
KRTAP19-5,32377,2.2927895965430864e-05,3.5217423398935505e-05
SOD1,32398,3.6745417901070505,5.397064856541162
MRAP,32408,0.0003663191136315124,0.0007508048187202703
TCP10L,32414,0.024106004388907327,0.0642771302020393
C21orf59,32416,0.7256345866455292,1.5492761752862236
OLIG2,32425,0.03538170588476323,0.07731669344298246
AP000692.10,32481,0.047198756551049485,0.09769916206152138
SIM2,32490,0.24069403707184744,0.37068210915699057
TTC3,32495,2.2950202034752465,3.5240014461981035
KCNJ6,32504,0.00320449218557091,0.004896820811281487
DSCR10,32508,0.00030774914156482763,0.00239680131966587
HMGN1,32526,9.312840562056948,18.06036014736496
PCP4,32534,0.015582990682180433,0.050926945712154746
TFF3,32561,0.45453558671466776,0.9488876656263424
RSPH1,32566,0.03178399698864334,0.06634459305144444
U2AF1,32581,3.135178941309934,4.67534923487368
CRYAA,32584,0.0012923839399811014,0.005407894170300458
DNMT3L,32608,0.00022082795107321058,0.00033298662708081773
AIRE,32610,0.0003397145892559863,0.0014250968459330142
KRTAP10-7,32631,0.00035208645670913556,0.000567896118002789
MT-ND1,32696,9.474168239708485,38.614870129651536
MT-ND2,32697,12.145507111012712,62.56926736614241
MT-CO2,32699,20.958274157201906,164.0665006635694
MT-ATP6,32701,5.67359530337345,22.184891111987405
MT-CO3,32702,22.32373816306342,198.66154468521268
MT-ND3,32703,3.8495593168671474,10.702614287080674
MT-ND5,32706,2.8968627372005105,5.5558976599012855
MT-ND6,32707,0.9729664677211306,1.5315470073065176
MT-CYB,32708,7.790854499382755,43.027255086688456
AC145205.1,32733,6.790514871086809e-06,1.1233676811816654e-05
