gene,gene_index,mean,var
HES4,40,2.598343135119489,11.617796476026848
ISG15,42,0.3946688808113689,1.77968064539359
MXRA8,66,0.5726148086864172,0.9109264261171746
C1orf222,98,0.0037742450052580087,0.007256514499771965
AL589739.1,112,1.5355395361495537e-05,2.5679300244167645e-05
RP3-395M20.12,120,0.08856704686554985,0.20888986381995922
RP13-614K11.2,154,0.0006153549841097797,0.00094331021089632
RP3-467L1.4,198,7.945992190407478e-05,0.00010944498891666564
DRAXIN,262,0.8540815733086038,1.1823519059139302
NPPB,270,0.06965380279530198,4.311943506262681
DHRS3,279,0.1048375402094665,0.15198652396534512
PRAMEF12,284,0.0014451549133613695,0.025354272057839015
PRAMEF1,285,0.00043597598928859854,0.003703591109801445
PRAMEF2,289,3.9732313463677e-05,9.80401326220778e-05
PRAMEF4,290,1.2220018777123002e-05,3.243661839734624e-05
PRAMEF26,297,3.055106332552271e-05,9.24237931672499e-05
PRAMEF13,303,0.0001342166759096338,0.000843557832275071
PRAMEF14,308,9.667602987447528e-06,2.030156076184182e-05
RP11-344F13.1,317,2.0709197076251414e-05,6.52346877509151e-05
C1orf64,347,0.20037599052193486,0.28426949915585326
NBL1,416,0.05621188812964649,0.0979680801345224
PLA2G2A,423,0.00233492488191369,0.0640964949364767
PLA2G2D,425,0.0001892475257502492,0.001266922814752076
CDC42,464,2.973447419515968,5.715298211251115
EPHB2,472,0.25645773122686644,0.3522660292184021
RP11-69E9.1,473,1.1485065959887797e-05,1.7502879445973947e-05
HNRNPR,482,3.702983094814172,5.600391310814693
C1orf213,484,1.340372257350944,1.908312149136752
ID3,490,2.927644504113398,10.133393550466568
CNR2,500,0.0002963845613931714,0.0004331998000273906
STMN1,544,7.951550105999991,40.05349365612395
SH3BGRL3,556,3.323711390855688,9.398884177510777
CD52,558,0.017517372024958948,0.026362156401218327
HMGN2,564,10.549998676438769,44.273086009610765
SFN,570,0.012181875711942418,0.047020171393837996
IFI6,594,0.046504230329182626,0.07367116765517057
OPRD1,625,4.203503085668238e-05,5.783979140299489e-05
EPB41,628,0.38033406415732884,0.5639611037554849
FABP3,654,0.0825276857741373,0.20784517443397024
RP11-439L8.4,658,4.235867164468619e-05,0.00017681964359016788
TINAGL1,660,0.0037510611849091925,0.01630542341243764
RP4-534N18.2,673,1.5874315127089985e-05,2.2689883363541602e-05
MARCKSL1,688,9.32639509108403,17.591388138290682
HPCA,704,0.03199423597400943,0.05211516538303097
A3GALT2,714,6.779365458064547e-06,9.98320313142005e-06
SFPQ,735,0.7925182716189341,1.1208038698994574
CLSPN,744,0.39982287163081737,0.6661824332842979
CDCA8,776,0.5778666852660588,1.3101774627853622
POU3F1,789,0.36706442094411923,0.5018851831726638
RHBDL2,797,0.0018734043214608017,0.004332342649043698
NDUFS5,799,7.973817081535976,11.339909343762692
RP11-420K8.1,801,7.749514943146234e-05,0.00012075976990840304
SLC2A1,868,4.316137005995157,13.741022232173112
CDC20,878,2.181440481321674,11.064911099483101
ATP6V0B,895,1.8225528611653323,2.6104083474995567
KIF2C,906,0.5135500570138387,1.2019292762342046
PLK3,910,0.24119665436809734,0.4288182403930396
PRDX1,924,8.809812882969565,20.300791149378867
NASP,926,2.491076787555762,4.542720534071194
UQCRH,941,11.871688579277865,16.77023392856762
LINC00505,945,0.09705114109320978,0.1383264521711255
FOXD2,970,0.001742330205963695,0.0030075940067419062
AL109659.1,978,6.868823052282427e-06,1.0248409747611191e-05
ELAVL4,988,0.08890090762761864,0.2455955665909796
RP11-567C20.2,989,1.4937998481640587e-05,2.4597880581955195e-05
DMRTA2,991,0.10172256621951277,0.17806495853719445
RP4-657D16.6,1008,3.0078326821557158e-05,4.157621058006253e-05
FAM151A,1071,0.00027148285860747876,0.004240096405147749
TACSTD2,1107,0.006041731506644659,0.09925065954327664
JUN,1109,0.24023756869840268,0.612738574551379
RP11-5P4.1,1143,4.286637566543457e-05,5.8702634616482386e-05
RP11-335E6.4,1147,7.980280687252976e-05,0.00015297242789594697
RP4-792G4.2,1150,0.006458380816158073,0.013313052084691083
FOXD3,1151,0.0008295561134717255,0.001192802918056737
RP11-24J23.2,1158,0.000320171022054927,0.0005490034879829011
RP11-342H21.2,1178,1.3872479808749437e-05,2.2682685681202474e-05
IL23R,1182,0.0001166078039341495,0.00017006757912682984
SERBP1,1184,7.408041411353623,10.290427481806184
GADD45A,1186,0.7238948362625278,1.8570939063126748
WLS,1190,1.0452163314076477,1.6329714610599422
DEPDC1,1192,0.23957975393342257,0.42403590000744157
RP3-333A15.1,1211,1.7420437528740474e-05,3.298440649381882e-05
RP4-788P17.1,1220,1.5123377469007042e-05,2.5434635129213868e-05
IFI44L,1264,0.00025092775327313285,0.00039490124440192043
IFI44,1265,0.00015832429677090906,0.0004503372208839204
RP5-837I24.4,1274,9.708265650012621e-05,0.00024969973200364724
RP11-147G16.1,1275,1.8037098654642944e-05,2.5622820937210815e-05
RP4-601K24.1,1276,6.8249682235719526e-06,1.0117963224442051e-05
CYR61,1302,1.311749036353911,7.256172644887718
GBP2,1329,0.00039698706538701683,0.0033410144323806805
BARHL2,1344,0.021511222606733344,0.033527974597215474
ARHGAP29,1376,0.41414110667917914,0.6398639937051132
CNN3,1386,3.899583441472122,6.285997234169232
RP11-14O19.1,1396,6.929250626799418e-06,1.0429520410916302e-05
RP11-14O19.2,1397,0.00016714579380171522,0.000264146472800687
RP4-617C6.1,1398,6.381174479668135e-06,8.844902537417447e-06
MIR137HG,1409,0.00024461552872607264,0.0003391548474888606
PALMD,1416,0.0007064187571759588,0.0011194702266285274
GPSM2,1484,0.12963447561493086,0.1820947212315148
C1orf194,1491,0.018576258943322124,0.025706299174675786
PSRC1,1495,0.39657533611621676,0.8299261355127564
RP5-1160K1.8,1504,2.722911630298744e-05,4.458644399146851e-05
PIFO,1558,0.22428768195909793,0.3366021481762121
CAPZA1,1577,1.1815759215582804,1.6496094142364952
RHOC,1580,1.2367590826512198,1.7659513275959475
CSDE1,1611,3.04882442945879,4.544316702383309
NGF,1618,0.009586375516045015,0.015561609082478245
NHLH2,1621,0.036331456410138324,0.05068087805497085
PHGDH,1663,4.151325668858791,8.951163345500326
HMGCS2,1664,0.0014941753873084541,0.002254240655279476
RP11-343N15.2,1678,2.426279401902326e-05,3.3798847520203944e-05
TXNIP,1722,2.2729265262387384,4.017776816480187
RP11-337C18.8,1746,0.008618568009431525,0.01418122428045475
PPIAL4C,1794,1.3234732583125861e-05,2.028106140828579e-05
RP11-277L2.5,1797,2.6817956292121107e-05,3.793292336690791e-05
HIST2H2BF,1803,0.005090627369675885,0.007042526069065309
HIST2H2BE,1815,0.17730518026130695,0.4556988480815806
ANP32E,1825,1.819814698909961,2.9635743705357074
C1orf54,1829,0.9899447830395411,1.3904827381298395
ECM1,1835,0.02951416731579912,0.04155628554504792
MLLT11,1858,1.4174004099299318,3.2497520441877064
CELF3,1883,0.017253652014073556,0.02612027489106056
S100A10,1900,1.6499962001564104,7.265710761178575
NBPF18P,1901,0.006358459989953343,0.03161345474970398
S100A11,1902,0.900481235444423,6.785815952066782
SPRR3,1941,0.0016496237992769485,0.07524956709891421
SPRR1B,1942,0.00010413311488173419,0.0003395142236254206
SPRR2D,1943,0.00020335451501602653,0.0005465710358521741
SPRR2A,1944,5.977027536976832e-05,0.00023122769932621014
SPRR2F,1947,7.222213120886974e-05,0.00010444097421992852
PRR9,1951,1.1920051419461705e-05,1.8225379488902924e-05
S100A9,1955,0.0001895139945989208,0.0015369287716390366
S100A6,1962,0.44771957413266456,1.3428974548583659
S100A16,1967,0.12235926156217054,0.20401814816922884
S100A14,1968,0.0019018092109115638,0.0038291545960477008
S100A13,1969,1.6646712482505974,5.227600886715225
ILF2,1974,3.321811289229204,4.637914982649937
RP11-216N14.9,1978,8.161118002482323e-06,1.4467421317830611e-05
RPS27,1989,63.16850027852332,373.36283048860514
CKS1B,2016,4.443090931246173,21.635048150306233
EFNA3,2025,0.25251034472799666,0.37960922008622583
LMNA,2066,0.29727899188944695,0.5253094493005591
C1orf61,2081,0.00037692328532938917,0.0005305488990169773
NES,2095,1.4579729296481168,2.951656751424313
NTRK1,2105,0.03405189685386618,0.07561418884426169
ETV3L,2110,0.004597186662464817,0.0067512294833060316
OR10K2,2132,6.967155335964417e-06,1.0543936479207415e-05
CCDC19,2168,0.005482685591358054,0.0075549367572517335
TAGLN2,2170,0.7516637398459836,1.4523865450256206
RP11-536C5.2,2176,1.3901692030967305e-05,2.0882080295061057e-05
KCNJ9,2177,7.927725221874356e-05,0.0001296519349921361
NHLH1,2190,0.15938451579382598,1.3441091717344833
CD48,2197,3.9762165589915345e-05,0.00018843221263872508
AL590714.1,2225,1.8551741188711147e-05,3.9843521141188625e-05
MPZ,2230,0.025462991519569142,0.04051484724415419
C1orf192,2232,0.0008786443593462893,0.0014165648809355822
HSPA6,2236,0.001595688795224253,0.015153969096359217
SH2D1B,2254,8.30836891795965e-06,1.4994201492649728e-05
RGS4,2261,0.13864100801452292,0.2686096329124518
RGS5,2262,0.033042806735135544,0.047404214825340636
NUF2,2266,0.4707209665514497,0.9605744224255117
LMX1A,2269,0.09448582013194898,0.13745087016077986
RXRG,2272,0.006968900555090071,0.01301681059843593
MAEL,2293,0.005321626232024654,0.009852112268048045
ATP1B1,2323,0.551843731585235,0.857283126771733
SELE,2334,0.0002016552079062354,0.0003857651726677949
RP1-79C4.1,2346,2.7981883806679543e-05,4.094438869787017e-05
PRRX1,2347,0.030744690691079605,0.04999204467832557
PRDX6,2373,12.161222777798239,30.019671804786384
CACYBP,2390,1.9434245100377734,2.696478638773369
TNR,2396,2.6273768412558508e-05,3.652645175393788e-05
RP11-33M22.2,2458,6.868035520318973e-06,1.0246059785002574e-05
GLUL,2464,3.674447402395991,11.25807843059607
RGS16,2469,0.5053618886154169,1.818529510006979
IVNS1ABP,2499,0.5268360626628555,0.7313530565494051
PDC,2511,1.253303721326714e-05,1.91224449030901e-05
ERVMER61-1,2520,0.00024973787808958627,0.0004548857262747488
RGS1,2541,0.0020410179443721846,0.0033188486325825967
RGS2,2543,0.6297388504892285,2.1093036858359966
B3GALT2,2550,0.0011982695476621705,0.0017659671917314023
RP11-21J7.1,2552,1.3041730176592628e-05,2.0901885335333628e-05
ASPM,2565,0.21806656764894092,0.3703842807508759
LHX9,2572,0.0006785675416605003,0.0011553036404197733
PHLDA3,2607,0.42385672947803926,0.6426469922813143
CSRP1,2608,0.3088828766459635,0.5489531721059088
ELF3,2624,0.17264943392940585,0.29039512624257585
UBE2T,2629,1.176811613645571,2.527965633680985
MYBPH,2649,0.0012935592468795874,0.003148110074793127
BTG2,2654,0.6377868693086867,0.9208276209737141
LAX1,2659,0.00014439272215515013,0.0006475496720895754
SNRPE,2662,7.187065778403624,10.566815515728607
MDM4,2676,0.3917296071583946,0.5797838699486825
KLHDC8A,2689,0.021295886382033145,0.03426725930079645
LEMD1-AS1,2690,0.00011985614882306349,0.00016924292058952137
NUCKS1,2697,7.291013386095472,21.27660249559174
RP11-38J22.3,2707,0.00011052306115034856,0.00015414452504258563
IL24,2725,4.3490518893792604e-05,6.641314029594498e-05
RP11-164O23.7,2734,1.8299228257076203e-05,2.510230780201834e-05
MIR205HG,2752,0.02132120627993231,0.10758695116786518
G0S2,2757,0.055359661399947975,0.09242047070084229
SLC30A1,2774,0.08287663596034582,0.12247760287832148
NEK2,2777,0.3825966547673237,1.1629060995785472
ATF3,2794,0.1375829851312282,0.43834694111434386
CENPF,2814,2.187266947122578,16.989274079036086
HLX,2858,0.0003036872448593656,0.000464351698160362
RP11-449J1.1,2899,1.3704851846719488e-05,2.08391240769229e-05
LBR,2901,0.269082181049797,0.36947619012187205
SRP9,2905,4.687603870783594,6.453897348332159
LEFTY1,2909,0.0008322840254086295,0.002919612286884372
LEFTY2,2912,0.0478052485344077,0.6918981748687184
MIXL1,2919,0.00864446907628437,0.012953590178779123
RHOU,2960,0.6783987272088511,1.017549130069438
ACTA1,2969,0.4047811516230745,4.976623750927264
RP5-956O18.2,2979,2.2966626167732015e-05,3.261384188931257e-05
RP11-544D21.2,3070,0.00047770719497860424,0.002713479529650482
GREM2,3079,0.0029078796763522337,0.005464955016564091
RP11-261C10.2,3096,3.8751070726525726e-05,5.495077260508147e-05
ADSS,3112,1.2488753326166921,2.4884694917571957
HNRNPU,3117,3.2036428253486147,5.022853128977321
OR6F1,3154,1.8925842195468708e-05,2.8226450529423048e-05
OR2L3,3169,1.6198535862412514e-05,2.921015426421652e-05
SOX11,3268,1.9270964850241925,9.200665660860908
ID2,3294,0.30454380548886595,0.7443018831708598
YWHAQ,3308,5.187798916233536,7.823663030183642
RRM2,3323,0.4977254753095407,0.9170103831654242
ODC1,3326,9.601393134515254,25.415761420239136
PDIA6,3335,6.009692028881257,9.653155033349329
AC010745.4,3379,1.7866630912721086e-05,3.137222199291694e-05
VSNL1,3386,0.07739726934369454,0.12058614427477869
KCNS3,3390,0.11524506992773212,0.1602582269111316
LAPTM4A,3407,3.8729948766671116,6.516733004695986
RHOB,3412,0.2376208125022299,0.38634380078102587
AC009411.1,3428,8.073067538546181e-06,1.415692660860814e-05
TP53I3,3448,0.4514351216180133,0.654121542738088
POMC,3465,0.006177358696205059,0.012692308886416186
DRC1,3481,0.020839007678759174,0.03163061534554262
CENPA,3488,0.3264137755965233,0.8196242775400262
PPP1CB,3545,0.9441179545181201,1.5517415704505244
LBH,3559,0.08336821936973597,0.13259482429360533
AC020594.5,3587,0.00024458963456535374,0.0003639104664332428
QPCT,3614,0.2009464245072324,0.2786803224360566
CYP1B1,3621,0.027895878805274506,0.1541890872513884
SRSF7,3633,1.8723076228926603,3.3187755105947265
ZFP36L2,3667,1.3426656598729612,2.5604527043062637
SIX3,3681,0.26294730839796726,0.37757766540683035
CALM2,3713,12.217837749807796,77.32950385899693
BCYRN1,3716,0.042237581748563575,0.061314180785392705
EPCAM,3717,0.36596178519061584,0.5591199434836532
EML6,3756,0.005295016726662415,0.01722270596412081
RTN4,3758,2.9068405492836655,5.087360178514102
EFEMP1,3769,0.5284452145996285,0.9380296492544622
AC011306.2,3771,0.004572287656770298,0.006630518208467589
EHBP1,3809,0.34096685509550934,0.46861435176596866
AC007403.3,3855,6.807892225632692e-06,1.0067395673141634e-05
AC010987.6,3863,1.7348592935964464e-05,2.5314074323294103e-05
SNRPG,3902,3.1042937117605898,4.57901514422641
EGR4,3939,0.0037253029681224774,0.017970249118095045
ACTG2,3947,0.07426992307402779,0.17110433555110588
MTHFD2,3958,1.2493131688300179,2.4314057606394384
AC005041.17,3973,1.0970229972845993e-05,1.6109707998423924e-05
GCFC2,3997,0.3797713573149201,0.6286636354137196
REG1B,4009,0.00021181897455275155,0.00039318036447526076
REG3A,4011,1.3008723257676993e-05,2.367864130349844e-05
TRABD2A,4025,0.03719512212118239,0.07893113948689146
TMSB10,4027,17.126652293558976,98.60030109196799
VAMP8,4039,0.11221850007216645,0.20393486234039931
CH17-132F21.1,4082,2.3306688780782786e-05,3.95912623487936e-05
RP11-440D17.4,4097,2.1172965319881935e-05,3.416397577141048e-05
TRIM43,4098,0.013120896746544736,0.7538348888169076
CNGA3,4137,0.0003954389366996692,0.0005715482607701317
LINC01104,4159,1.9326801060595208e-05,3.663519508968917e-05
LINC01158,4210,0.010254537206340246,0.014018126369337941
AC009505.2,4229,4.1041183903697225e-05,6.567747596654432e-05
AC009505.4,4230,7.586084663682181e-06,1.2500493833893488e-05
AC018878.3,4233,1.8426232741058264e-05,2.592522862609995e-05
SLC5A7,4247,1.7090773904825238e-05,2.3629103960735776e-05
BUB1,4278,0.22273500391637452,0.40235024958674825
CKAP2L,4305,0.18689175977392422,0.30274098532323257
IL36RN,4312,7.503396359452459e-05,0.00011676091215614738
AC009303.1,4346,1.5431405641636422e-05,2.6651295921479167e-05
AC079154.1,4390,1.288639155481188e-05,1.818789945453439e-05
CFC1B,4437,1.3950432301864997e-05,2.2766194279826085e-05
LYPD1,4469,0.5899734446141416,1.4227870540315495
NCKAP5,4471,0.015950851648711312,0.021799193832765695
TMEM163,4477,0.006607180229118205,0.011105227724189669
CXCR4,4492,1.3339770918165936,2.2455293454336918
KIF5C,4538,0.4335187489461863,0.6232440743329192
AC007364.1,4543,3.0653866979707995e-05,5.175113959841561e-05
RND3,4546,0.3149807646630443,0.46463644675682375
KCNJ3,4573,0.0027041413399349293,0.01473196442795976
ERMN,4580,0.04457471259366893,0.06224611584434222
SPC25,4653,0.33586863795047117,0.48468560750577094
SP5,4674,0.9457874085160232,1.3589071790544018
GAD1,4678,0.19069754005714906,0.26439075556088104
CHRNA1,4722,0.0008819178300720554,0.0019587239599967465
AC016751.2,4730,7.3594538191053615e-06,1.1764757969420362e-05
HOXD-AS2,4737,2.1537747106938175e-05,3.4867490346013214e-05
HNRNPA3,4756,4.559632691617138,6.4648698853868325
UBE2E3,4791,2.761032692106281,3.778853993291416
NEUROD1,4798,0.08569816579837033,0.3509861253377367
FRZB,4806,1.1839801588460503,3.2090178366172433
TFPI,4828,0.4664389638569236,2.9089359256883585
COL3A1,4832,0.0013871942750366556,0.003203402770852926
TMEFF2,4866,0.009616157329673495,0.016535897757879205
HSPD1,4893,11.55891904754232,21.80499873348313
HSPE1,4894,5.363282742603019,11.36410459877882
RP11-486F17.1,4907,4.3244947493892665e-05,7.278923920691174e-05
SPATS2L,4914,0.3689525794985544,0.5237102156075326
SGOL2,4916,0.3460986692958539,0.6775276481665197
NRP2,4971,0.4693802179063736,0.7899575509776037
MAP2,5017,0.6932395801203405,1.1378079120017812
FN1,5046,0.07334762815804227,0.21155594065444439
RPL37A,5068,51.67362303595022,204.0597311790748
IGFBP2,5071,5.817544719465443,38.828582105540164
IGFBP5,5072,2.7461356148172102,19.016241302730474
TNP1,5076,0.00013910912191770087,0.0001988451459446805
AC007557.1,5080,2.4772460009645755e-05,4.406794297853832e-05
RP11-459I19.1,5110,9.534116182441553e-05,0.00013333659078159304
PRKAG3,5111,9.524549864296647e-06,1.9705194912364032e-05
WNT6,5112,0.0019320969109260443,0.003607983871253012
AC097468.7,5115,4.240212200576107e-05,7.1668993528963e-05
FEV,5118,0.00040777043213542657,0.0006618514053014385
CRYBA2,5119,0.0007358275342006379,0.0015764313217318225
TUBA4A,5134,0.02636993463979047,0.04346513491877981
RESP18,5138,0.004427613624904986,0.006484338026826104
DES,5141,0.009439252524296296,0.015683089781343244
ASIC4,5147,0.009722490332225917,0.015927529047236242
PAX3,5167,0.05157338793771213,0.12916685114713372
CCDC140,5168,0.002618699737250139,0.00738068525132456
ACSL3,5174,0.4260072332441464,0.5870073559674525
SCG2,5179,0.001986091283363926,0.004212144860727079
SERPINE2,5184,0.5826745124475179,0.9743850432589547
NYAP2,5189,0.0010120063161143337,0.0032970418101527822
IRS1,5192,0.14553288272337542,0.2089362267164679
MFF,5198,1.5163490113716929,2.08100342463943
TM4SF20,5199,2.02397778105807e-05,3.322132603454833e-05
ITM2C,5221,2.3202355500202563,4.254781772078028
NCL,5233,6.025446939293426,15.207634522593764
PTMA,5237,45.82505656785611,294.350135023064
ALPP,5243,0.00015358150708082513,0.0004860837036480861
ALPPL2,5245,0.013470071385125269,1.0263300213415194
PRSS56,5249,0.004132828848807937,0.016816434231130564
HJURP,5279,0.32234373938993033,0.6284382967651475
ACKR3,5299,0.005923257924514911,0.008442322841107809
COL6A3,5306,0.006677293039655387,0.011251719486120549
AC112721.1,5307,9.081105241269867e-05,0.00030891535160819297
PRLH,5310,9.393032575202758e-06,1.916476278287983e-05
AC104667.3,5312,0.0020076393959830314,0.006233865274836639
RAMP1,5316,0.0065731541593262366,0.00976910038686816
HES6,5325,0.34005794190508515,2.61190777130435
AC017028.1,5339,3.431543153625406e-05,4.7092524812479616e-05
AC093802.1,5344,0.00031460212066482783,0.001506435184844761
C2orf54,5367,0.00026004022799795755,0.000651801894864582
CHL1,5410,0.010352031815048027,0.0141460895341426
BHLHE40,5433,0.243570280930547,0.9278709569379362
LMCD1,5450,0.06339370195841385,0.10608328121160913
FANCD2,5489,0.28735655140870076,0.39383781109642607
TMEM40,5518,0.0026117627847253777,0.005724557669467279
SGOL1,5581,0.362381185652625,0.5019068838324618
ZNF385D,5586,0.1226307489673345,0.32265625504108936
LINC00691,5596,0.00014659035452088863,0.00020153811718425576
AC133680.1,5599,1.68714776719617e-05,2.9083599187713466e-05
RP11-222K16.1,5610,0.00016747869316671512,0.00023785575105828797
EOMES,5612,0.0015139858015949547,0.0027915112387119616
CTNNB1,5713,1.0574976084183674,3.3019960009160614
CCK,5716,0.05956457165431415,0.5150450318174052
HHATL,5727,0.00047447207513864865,0.0006933753592698785
RP4-555D20.3,5748,1.6519070975586223e-05,2.2591039152763183e-05
TDGF1,5798,0.0004959213516731364,0.002074875693900538
TMA7,5830,5.774018967783369,9.10499410946818
IMPDH2,5858,5.505416314676108,7.598033674832781
KLHDC8B,5865,0.677594636786025,1.0431615317676999
RP11-3B7.1,5868,0.0001094368679798078,0.0002518560057681986
BSN-AS1,5880,6.796438958951241e-05,0.00010652550319342587
CAMKV,5891,0.05336924970415889,0.08991226282009218
MANF,5926,1.4290522805247747,2.369185609890586
GRM2,5931,0.00984476857511638,0.016306323591318655
IQCF5,5936,7.347710537604339e-06,1.1727241985321224e-05
PCBP4,5941,1.499565796386793,5.238453376191668
TKT,5985,4.339883259022084,5.9448592265553195
CACNA2D3-AS1,5995,3.166938066573645e-05,4.348993605263515e-05
LRTM1,5996,0.07654404061430362,0.23054005484485618
RP11-64C1.1,5999,9.11971343325532e-06,1.8065675063306386e-05
RP11-58O15.1,6006,6.578219367346173e-06,9.399581521009715e-06
FAM107A,6038,0.3357975662190632,0.521830566859442
FEZF2,6051,0.3527484405355589,0.620338984976389
SYNPR,6054,0.000379449418954793,0.0005521332317534638
FOXP1,6100,0.36070586689376294,0.49460729188086616
FRG2C,6125,5.748440457514768e-05,0.00013521672771710762
ROBO2,6128,0.018658508829879798,0.027493848073091274
GBE1,6138,0.7679878085624053,1.1096365121518563
RP11-451B8.1,6152,1.3586270936331184e-05,2.861206449959366e-05
COL8A1,6195,0.0013206170714133059,0.001825006885325271
NXPE3,6217,0.04765579182257475,0.09482397784460761
RP11-446H18.5,6228,3.251187248178876e-05,5.121470837278952e-05
IFT57,6237,0.9644664451332078,1.6795575273804146
TAGLN3,6265,0.4743551446932963,3.177589337865411
CCDC80,6278,0.15152972949609433,0.20802408008459278
BOC,6288,0.13530884145916008,0.21452654729895787
GAP43,6315,0.14664949308503997,0.9046412190851663
FSTL1,6352,1.0664446710403652,2.278219890620269
SLC15A2,6366,0.0037092683739139423,0.006234544275447357
FAM162A,6372,5.508959646344439,13.430984339845772
MYLK,6391,0.03705572305853349,0.06576477114438532
ROPN1,6395,8.978238666847918e-05,0.00012654845653940053
ALDH1L1,6415,0.0031784056142005676,0.004397385404343649
MGLL,6439,0.004123504259620393,0.006618759643284744
RUVBL1-AS1,6443,2.023200676347095e-05,5.4439171112405514e-05
DNAJB8,6445,6.417431134138882e-06,8.945698481466142e-06
GATA2,6447,0.004022548365064021,0.0071454950770612445
H1FX,6467,2.030567080169255,5.249957025343032
TRH,6478,0.023777973369966007,0.06440458850435242
RP11-102M11.2,6527,0.005985706884488235,0.01120666818639875
SOX14,6534,7.024383390379017e-06,1.0717863347433686e-05
RP11-2A4.3,6535,1.2765055654558396e-05,1.8956487663873953e-05
RBP1,6562,2.3230734199556204,6.086310902174872
GRK7,6582,0.0001324803169301698,0.0002605186890158892
PLSCR5,6616,0.0011778486495736564,0.0019816587525712703
GYG1,6634,0.558661622975239,1.1692806998589382
RP11-206M11.7,6639,0.00019160952763021868,0.0005123616357430025
TM4SF18,6640,0.002327613929087478,0.006274091525819286
TM4SF1,6641,0.002426148189747568,0.010214014567468201
TM4SF4,6644,1.9080366119549283e-05,2.811421449172802e-05
PFN2,6650,3.4035438208105258,5.95846144716694
IQCJ,6750,6.413992884835026e-06,8.936115331753939e-06
SMC4,6760,1.3718985237832444,3.5492638342963483
TRIM59,6761,0.27509508847827,0.5082798565126836
NMD3,6767,1.008622688964981,1.6574254974570677
RP11-450H5.1,6783,1.93322095118146e-05,2.7417038442709253e-05
SERPINI1,6790,0.08890910851461327,0.12987187362165192
CLDN11,6825,0.09173719420115814,0.2845439837985035
RPL22L1,6828,1.202853768854993,1.9172020665876688
AC092964.2,6838,6.574607147566766e-06,9.389261881384189e-06
NAALADL2-AS2,6851,6.985855790079163e-06,1.0600614372326859e-05
RP11-2L8.2,6867,2.0359236393786117e-05,3.359395705953153e-05
SOX2,6903,3.487127521815742,6.415628488555086
EIF4A2,6985,10.709575562686162,22.05777362300833
ADIPOQ-AS1,6990,2.479010786006301e-05,3.760517217834776e-05
MASP1,6995,0.009776632209674955,0.013879676986794993
SST,6998,0.012433105814926002,0.9821671170754365
HES1,7051,2.2186142270747684,5.830519600106016
AC090505.4,7069,0.0006572730999468579,0.006560301360813966
SLC51A,7092,0.0032204672628144107,0.0044512545696274676
SPON2,7169,0.031840572605587814,0.06121676393416166
NKX1-1,7176,7.150238681377475e-06,1.110536680330024e-05
TACC3,7183,0.3202841495342215,0.6326321896887852
NSG1,7226,0.08906619936263334,0.1276515877703973
MSX1,7230,0.14167976849169694,0.2759010561541638
CRMP1,7236,0.3508353033595149,0.6204422855792695
S100P,7250,0.0011643403086295276,0.0036221314507975688
RP11-689P11.3,7275,1.8474906058018994e-05,2.7061626123614856e-05
RP11-1338A24.1,7279,3.397159123939114e-05,5.525603986673771e-05
CLNK,7310,0.0021780328014731703,0.0031663774272766977
TAPT1-AS1,7348,0.024006634560850657,0.07410531011604864
SLIT2,7366,0.2817397266472007,0.44254900858194735
SLC34A2,7393,0.002904759111954407,0.05489046114024627
RP13-494C23.1,7397,2.799209387046426e-05,4.1499941025132204e-05
RP11-240A16.1,7420,1.3239818338321204e-05,1.975398671060718e-05
RP11-617D20.2,7446,3.380150628739577e-05,5.403473310492979e-05
TMEM156,7453,0.0009509308579847043,0.002180437623843141
UGDH,7462,1.423701802230028,2.2182641013152717
UCHL1,7479,3.1001569714847363,7.817354364922005
PHOX2B,7482,0.00040283416258040647,0.0008201408451811656
RP11-227F19.1,7483,7.29635845948207e-05,0.00010233542113330339
GABRA2,7510,0.11516682572180124,0.1625166428850554
COX7B2,7512,3.9430956125820275e-05,6.45525047968666e-05
CORIN,7518,0.00956523636685372,0.018462533894757313
TXK,7523,5.839824294546949e-05,8.411594962469159e-05
ZAR1,7527,0.0004037613988725567,0.0012393086897104276
OCIAD2,7531,1.5365561947413187,2.425672776407272
RASL11B,7544,0.2118365393067474,0.38594045118705594
NMU,7571,0.6270481615518698,0.8576476117079265
HOPX,7586,0.0021191225919559003,0.010797107835625168
IGFBP7,7592,0.04221872555300582,0.45272950638760756
IGFBP7-AS1,7593,4.5958738186927996e-05,7.405434558696465e-05
SULT1E1,7650,2.1508068676773996e-05,3.16761375690522e-05
HTN1,7655,3.0050424591532155e-05,4.181393114766898e-05
NPFFR2,7678,0.005022852933070359,0.007364389794748807
IL8,7691,0.00025307171986318485,0.005267095812085508
CXCL6,7692,0.00288053358109412,0.004122256047625767
CXCL1,7694,0.0004459855413985912,0.0008376296722194371
PPBP,7696,1.533480373306298e-05,2.5608312141260128e-05
CXCL5,7697,0.012320974434596581,0.03209842882344262
CXCL3,7698,0.018337475546486924,0.0314268337492291
EPGN,7702,5.4408918012986766e-05,9.120741606403787e-05
AREG,7705,0.00013342564944459384,0.0003458476663799735
RP11-567N4.3,7718,4.765233363197373e-05,6.807074392409492e-05
PPEF2,7726,4.369394333917737e-05,6.007021102099385e-05
SEPT11,7745,1.7219836165418683,2.4815238476213075
CCNI,7746,9.754002334071458,19.591120954947428
ANXA3,7753,0.05235300087926906,0.0894893511833075
RP11-452C8.1,7763,1.2854020149494628e-05,2.105909858901646e-05
BMP3,7770,0.01681888579461743,0.02418073163244094
RASGEF1B,7773,0.08733452135242349,0.1600230331929688
HNRNPD,7776,3.3981231721907124,5.563578242814291
HNRNPDL,7778,6.4950393068912655,11.421167318836197
NKX6-1,7798,0.19396893024530193,0.2700778310541773
SPARCL1,7816,0.0009046333542800535,0.0017319058401901826
IBSP,7820,4.3574715527533376e-05,9.426959784782253e-05
SPP1,7822,0.06726978603553704,0.7557220643305761
RP11-115D19.1,7839,0.09970728829692053,0.14794042052799045
ADH1B,7881,0.00010382616565533489,0.00020076360879301601
H2AFZ,7891,7.888330347647744,35.33557527653545
DDIT4L,7893,0.039106628870076855,0.06009914202430283
RP11-588P8.1,7894,1.1048880268673422e-05,1.5626244235869924e-05
SLC39A8,7900,0.2964056949270128,0.7783682670372802
CENPE,7911,0.22510413468659796,0.36614118794943307
RPL34,7949,72.61396725394421,325.6666503745064
OSTC,7950,4.656089698032383,6.70371714881583
PITX2,7970,0.11479270949564549,0.2839329166370147
C4orf32,7976,0.004426836449947257,0.006564596520566222
NEUROG2,7982,0.08914103997286196,0.16486568344979638
MIR302B,7986,0.12551328684636218,0.2647092926460065
SNHG8,8006,3.7311741937497986,8.539186899882704
C4orf3,8016,3.9318955633939794,6.463920300932079
MAD2L1,8024,1.5000799261941975,3.639246125144442
ANXA5,8032,1.6571395284582928,2.4358227205123066
CCNA2,8036,0.6977411629269348,2.032669349499316
HHIP,8172,0.03690149518720047,0.06512956601747914
POU4F2,8194,0.00014579435123800158,0.00023507391078279982
MAB21L2,8217,0.2310721471339001,0.3326292812925495
MND1,8248,0.7017579824409461,0.9882550525643481
SFRP2,8253,0.7352702605933813,1.3263649552506926
MSMO1,8318,0.7652749688567481,1.5920427849185181
CPE,8319,0.7110453630470912,1.4137816488696076
PALLD,8329,0.4204874434141607,0.6424343894042572
HMGB2,8355,14.33816442773816,163.30606426212137
RP13-577H12.2,8377,0.00011644437513645292,0.00027858989880558864
RP11-290F5.2,8425,0.001968086232595372,0.0031141780665603996
RP11-701P16.5,8436,0.00022611608775457553,0.00040104838292139597
RP11-386B13.3,8440,9.39893220489413e-06,1.9188846332421286e-05
ANKRD37,8446,0.29248003378210213,0.6658093286761582
RP11-301L8.2,8453,7.84770566315577e-05,0.00014369324602263767
RP11-696F12.1,8469,2.4521426375855752e-05,4.131040093247443e-05
RP11-91J3.2,8472,1.2010458168056444e-05,1.8770540427494007e-05
TRIML2,8478,0.0008653647956143394,0.0012887460539841007
CTD-2194D22.2,8544,1.664042416312671e-05,3.180983490068503e-05
RP11-480D4.2,8611,8.673108721604598e-06,1.633959844110916e-05
CCT5,8631,3.2324441831210264,4.7357404148910085
CTNND2,8649,0.04273531891405685,0.05992609369071922
MYO10,8675,0.610075343273518,0.8669130400855926
BASP1,8676,2.515876872263681,4.9125984312756135
LINC01021,8713,0.4916087386835515,0.7518254802984794
CDH6,8719,0.13594920580661418,0.22070081371001066
RP11-79C6.3,8765,1.0672005887158152e-05,1.810471765681614e-05
SLC1A3,8773,0.05365529785639548,0.07660057628600886
DAB2,8805,0.22890550403567486,0.38938430663514145
PLCXD3,8817,0.0025169530969413392,0.0036540630146024112
SEPP1,8824,0.39371215711851515,0.6174072564098907
CTD-2035E11.3,8827,0.0027313034150413147,0.004955403838005601
CTD-2035E11.4,8828,0.0006940832181614511,0.011977497932397756
CTD-2089N3.1,8861,6.3975414244389076e-06,8.89033276970905e-06
ISL1,8865,0.0035102532711491015,0.006138167312018687
FST,8876,1.809492323992252,6.530642113236553
LINC01033,8881,0.000266321929919005,0.001265605696286106
GZMA,8889,0.000216125581707237,0.000590392408652943
CDC20B,8890,0.0004897135395955583,0.0012215046731588813
CCNO,8893,0.004247839169399149,0.015423365164190878
ACTBL2,8920,1.2231409109847721e-05,2.3211425883757383e-05
PLK2,8926,0.3865147983856581,0.9009945249851022
PART1,8936,0.0008842750284872502,0.0012363698507616599
CENPK,8967,0.5449315859112086,0.7634503194373587
7SK,8998,1.879662535035238e-05,2.582692810597567e-05
CCNB1,9002,1.324981461151176,8.69785066938189
CENPH,9003,1.54668066488523,2.162876509053889
RP11-241G9.3,9010,7.898377033772207e-06,1.3550881020576715e-05
RP11-136K7.3,9022,7.08004680811919e-06,1.0888399727804144e-05
CARTPT,9026,8.385883823192939e-05,0.00020737116612667736
MAP1B,9027,3.7571770107772413,13.643223058690065
CRHBP,9093,0.0010782845363833742,0.001796671564816438
CTC-564N23.2,9096,2.2478561328222755e-05,3.169199355916513e-05
OTP,9100,0.008188205453584344,0.03496585800037324
BHMT,9110,0.003585285488178836,0.006731814922698315
THBS4,9119,0.405004631834899,0.6458880199286061
ANKRD34B,9127,0.0007261209190200517,0.001218068018591451
DHFR,9129,0.4843968495502194,0.7648235734186392
VCAN,9155,0.6152070990285636,0.8597050000994768
HAPLN1,9157,0.028375119368341372,0.0981087334607109
CTD-2331D11.4,9164,2.1789777640945328e-05,3.01415844918972e-05
COX7C,9170,14.563609129925375,24.09252184115752
CTC-493L21.1,9171,6.613832276177108e-06,9.50163092479408e-06
CTC-498M16.2,9182,6.802477188780154e-06,1.0051387170275092e-05
CTD-2232E5.2,9190,2.1603805123391784e-05,3.144658351520676e-05
RP11-414H23.2,9200,6.754886110866065e-06,9.911236761339137e-06
ARRDC3,9206,1.1092677528764439,1.6762828881267324
NR2F1,9215,0.057742551823266736,0.08166946237529418
LIX1,9252,0.4880730903241344,0.7569039230574579
CHD1,9261,1.149081657110171,1.663331362315092
CTD-2154H6.1,9282,7.243682778858436e-06,1.1397528291856304e-05
EFNA5,9290,0.7521987391209022,1.1781855712307434
NREP,9315,2.863729966030513,6.550396326221687
EPB41L4A-AS1,9318,3.521673854659166,6.065496787561321
TSSK1B,9335,2.7569873151532125e-05,3.99937200123911e-05
CTC-441N14.2,9393,0.00016916693668722597,0.00026216066645795474
LMNB1,9444,0.571530401122495,0.8222573076911914
P4HA2,9478,0.7159026304556618,1.0012126380407171
PDLIM4,9479,0.43835043529698986,0.8383980872869261
AC004237.1,9491,3.425834123133272e-05,6.078950086404007e-05
NEUROG1,9547,0.06195913765004437,0.21420798910844538
CXCL14,9549,0.0575005728313665,0.10585836084819024
HNRNPA0,9569,3.051474698976139,4.586645061235483
KIF20A,9580,0.25411862335712965,0.5671860306779964
EGR1,9588,0.16441354719229503,0.3547723557317766
HSPA9,9590,1.4488379474068558,2.0239019987687947
ECSCR,9604,0.0013668437290718061,0.0021935787691653645
CTB-35F21.4,9617,7.2957707466042564e-06,1.1562032260037192e-05
ARHGAP26-AS1,9721,4.676785044698928e-05,8.051739583605111e-05
NR3C1,9722,0.06739809285481584,0.1014113498044297
CTC-367F4.1,9728,1.2362509651844225e-05,2.1450202649072906e-05
DPYSL3,9748,0.4039565727511256,0.5950050258166422
SPINK1,9751,0.0016021005457010026,0.008817433806226507
SCGB3A2,9752,0.009634951154894955,0.016200738479726383
SPARC,9824,1.3572593431194382,2.4694162127429706
CTB-158E9.1,9843,1.2706900672278797e-05,2.1087085802359544e-05
ADAM19,9864,0.03038070794547834,0.04238618874887918
EBF1,9882,0.015720217928987416,0.031451846757948286
CTD-2363C16.2,9884,7.135748642052702e-06,1.1060401404804021e-05
CTB-127C13.1,9899,0.000583309252620363,0.0008449688373891412
PTTG1,9904,3.5804803994968166,37.86745668321247
CCNG1,9918,5.3367621361932995,8.85874677228837
NUDCD2,9920,1.2608952647295102,1.7316309213864736
HMMR,9921,0.4757611969683542,1.1544182519458215
CTB-181F24.1,9928,1.316817982098232e-05,1.8851504412457976e-05
CTB-114C7.4,9960,2.8141841152505183e-05,4.4794126000086075e-05
KCNMB1,9963,0.03186692778257889,0.05127778330877631
MIR4454,9967,7.3405025621283865e-06,1.1704245060255153e-05
TLX3,9970,0.0002540357171595441,0.00035868852834557244
CTB-79E8.2,9983,5.326904918830975e-05,7.837577246809908e-05
DUSP1,9986,0.24579006597880806,0.437113139319272
NKX2-5,9996,0.0056928295536132845,0.0078000590152552925
STC2,9997,0.4928765813139913,0.938902735293476
NSG2,10010,0.0023305041878574333,0.004439945513646434
RP11-267A15.1,10014,0.002209074124026046,0.02234219411601084
CPLX2,10024,0.004074884584836831,0.006541135300065178
RP11-375B1.1,10048,1.2435850280949418e-05,2.002454104655357e-05
MXD3,10058,0.15681901443890212,0.2329700148332304
PDLIM7,10069,1.862767551788649,2.7894770689040813
TMED9,10075,3.5980522213961152,5.276045450692779
HNRNPAB,10090,0.8341640718152815,1.1829371997167064
HNRNPH1,10111,2.2100621512703884,6.472238648239727
CANX,10116,2.3698192558449613,3.6208432599620206
SQSTM1,10120,0.6942200449679928,1.676486497725455
BTNL9,10141,0.005186494852831546,0.015135681452279953
RP3-416J7.4,10161,6.7716964882685246e-06,9.960629880136637e-06
RP1-20B11.2,10166,1.977611356507358e-05,2.8611053446834802e-05
RP5-856G1.1,10174,8.93993388046943e-06,1.736042834471358e-05
TUBB2A,10202,1.277697798133606,7.674150676320989
TUBB2B,10204,9.700649940497291,44.493342015669214
FAM217A,10218,7.404972617790184e-06,1.1910739929655781e-05
RP11-274H24.1,10225,0.00017220246684109618,0.0003763807650314726
NRN1,10239,0.04552588159473375,0.2147074194377325
RP11-556O15.1,10247,0.00011124221078045025,0.00016872991158900716
DSP,10254,0.3952302939895646,0.5569267901396845
RP11-203H2.2,10263,4.7463653047191156e-05,7.733487107299832e-05
TFAP2A,10269,0.06058111987086754,0.2903651113017935
EDN1,10303,0.03312753120407998,0.16862233333679358
RP11-330A16.1,10326,1.1227012864370586e-05,1.9106900020104322e-05
DEK,10348,3.406596913311343,7.410097303333822
ID4,10355,0.6282511523794466,1.3130005380812602
SOX4,10363,6.579792435387193,17.908471245363515
SCGN,10395,0.012194490483448632,0.024963917207392203
HIST1H1C,10415,0.23774172458625764,1.3357443397682767
HIST1H4C,10417,4.162520047636695,32.4071999923257
HIST1H2AC,10420,0.13371607443715558,0.6386820654994861
HIST1H2BD,10422,0.048102313765988114,0.11351629866438306
HIST1H1D,10432,0.10934752733765371,0.15272707106259564
HIST1H3G,10437,0.019853332067423145,0.03533597788523619
HIST1H2BJ,10455,0.013145833555968711,0.01893689331683368
HIST1H2BK,10457,0.5546190560591482,2.8519790397377562
HLA-G,10533,0.0013905597443134275,0.002344278408012774
HLA-A,10534,2.3031871102687633,4.101802989578351
HCG9,10535,0.0012719922400789925,0.004435791868975251
TRIM31,10540,0.0004541939744311983,0.0007380591007353663
IER3,10569,0.16512843435366475,0.2899925134437157
POU5F1,10588,0.011737418338177114,0.030425804565410546
HLA-C,10592,0.4663870228453862,0.8034021470742184
HLA-B,10594,0.38142983708399897,0.9420543256934815
LTA,10605,0.00029861248876897713,0.00041493991738398596
LTB,10607,0.005462799560831796,0.034306500744476456
DDAH2,10629,3.058612416529323,5.309170361628093
CLIC1,10630,4.095902944981286,6.797406447588756
HSPA1A,10639,0.17965483919342468,0.4452154694283191
HSPA1B,10640,0.12308167299380487,0.1969093241614296
C6orf48,10641,9.27237674479898,17.505777169590544
NEU1,10642,1.0509736249493593,1.5118403399068707
TNXB,10660,0.008694167108981438,0.014911730712428906
XXbac-BPG254F23.7,10683,5.4947504537159136e-05,7.539995632501537e-05
KIFC1,10717,0.4041391918313541,0.6465145588655106
MLN,10730,0.0018227921984929425,0.005715174366655976
PNPLA1,10772,0.00010156571348383986,0.00017364743101340273
SRSF3,10779,2.769139504648577,4.537038967406136
CDKN1A,10780,1.0599665491478567,3.9133507435280985
PIM1,10790,0.5279495849772348,0.9719377330516492
MDGA1,10798,0.004101255356607184,0.0058864663891765165
BTBD9-AS1,10802,6.7419524761742906e-06,9.873319055471032e-06
LRFN2,10820,0.001469648184509127,0.0020328971410404338
TREML1,10827,3.427332464434052e-05,5.0135171984612824e-05
RP11-446F17.3,10939,2.1037261214516836e-05,3.5086812551891266e-05
GPR116,10945,3.316629068891325e-05,5.141278401208559e-05
GPR110,10947,0.000169991151176093,0.0003435374984497592
TFAP2D,10975,2.7075161898973117e-05,7.223209650552008e-05
TFAP2B,10976,0.03375281924597558,0.11605253579237515
MCM3,10982,0.8325495743815516,1.4236742246878231
GSTA1,10989,0.0006215367203729248,0.001123897138488905
PTP4A1,11039,1.5256743184810582,2.297390813660437
KHDC1L,11071,0.009163389453245093,0.8088905851283456
DPPA5,11074,4.348435721078238e-05,6.61281293098643e-05
RP11-415D17.4,11096,6.760225412937448e-06,9.92691159366578e-06
HMGN3,11108,2.296593671305653,3.5168481371270195
RP1-232L24.3,11110,4.76722754779361e-05,9.513590432419387e-05
TTK,11117,0.21746116314381184,0.3232004974812513
TPBG,11128,4.179500672858247,15.449130818423782
RP11-30P6.6,11148,2.3994456908549154e-05,3.7632153367827425e-05
CGA,11155,0.0005238213370948417,0.003971794494540115
GABRR1,11178,0.00020278727769486182,0.0003142813559490639
GJA10,11187,3.475836695263813e-05,4.9960682746929254e-05
RP1-45N11.1,11191,0.0008341494960002802,0.002258356455880735
POU3F2,11219,0.0982411300896684,0.15611406675352404
SIM1,11232,0.027894148487241446,0.059594820618264335
GPR6,11287,0.00010358149456636599,0.0001476536540091916
LAMA4,11313,0.002827049441560114,0.0045575198063939485
RFPL4B,11318,0.003951835852503887,0.19083632366138792
RP1-124C6.1,11321,9.90105819436967e-06,2.1293892566818766e-05
MARCKS,11325,2.076496767921019,3.704551248751449
TSPYL1,11342,0.3282033279400611,0.4558951042733659
GJA1,11373,0.7778883028333993,1.1758811993377067
PKIB,11376,0.45517449005847266,0.6449621340277498
FABP7,11378,0.8150405721870295,2.567352078467045
RP11-624M8.1,11390,0.0003424284841960124,0.0005354630724545456
CENPW,11398,1.09379515573712,1.9846750819765264
RSPO3,11399,0.007677585577905183,0.010986552382786952
TMEM244,11415,1.257382203932705e-05,1.80946850314559e-05
CTGF,11431,1.455081762095911,10.016495156603213
LINC00326,11448,0.00021161044665328235,0.00029645570711705886
RP1-283K11.2,11451,3.55416791716542e-05,5.184959018552381e-05
PDE7B,11477,0.00040414188821786515,0.0008201036770097482
OLIG3,11494,0.006512254105144972,0.01181008123312172
CITED2,11516,1.4296321388145266,2.6527415224083786
ULBP2,11601,0.0005637073339911692,0.0008558083346862841
PPP1R14C,11606,0.03712434008738597,0.06305776957014876
AKAP12,11614,0.7376792049756119,1.1220686272602962
FBXO5,11628,0.43489891220170956,0.7439431273239778
RP4-655C5.4,11724,9.213759567366183e-06,1.8440197198399797e-05
RP11-503C24.4,11756,8.27470531537909e-05,0.00013062112792918678
DLL1,11786,0.22039458777109988,0.38824483666771464
C7orf50,11821,1.6201471429636032,2.512560430727791
ACTB,11887,35.60505537089639,479.5682185033122
FSCN1,11889,2.3928768344270934,4.106887417401416
NDUFA4,11938,12.212877632160467,17.677051183444064
ARL4A,11949,2.985641554585967,6.959134825276259
AC005019.3,11952,0.0009620846119915813,0.010245387594228637
RP11-486P11.1,11997,1.7188451878414247e-05,2.7763137630193217e-05
IL6,12015,0.00012413123700012174,0.00017323959282544225
TOMM7,12016,4.6601133961085,6.5237125010674895
NPY,12034,0.022916743675841008,0.30188025113862377
CYCS,12038,1.866511422765023,2.802511822411753
HNRNPA2B1,12048,9.402644806230636,27.94288347282709
HOTAIRM1,12058,0.03550215080976096,0.051619609016380116
HOXA-AS2,12061,4.735747384441757e-05,7.297176999162394e-05
HIBADH,12081,1.0362331495909045,1.5339132734819185
TAX1BP1,12083,1.6169353400056166,2.7049198165536494
CREB5,12086,0.03487325772203567,0.05147598449827684
CPVL,12090,0.3101173649938771,0.4292128388646105
PPP1R17,12123,0.03681997425120422,0.06754251835091923
BBS9,12133,0.6313635241486624,1.629405745164699
RP11-89N17.2,12135,6.638034477980786e-06,9.57129782188755e-06
SEPT7,12150,3.3454211758863255,4.6919517887179225
SFRP4,12169,0.00243093271369249,0.010521485305450022
INHBA,12191,0.000594074147216607,0.001114222087280741
INHBA-AS1,12192,6.086732879816607e-05,0.0001229482389654166
HECW1,12201,0.003987215547601115,0.01705936305762373
LINC00957,12213,0.003456381237822922,0.005165515760822335
MYL7,12219,0.004787214764377912,0.007870974959237
PPIA,12230,9.570177446401525,13.88752851076545
H2AFV,12231,3.1128614329219166,4.906890335970493
IGFBP1,12245,0.0009107891607103002,0.001860252111134176
IGFBP3,12246,0.06584258330595096,0.5366811322687968
UPP1,12264,0.5065210994182948,0.9606076289501349
AC020743.2,12272,0.0005271908104365652,0.004007177423798832
DDC,12277,0.12184728566072285,0.23167180088036074
SEC61G,12293,4.09895378958599,6.372221007938048
CHCHD2,12311,3.855359484265734,14.80644530341302
CLDN3,12395,0.27963869233085464,0.4344638362719231
CLDN4,12396,0.12561568048122312,0.5073805654162059
RFC2,12405,0.6209048502980314,0.8544973623347225
CCL26,12422,0.00035268326991780497,0.0014009475791411446
SRRM3,12428,0.03602168044998636,0.04960670099951748
HSPB1,12429,2.3544078868999665,5.587235061074217
FGL2,12439,0.0003397306279911714,0.00046711885204017033
RP5-899E9.1,12442,7.026996514730224e-05,0.00010021514417160883
GNAT3,12456,0.0001345990492948242,0.00032662748037258683
SEMA3E,12466,0.05252057450982557,0.07179995926556193
CROT,12481,0.6386952441279918,0.9280445219666769
ABCB1,12483,0.0069643628431136926,0.009740694036146396
TFPI2,12532,0.047109590719350496,0.3360009564356574
GNG11,12534,0.15430888045116606,0.22431763979647737
COL1A2,12539,0.271711821624516,0.6228843327276856
PEG10,12542,1.9528849246951205,6.53999384238304
SHFM1,12556,4.3277529642016965,5.953355638471976
DLX6,12560,0.0029562307714545003,0.006042280960832962
DLX6-AS2,12561,1.1581041135707048e-05,1.8919592354176014e-05
DLX5,12562,0.01550582462645991,0.053230466018683247
TAC1,12564,0.011824783400148598,0.016868424360289777
ASNS,12565,2.3919744569946184,5.074481909835684
BRI3,12570,2.2296173728345385,3.337730723331558
NPTX2,12574,0.08424291396157846,0.11740933048835636
CYP3A43,12601,0.00027144359423947095,0.0004742264640357166
MCM7,12611,0.9622530182591027,1.7426029459845747
PCOLCE,12642,0.22330402847080916,0.38422898846847003
TFR2,12644,0.008191643118962061,0.015203323333442344
ACTL6B,12645,0.003527248164820985,0.005772969536954187
EPO,12649,0.008662517363929723,0.012692422960760594
MUC17,12661,5.823483212106336e-05,0.0001791744907745584
SERPINE1,12663,0.022031120164330377,0.16609376605253504
VGF,12665,0.2071322608977644,0.9379505862143626
GPR22,12737,0.00018009397780351314,0.0002633805807583147
SLC26A4,12742,0.002481227536465056,0.005881985609185961
AC004112.4,12766,8.378137664288443e-06,1.5247084250755129e-05
CAV2,12790,0.005387956553432706,0.018669679882281225
CAV1,12791,0.017673117261291685,0.05242008728132559
AC006159.4,12793,1.6719229495734398e-05,3.0478296277676094e-05
FEZF1,12826,0.15356813686475534,0.23983380553198658
AC005276.1,12857,3.935742122053734e-05,6.0864149504356105e-05
HILPDA,12876,1.9090516068752676,6.046748830177133
MEST,12918,6.780040200295097,41.19526250655549
AC008154.4,12943,9.802746079189182e-06,1.3827732985002697e-05
CALD1,12952,2.5692856250891967,7.867175596338313
FAM180A,12966,1.2916083979446487e-05,1.8121711977695033e-05
PTN,12975,2.2714359103598016,12.030622948066567
PRSS1,13037,0.0002526184370451249,0.0014665268400020097
TRPV5,13041,7.414143660745768e-06,1.1940260991921897e-05
CNTNAP2,13088,0.5967538804351611,1.1726744636587207
AC006004.1,13089,0.00022487076057955277,0.0006223969685298672
PDIA4,13094,1.345971074216682,1.8825094356735057
RP11-545G3.1,13114,0.00025973257849923396,0.0003654824329277979
TMEM176B,13131,0.02990528733062193,0.06025208825285593
TMEM176A,13132,0.03386426960159117,0.0958939729582453
RHEB,13157,2.8504452956317876,4.430532917429607
AC006019.3,13171,4.6234016691936426e-05,6.373705006781977e-05
INSIG1,13185,0.15736499637225534,0.239276051693332
SHH,13194,0.2897916635495841,0.5193088644615313
RP5-1121A15.3,13202,2.163891313368169e-05,3.7761431467711785e-05
AC006372.5,13213,6.506009546332057e-06,9.194353831354738e-06
CD99,13248,1.5295457170997206,2.404510531607384
GYG2-AS1,13251,2.1885737999090006e-05,3.280691417954328e-05
PRKX-AS1,13260,6.758699192456359e-06,9.922430090944246e-06
VCX3B,13276,0.0032991669135718294,0.006904663731265465
GPR143,13283,0.15235954371809066,0.21400020365805786
RP6-1O2.1,13289,1.190568760477219e-05,3.0789368148167793e-05
TLR7,13299,0.0003023492275046562,0.0007894591198678004
TMSB4X,13302,40.65436493230272,1071.236367780579
GS1-600G8.5,13305,0.003701520380910616,0.010564069786404047
EGFL6,13310,0.027319643491836326,0.05783606660440662
GPM6B,13315,1.1723656977383217,2.1441681215116457
GLRA2,13319,0.0002452685617550259,0.0003932748996423757
AP1S2,13333,2.087945024085937,6.0478807445906355
S100G,13338,6.303895916344297e-06,8.631969143655582e-06
RBBP7,13341,1.814701517520498,2.55940878970942
EIF1AX,13362,2.2813232454469494,3.381818613219501
SMS,13370,2.295544227517874,4.102823894365203
PRDX4,13379,3.280133496975375,5.332723760358901
SAT1,13382,4.8649059214115375,50.491481469513886
EIF2S3,13386,3.0540674583193304,6.454044389448811
TMEM47,13423,0.3280915602974215,0.5202669074462022
TSPAN7,13444,0.49589819427764054,0.8680361466639064
TIMP1,13507,3.2544650230242107,5.6563554691977505
SSX4,13522,6.591257274562725e-06,9.436877985012015e-06
RP11-1148L6.5,13532,1.2601322545730276e-05,1.8508158376838933e-05
PCSK1N,13541,0.04517511567043987,0.07149474967679252
SYP,13558,0.02883032907899812,0.048169666867462616
SPANXN5,13614,4.919323650775564e-05,0.0001571672746755649
SMC1A,13626,1.0222253579873468,1.615686853650211
MAGED2,13638,3.3876169733204584,5.716207228365947
IGBP1-AS1,13695,6.567280905095605e-05,9.251822179391587e-05
KIF4A,13702,0.23823093758919653,0.3581660680156641
GJB1,13715,0.0001975789649643159,0.0003279476570650712
RPS4X,13731,97.0135325503989,1075.5340153904544
XIST,13750,0.15146272982849524,0.4192776024518119
PGK1,13771,11.522602901131126,33.93546262555117
TNMD,13811,0.001940077921191689,0.002686059235000272
TSPAN6,13812,1.680643251477785,2.4540407431696725
NOX1,13817,5.871597806695154e-05,8.960744146349374e-05
RPL36A,13827,8.936585411995837,29.442091592808907
TMSB15A,13846,1.7592233695164283,3.43120585375224
BEX1,13856,0.5549633460757273,1.1095226627012944
TCEAL7,13862,0.37978911569421364,0.5380972957739689
WBP5,13863,1.4614134695229886,2.279067765563375
NGFRAP1,13864,6.279544224496702,16.9373975197716
TCEAL4,13867,1.6649332630215408,2.4912698153936663
MORF4L2,13871,4.155569265124277,9.156989564231523
PLP1,13875,0.32199591792855764,0.6225510163015519
TMSB15B,13878,0.9167731210321937,1.3441066858217603
TSC22D3,13902,0.5279189371616287,0.7338235460421015
CAPN6,13925,2.0416836862374375,12.247363383789093
DCX,13926,0.13034019136015915,0.24569102523078207
PLS3,13942,0.9822559870105413,1.482067097872269
SLC25A5,13962,6.010252887953061,10.187249430418525
RPL39,13968,58.592605551130895,337.1201399661918
GLUD2,14001,0.14776767641200966,0.2081044911423562
RP1-23K20.2,14036,0.0006321852964981668,0.000887259603630149
USP26,14048,4.842323220691502e-05,7.964997540655039e-05
GPC3,14051,9.76745734104605,111.39000632704722
PHF6,14053,1.318550050539898,2.468835757741537
FAM122B,14059,1.1123606556174241,2.7843726203821397
RP11-265D19.6,14075,0.0007673320626115139,0.01323172672548649
FHL1,14088,0.7805896850125681,1.1907314614474331
VGLL1,14093,0.0006972686164711706,0.0016771938499862994
RBMX,14097,4.570288006923952,7.414305384856096
SOX3,14110,0.36869863467465713,0.6574413058955594
LINC00632,14112,0.26352565048179066,0.382858385297696
SPANXC,14118,0.0017071834491011867,0.014658484965511748
SPANXD,14122,0.0002803836055011298,0.0005866269962943597
FMR1NB,14141,8.96047825698418e-05,0.0001278352726837631
RP5-937E21.8,14149,1.956915290909194e-05,2.844013031530226e-05
HMGB3,14166,1.6098110468880198,3.6108700437636254
XX-FW80269A6.1,14172,0.004289864324824531,0.029553023496524645
MAGEA4,14178,0.0016293757403070906,0.005771993342395972
MAGEA6,14184,2.069189167875764e-05,3.288329846705715e-05
MAGEA12,14188,0.00038531437501326186,0.0005705799536929658
CSAG1,14189,0.0009495287931524599,0.002180360663715652
MAGEA3,14192,2.1262029010917394e-05,4.877739569192949e-05
BGN,14210,0.13293785898451346,0.22059811724919334
CTAG2,14262,0.00014201916255761348,0.00045024929318217044
RP13-228J13.1,14277,2.2239596141570253e-05,3.198980506680563e-05
RP11-666I19.2,14306,2.2743722242711857e-05,3.408353681968735e-05
ANGPT2,14328,0.01261839511474988,0.024718288259574398
DEFB1,14334,0.000516945634251135,0.000763042811474922
DEFA6,14335,2.4614988465930542e-05,4.496253177426041e-05
DEFA4,14337,9.089249391937357e-06,1.7945181581208384e-05
LINC00599,14385,0.0064018444903063704,0.009767094380399717
FDFT1,14420,1.1925845252098133,1.938646223115724
CTSB,14422,0.9826072904629932,1.382099473875202
RP11-252C15.1,14438,6.641717493316488e-06,9.581921496844588e-06
RP11-326L2.1,14464,4.248539226043961e-05,6.117832805547682e-05
FGF17,14504,0.19423808665244335,0.5778600919494382
PDLIM2,14522,1.1420542573066335,1.585354347136652
RP11-1149O23.4,14540,0.00012122381881420728,0.0001896963835117484
NKX2-6,14551,7.693329504218858e-06,1.285643249541438e-05
STC1,14554,0.19402352377425283,0.6673719870738162
NEFM,14562,0.4165629770260342,14.551628723963255
GNRH1,14566,0.0037827628631662744,0.005917331806956013
RP11-395I14.2,14567,9.278021077978423e-06,1.8698317705952498e-05
CDCA2,14569,0.240744458594401,0.4241463439437228
RP11-299D14.2,14572,1.4367418128451217e-05,2.2927854826140668e-05
EBF2,14573,0.0057794530513406595,0.009282410840599529
STMN4,14581,0.050479511673387455,0.4531445501690844
CLU,14586,2.009715146244884,12.78438719138564
SMIM18,14631,0.0004589880618130508,0.000679716136422056
NRG1,14640,0.263584604929201,0.48945728696955537
RP11-150O12.1,14664,1.1256449546918105e-05,2.7522931098665706e-05
EIF4EBP1,14680,1.5544085091176105,3.493066243050232
C8orf4,14720,0.0741303455846249,0.17832665445862064
RP11-465K16.1,14726,8.23408462250522e-06,1.472727713172396e-05
SFRP1,14727,1.3188850320186725,2.2541497593001685
PLAT,14743,0.038602476349570286,0.07315449364687988
RP11-546K22.2,14796,6.663897905745001e-06,9.646026852348386e-06
ST18,14797,0.03125082947366573,0.1008787078443813
PENK,14835,0.005907303218426833,0.014985474015001209
RP11-1112C15.1,14849,0.0006335254012241814,0.000962926799888825
RP11-648L3.2,14852,1.6685667737226393e-05,2.332220285475461e-05
SDCBP,14855,3.388227142241399,10.055007785692387
RP11-787D18.1,14875,7.91194782847065e-06,1.3597486234171601e-05
GGH,14884,1.2443630947825217,1.7575303141683614
CTD-3025N20.2,14901,0.00030125730085446025,0.0018682713606159172
CRH,14911,0.00025295263240784725,0.0003712700646651107
C8orf46,14916,0.006213865196426018,0.014219251287142933
RP11-396J6.1,14930,3.3481569369232636e-05,4.8359187113146316e-05
AC090574.1,14943,6.568114810892447e-06,9.370726702227777e-06
MSC,14959,0.0009667352821196503,0.0015263666195535397
RP11-6I2.4,14984,9.080976739103148e-06,1.791253016239711e-05
CRISPLD1,14994,0.5339072829532219,0.8944679723373621
STMN2,15014,0.35809905482802046,9.832414332700072
HEY1,15015,0.15876414704427197,0.23946583878529698
RP11-48B3.3,15025,0.001339278867861498,0.003204289900407744
FABP5,15034,2.4951613406754536,9.946447347318763
CA2,15066,0.07319517668661264,0.11325878732460308
ATP6V0D2,15072,0.025448575340315287,0.03753760467111346
RP11-386D6.2,15082,2.1661792720828976e-05,5.096273383749439e-05
CALB1,15095,0.18925244871078842,0.6414302231403756
C8orf87,15122,0.0002956407701074543,0.000445276327940226
RP11-388K12.1,15124,6.633621006168877e-06,9.558574437227695e-06
AC016885.1,15125,1.2777341153188263e-05,1.773132195371937e-05
MIR3150A,15156,1.920322302665762e-05,2.943145495849283e-05
UQCRB,15166,8.83991354267852,13.318327334307767
SDC2,15171,1.3400831958939678,2.3845484999287354
KB-1958F4.2,15173,9.086490560452844e-06,1.793428899413225e-05
C8orf56,15242,0.0023181284484918075,0.003271561009782254
BAALC,15243,0.06035975535076603,0.13294845616703393
CTHRC1,15247,0.08037762877738261,0.1272523759761771
EIF3E,15270,14.667831448505412,26.721283758577584
RP11-122A21.2,15278,1.1399844848591086e-05,1.731033175199688e-05
KCNV1,15284,0.00014722060674719173,0.00020181067339908304
RP11-536K17.1,15300,7.408638620240265e-06,1.192253584191522e-05
RAD21,15303,1.8021225606191045,3.425248382689479
RP11-713M15.1,15328,7.235802519999048e-06,1.1372743375621487e-05
SQLE,15385,0.6673130387038078,0.9488277327792519
KIAA0196-AS1,15387,1.4300727616814417e-05,2.2211795907077452e-05
FAM84B,15399,0.30316056261566776,0.5037246812714512
MYC,15411,0.12243709440311273,0.17906816585246949
GSDMC,15417,4.0561495166342804e-05,6.095938799906712e-05
NDRG1,15441,0.11702436174946165,0.18035591529928713
CTD-2309H9.3,15445,1.2919402040945468e-05,1.8549168326453495e-05
RP11-157E21.1,15446,0.0001363691678761919,0.0001989298582354712
CTD-2342N23.3,15450,6.347343533405375e-06,8.751365574084755e-06
COL22A1,15465,0.201954023427879,0.4302413337683836
GML,15512,1.3284907973246152e-05,3.8336185805421207e-05
EEF1D,15541,11.511034760170705,17.482843137827786
SCRT1,15585,0.0010876172258996854,0.0016740136051096156
FOXH1,15600,0.0537905456168975,0.07668302419386991
CD274,15675,0.000228446548636407,0.00031733423755275883
RP11-218I7.2,15684,7.415638873870804e-05,0.00010729020783668502
RP11-3L8.3,15709,1.1519760721697928e-05,1.6790317120481567e-05
PSIP1,15725,3.0275831958939676,4.971721466111459
PLIN2,15740,1.494112400416404,2.803363586826018
CDKN2A,15775,0.00868847663021787,0.01566590495940083
CDKN2B-AS1,15776,0.0006527659200633396,0.0012644976866756409
CDKN2B,15777,0.003152528150256911,0.005157299799478794
IZUMO3,15786,1.2391181577742915e-05,3.335164400594236e-05
DNAJA1,15820,1.7143649751026624,2.7079761436375853
AQP3,15830,0.04079452531015931,0.061427801666572156
CNTFR-AS1,15855,9.164390368503252e-06,1.8243114253040197e-05
TPM2,15892,6.223956630926677,26.930768320543244
FOXD4L6,16033,4.489267976652043e-05,6.38223412058566e-05
ALDH1A1,16087,0.0022947659500373485,0.0032178866171346343
ANXA1,16088,0.39236812204932164,3.9946657304197624
GCNT1,16102,0.17914546705814346,0.25341467762668674
PSAT1,16112,2.3410648431349754,4.999678189003945
HNRNPK,16140,7.18032460770796,11.645756735082017
NTRK2,16146,0.00439676039022991,0.0064035270237101025
SPATA31E1,16166,1.2506066850331992e-05,1.7893812297397317e-05
CKS2,16176,3.318625894554754,22.938854716865137
GADD45G,16179,0.23138743479482787,0.6395732832095424
RP5-1050E16.2,16181,2.066656251048222e-05,2.9276676631594144e-05
RP11-165J3.5,16221,1.1343906755068538e-05,2.795227069407126e-05
CTSV,16268,0.4975440341268754,0.8011514575956646
RP11-498P14.5,16270,0.07243931937068548,0.10158368190217268
ANP32B,16285,4.458004121454582,6.3193724393547015
SEC61B,16300,4.382712945176943,6.345471752348306
BAAT,16316,0.001069884442766987,0.0014740296507102378
LINC00587,16325,9.52303516867356e-06,1.969892761367342e-05
TAL2,16348,0.08134225775889217,0.14831736515867194
TMEM38B,16349,0.5697638290209215,0.9926289867641092
ZNF462,16355,0.3015756823371761,0.4200561347579132
TXN,16379,5.962209125839598,12.254070095823835
RGS3,16422,0.2947717447622942,0.40353301457815155
ORM1,16430,0.001328860136369807,0.0020044732979083942
ATP6V1G1,16435,4.196928827221166,5.785868034325343
TNFSF15,16439,0.00015641559533928826,0.00023153166242828452
RP11-445L6.3,16444,8.636819138968132e-06,1.6203150238566102e-05
PHF19,16472,0.17631559401320165,0.2430852721814316
GSN,16477,1.7030374399506023,2.5102674910490594
RP11-477J21.6,16478,1.556097742493906e-05,2.7001178637033945e-05
CRB2,16520,0.8432119885442898,1.9989680256971618
RP11-121A14.2,16528,3.4416737782103264e-05,5.157568102652967e-05
NR6A1,16533,1.2224594961490123,2.244411403328317
HSPA5,16544,4.629235252075114,21.363624288789282
ODF2-AS1,16613,1.856154143403335e-05,2.548145025173129e-05
SET,16619,9.970925675706782,24.03545306270719
ASS1,16673,0.3240161791558456,0.5132280389171939
BARHL1,16699,0.04119229572563273,0.07289892636408445
OBP2B,16710,1.5178874873911714e-05,2.9392049341009945e-05
COL5A1-AS1,16742,2.937904728145671e-05,5.008593348760283e-05
OLFM1,16746,0.13611756142403103,0.2450693610960855
LHX3,16772,0.003666159706219512,0.005954359070216399
AGPAT2,16790,0.08749946747341081,0.1397194539272603
SNHG7,16792,3.8469740045380885,7.327950427330274
PHPT1,16804,5.521749887497295,9.71214658801322
C9orf141,16811,1.833178899934634e-05,2.8553852992461924e-05
PTGDS,16812,0.016647858482423394,0.07162935926773802
TUBB4B,16842,2.7450263949759917,17.62970726440284
RP11-809C18.4,16869,1.3007479396216947e-05,1.8717289025003607e-05
RP11-164C1.2,16870,7.453840759731419e-06,1.2068465117328577e-05
IDI1,16877,0.35919192684475665,0.5099206017638938
RP11-118K6.2,16890,6.982596450475715e-06,1.0590724992083762e-05
KLF6,16901,0.24932619988378557,0.48848997284226015
RP11-34C15.2,16908,4.375176108215973e-05,6.478308569883513e-05
CALML3-AS1,16924,3.435678643118299e-05,5.470688191493189e-05
PFKFB3,16942,0.08084297586728867,0.1111334932436208
RP11-379F12.3,16963,5.024511372759274e-05,8.231573382371975e-05
GATA3,16964,0.00554132579869727,0.008938376264110573
SFTA1P,16975,0.004208352959948453,0.008563910300579746
VIM,17039,29.372796414415077,284.09853330679687
RP11-354E11.2,17064,0.0016631770070420807,0.0029813580497072907
GAD2,17105,0.0035696615389297754,0.006192053558493499
NRP1,17168,0.36498395262931194,0.5696229068783688
RP11-309N24.1,17186,0.0018027771246804413,0.00957566599475465
MTRNR2L7,17194,6.6101810914016e-06,9.491143352295803e-06
TMEM72,17246,4.071275261638403e-05,5.791905210273719e-05
RP11-285G1.9,17247,6.538699531652643e-06,9.286980883894511e-06
RP11-67C2.2,17255,9.3388141551349e-06,1.8944156064226965e-05
RP11-123B3.2,17310,7.3775939456001184e-06,1.1822826522334418e-05
SLC18A3,17315,0.0005000729315142078,0.0006956279744735482
RP11-96B5.3,17341,0.022961983147091244,0.185002695391234
DKK1,17345,3.2383211726349685,17.224315950960502
PCDH15,17351,0.0009320325648646833,0.0012844422915525193
MTRNR2L5,17355,0.003751416759706712,0.027310995626276913
ZWINT,17356,0.6214666220156572,0.9363926482154832
RP11-443O13.3,17367,2.1008350696617372e-05,3.211991098736601e-05
C10orf40,17372,8.999997351793981e-05,0.00015734195326314992
CDK1,17376,1.2695173759851899,6.117846003693144
TMEM26,17379,6.6705817745832545e-06,9.665386329454367e-06
ARID5B,17384,0.07076826992851619,0.09741102040324917
MYPN,17409,0.00036531023444938497,0.006018445457901188
HNRNPH3,17413,3.6420981272471766,5.084295530705708
PPA1,17442,3.6659055769978868,5.2738251094227575
NODAL,17446,0.0006417477145762448,0.0009901806246689685
PSAP,17464,3.786265182110516,5.753699065569055
SPOCK2,17468,0.06983317212021849,0.10177188690856434
DDIT4,17471,4.672889970052989,46.29154676513345
OIT3,17477,3.9455860657958605e-05,5.465341285036318e-05
P4HA1,17479,2.0179446849233718,3.0981169197432443
TTC18,17490,0.011076940360715304,0.017408729968203238
PLAU,17514,0.038522142724202284,0.09626088972549388
ZNF503,17533,1.911537141573864,3.950669744308139
NUTM2B,17570,6.918039683977524e-06,1.0395799929249882e-05
RP11-479O17.10,17575,0.0006482134913920954,0.0009281639150253711
RP11-338I21.1,17596,0.002368401082071101,0.009188679573427174
RGR,17602,0.005324005805677257,0.008129850537270784
LDB3,17614,0.0031370841556287174,0.004986717292768355
SNCG,17618,0.15214646058776332,0.5592338056724179
ACTA2,17647,1.7953025786857153,15.392479497330038
IFIT2,17652,0.0006956609953692124,0.007383203261856709
IFIT3,17653,0.010599145686576439,0.016553489049413037
IFIT1,17655,0.038830947874220395,0.07006061942469763
KIF20B,17664,0.5125866042439703,0.8712662087098701
ANKRD1,17672,0.032254118474995985,0.2451310622062384
PPP1R3C,17678,0.16383127297619576,0.24967351952053646
FGFBP3,17681,0.8272313668834046,2.402111329187813
CYP26A1,17692,0.00819815464178094,0.013069364556731399
RBP4,17696,0.028255117611992703,0.05404493652095499
LGI1,17699,0.3142235417502285,0.5167542751474079
PLCE1-AS1,17704,0.00017847431459695003,0.00031441780949057325
HELLS,17708,0.833321097285491,1.3295943681156226
C10orf129,17714,0.0001352151369218404,0.0002020954264309077
PDLIM1,17716,1.2574380544570636,2.2608900951334796
OPALIN,17731,0.0009916853275686395,0.0015685324731601145
ARHGAP19-SLIT1,17738,0.0659557783626224,0.11296539822313115
PGAM1,17748,8.394765157077945,14.198023773353256
GOLGA7B-1,17766,1.579287403201716e-05,2.7665830781648123e-05
PAX2,17804,0.024678602220252387,0.04978334096140718
FGF8,17832,0.11498615388158069,0.2710129200814612
PITX3,17843,0.0049049897688862925,0.007449594268979204
INA,17868,0.11170943786556185,0.21933670433010846
RP11-298H24.1,17899,6.989118422499183e-06,1.0610519118980018e-05
RP11-163F15.1,17902,1.91368143252391e-05,3.173616499362597e-05
RP11-655H13.2,17903,7.411390317288873e-06,1.1931393477713478e-05
SMC3,17912,1.8677925077514652,2.7192709283799115
ADRA2A,17920,0.009428236656708966,0.013425001039099292
TCF7L2,17930,1.2800456402036904,1.9803002577953421
EMX2,17970,0.04362322621777164,0.06498639067757876
CTA-109P11.1,17971,1.5175520591430442e-05,3.413172275642715e-05
PRLHR,17979,0.000288525396865546,0.0003958757802941192
EIF3A,17983,2.9631833100655105,4.282063157646839
RGS10,17989,0.4124702612335821,0.642751397028249
PPAPDC1A,17995,0.04883459402353299,0.07429162412192211
FGFR2,18002,0.23762338521933135,0.3286103567764591
BUB3,18024,1.6085411923905588,3.311080963241762
MKI67,18069,0.5820861368793937,1.8218321001716513
EBF3,18078,0.015254046844662394,0.03087010018137474
BNIP3,18086,2.5744914018153504,5.1721454474542785
UTF1,18108,0.0074599095918999455,0.011929262783798805
IFITM2,18144,0.8693879789924936,1.2337840904216604
IFITM3,18148,1.6331693849785007,3.5398927908366957
RP13-317D12.3,18159,0.0020932239398352087,0.0047950227633843726
IGF2,18231,0.11817084496454726,0.19629695839873812
KCNQ1OT1,18244,1.2372737879200293,2.385109575529518
CDKN1C,18247,0.4361455549239067,0.7787430957197556
PHLDA2,18250,0.15981810854126433,0.4679808156984107
ART1,18265,7.935021142992918e-06,1.367690970184995e-05
RRM1,18272,0.8514388971843249,1.1851841637216505
HBG2,18310,0.0007538413482516952,0.0013163541995609915
HBE1,18311,0.0025412231955251247,0.012269097008998276
OR51I1,18319,1.3933489114194137e-05,2.217660496900948e-05
OR52L1,18342,6.3689537397641825e-06,8.811056929296114e-06
CTD-2516F10.4,18392,1.6430198679514003e-05,2.7932440030171232e-05
LMO1,18407,0.22490276421896796,0.459343105706746
NRIP3,18420,0.19162527600567636,0.4905642962600253
ADM,18437,0.7828211175345392,1.964386003950425
EIF4G2,18446,1.8791575018443538,2.9502363808136147
CALCB,18489,0.09432571682215034,0.19604423850646716
CALCA,18490,0.022878789916880353,0.03438838893844459
MYOD1,18512,0.007923740172938594,0.013032294324053525
CTD-3064C13.1,18560,0.00010706508705202277,0.00015114941565833699
SLC17A6,18562,0.00029731693118635724,0.0007046228988715613
CCDC179,18571,7.970944674187139e-06,1.3801026363102733e-05
CTD-2507G9.1,18579,6.136579756603572e-05,9.472537602515959e-05
MUC15,18582,0.0004415779928148926,0.0007460758790428186
CTD-3012A18.1,18604,7.766190754111454e-06,1.3101105201997117e-05
PAX6,18621,0.187323671657044,0.4180830509789396
CD44,18663,0.018720561861588512,0.02944107002054761
FJX1,18670,0.2035623383043368,0.27922962614916014
C11orf96,18704,0.024524797866596428,0.0458228422179124
RP11-702F3.3,18744,0.0002291604235859625,0.00033228927046121933
RP11-17G12.3,18770,1.835221516374616e-05,3.9844382441585995e-05
TRIM48,18805,0.00028177714440806546,0.002185038695653379
TRIM51,18821,0.00025236038587041735,0.0014063850888618187
P2RX3,18859,0.0027369413492332392,0.004241955330088082
PRG2,18861,2.081701843408956e-05,3.212841322185788e-05
UBE2L6,18869,1.2532284373892237,1.8637122105854163
OR5B12,18893,1.02005298459362e-05,1.781331611231545e-05
TCN1,18930,0.00025514290038932265,0.00035659172271288077
MS4A4A,18939,1.5146216307549252e-05,2.126760861168426e-05
FEN1,18992,0.5461712736428318,0.8982093398177882
FTH1,18998,39.88705419004958,420.8989398423473
SCGB2A1,19003,4.052665606940627e-05,0.00014359328434699164
LRRN4CL,19031,0.0009541166821653671,0.0014929179726273203
GNG3,19034,0.06662098589594449,0.2697591483605342
SLC3A2,19048,2.3027276223200763,4.995923301282278
RARRES3,19059,0.0002715600787233085,0.0004754460789761518
RASGRP2,19110,0.04821601235138889,0.06631516427319682
PYGM,19111,0.06291501613395965,0.08732649489476613
AP003068.12,19138,6.469447208722882e-06,9.091303415938204e-06
NEAT1,19152,1.6239063715662219,7.237805810838075
OVOL1,19172,0.0011239356755614327,0.0018049858039477066
CFL1,19175,12.94284682771146,26.40504827041832
FOSL1,19182,0.0178298199608751,0.02494908725048754
CST6,19188,0.0021830911999484353,0.006730801012011573
NPAS4,19213,0.0009581721282266211,0.0015051060768251309
GAL,19287,0.04058705953172512,0.07468460933911984
CCND1,19309,2.5764462711827343,8.710955477156501
DEFB108B,19344,1.168077643365006e-05,1.627689550412573e-05
PHOX2A,19358,0.0917633543731614,0.1922842652791295
RP11-702H23.4,19401,1.1804471911378714e-05,1.83619764944167e-05
KLHL35,19421,0.037297546383627894,0.13865352053777352
SERPINH1,19423,3.992317770075547,8.055666795549614
MAP6,19425,0.34200299471014295,0.5067205441246414
RP11-843A23.1,19482,1.3715964005044226e-05,2.1681905904931854e-05
PRSS23,19527,2.546946213348863,6.632126296541433
RP11-313I2.11,19545,0.00013816552993123647,0.0002614759592516494
TRIM49,19546,0.00016176930759919392,0.0003572183114963667
TRIM64B,19547,0.0025980671856932255,0.021918086515311925
TRIM49D1,19548,0.0050715863812521135,0.08195629946326059
TRIM49C,19549,0.00019376977712961852,0.00035611323685361216
KDM4E,19587,0.0003202722234794487,0.000671976990926992
SESN3,19590,0.8564403536411745,1.2501270739509927
MMP7,19622,0.00026624513526251654,0.0014769443289015147
MMP10,19628,0.0009697877329602781,0.005471465431379216
MMP1,19629,0.0003239184081129914,0.0012045061502023815
MMP3,19630,0.0013707896341017673,0.002119307684683329
MMP13,19631,8.788987875995636e-06,1.677913364729801e-05
RP11-94P11.4,19646,7.248946346148665e-06,1.1414097668563322e-05
SLN,19659,0.0012235005109761496,0.022660590992516737
RP11-347E10.1,19681,7.235112839568057e-05,9.938547164938833e-05
CRYAB,19703,0.018746403745551504,0.1613351815907992
NCAM1,19726,0.041786222051727794,0.06303422776045141
DRD2,19732,0.002921925936201975,0.0046148588740887045
CADM1,19752,0.6202151013588946,0.9138422686889134
APOA1,19772,0.0907699818250406,0.12990363630557455
TAGLN,19778,3.071375862760511,69.4742737921604
H2AFX,19836,0.5776183174724181,1.0434040135209248
RNF26,19847,0.7224322291691603,1.1647128278017145
RP11-640N11.2,19872,0.0005870318574897098,0.001192413740992759
HSPA8,19885,11.026600775376696,30.5408253185945
ESAM,19925,0.006065035735417061,0.011654951039248632
RP11-480C22.1,19987,2.1917960404457378e-05,4.871771038198005e-05
KCNJ5,19998,0.0011116699338309974,0.001884833994495652
APLP2,20008,2.3248693450846387,3.2257909479766305
AP002856.6,20019,7.221836038509212e-06,1.132888216320021e-05
FAM138D,20053,1.9820336366035963e-05,3.195226690887617e-05
RP11-598F7.6,20058,2.489770969679636e-05,3.418462341430087e-05
FKBP4,20092,2.5576925055071658,4.482869582589694
CCND2,20114,1.3343951105777863,2.1941329215838405
RAD51AP1,20119,0.6868723289599226,1.1351114424348472
CD9,20142,0.05901106292181321,0.1438930513164613
GAPDH,20155,105.47794659257792,1611.9459399168045
PTMS,20172,7.399124025456111,19.689019535522426
GNB3,20176,0.07981627966422618,0.10981931095652803
CDCA3,20177,0.2893541487854024,0.5885448287755426
ENO2,20182,1.7406232160696447,3.0271433052352856
GDF3,20206,0.00010045207180595758,0.00025289652145330817
DPPA3,20207,0.0002943016902705977,0.001786019220718676
SLC2A3,20212,2.4997181677769236,9.718049440175417
FAM90A1,20219,0.001985212074996688,0.004873388603657168
CLEC2A,20255,0.012302477902416923,0.03818569922299559
OLR1,20265,2.3272733530694434e-05,3.671878801635085e-05
RP11-277P12.9,20271,1.0693176228103227e-05,1.8521934145657313e-05
KLRC1,20279,1.0587512762725218e-05,2.434892078961558e-05
RP11-291B21.2,20281,1.2993612796829792e-05,2.1600872244307516e-05
YBX3,20284,2.347033438911319,3.447707565810304
TAS2R8,20287,1.610408032144121e-05,2.882553548527135e-05
GPRC5A,20326,0.0005984006184242632,0.0014310391051844226
EMP1,20334,0.007199532624015259,0.014301287124000406
ART4,20349,0.00034913638318640394,0.0004860307952450284
MGP,20351,0.00019026301474015336,0.0006312345100949023
PTPRO,20358,0.03740541406700478,0.06841735751415869
MGST1,20365,2.9910593079155867,4.474504235613832
LMO3,20366,0.20668440131567023,0.3083882287550198
PLEKHA5,20377,1.6480683505003062,3.039422368084485
C12orf77,20425,8.557677335387068e-05,0.0007419658606912315
RP11-713N11.5,20426,1.9276571201800787e-05,2.7084294136006204e-05
RP11-513G19.1,20445,8.252246152307694e-06,1.4792315447630187e-05
OVCH1-AS1,20479,5.405032205626228e-05,0.00011635058280060785
RP11-776A13.3,20484,1.6703229151208634e-05,2.472323960467172e-05
FAM60A,20495,3.6772262515710095,5.968801438661968
FGD4,20507,0.654882184437826,0.9824952213539089
RP11-630C16.1,20537,3.18413414255723e-05,5.3545742137315506e-05
NELL2,20559,0.6253521936193127,0.8763207706242856
RP5-1057I20.2,20587,7.626677957578159e-06,1.2634632685048012e-05
TUBA1B,20637,29.847454388929044,278.0435662259598
TUBA1A,20638,10.908300225120502,134.59018035010664
TUBA1C,20639,3.5680522494498588,9.28086254155981
PRPH,20643,0.02762491839125556,0.04543506282635104
TROAP,20644,0.3159479219657071,0.5518607862057577
RP11-70F11.7,20658,1.5079551178040193e-05,2.5254575913096176e-05
RACGAP1,20667,0.2036427331848739,0.2915750030734598
KRT7,20713,0.0050171649656282295,0.037533117603546426
KRT81,20717,0.00020365305864212255,0.0006037739885589391
KRT6A,20729,9.667602987447528e-06,2.030156076184182e-05
RP11-641A6.2,20735,1.2495427485586709e-05,2.1613687962207402e-05
KRT1,20738,6.453700699194605e-05,9.605490304798811e-05
KRT77,20739,0.018363404957904818,0.07130051131048386
KRT8,20746,5.385909813113154,30.54697261921363
KRT18,20747,3.691696498346124,25.319037310664843
IGFBP6,20752,0.02981762893576937,0.046703242157976575
PFDN5,20761,12.696866497557743,17.888828669862676
PCBP2,20769,6.042583676404241,10.351242416883423
RP11-686F15.3,20779,2.364803641550075e-05,3.29249952861215e-05
HOXC9,20792,3.522958546816402e-05,5.3348613234489865e-05
RP11-834C11.4,20801,0.14219478621806622,0.5467186955390442
TESPA1,20826,1.9746441446141164e-05,3.226222883060679e-05
NEUROD4,20828,0.016669789659370368,0.033538232440807565
CD63,20851,11.740542651472952,30.81153747570849
PMEL,20861,2.883270675177357,13.430833607227267
RPS26,20868,18.242196455618114,130.09397971270465
PA2G4,20871,2.5391634754934005,3.941720098926899
MYL6,20880,14.093419685153556,46.31935194131145
ATP5B,20903,9.5107727813661,15.363792647927895
PTGES3,20904,8.040690372415602,13.411052553075152
GPR182,20910,7.4622039650213564e-06,1.2095561580153035e-05
NXPH4,20920,0.11260846256098453,0.3394664669807473
NDUFA4L2,20922,0.24279886030588074,0.6745580418973209
DDIT3,20933,0.4655116246620603,1.1483138581901355
RP11-272B17.2,20969,3.4900727212302e-05,7.839949228616583e-05
TMEM5-AS1,20985,1.881935964196843e-05,2.665586116902167e-05
WIF1,21005,0.02673171799466195,0.054591349688002555
RP11-221N13.4,21011,1.3725736535826949e-05,2.410508743122983e-05
RP11-123O10.3,21026,1.5597274142011436e-05,2.6466394459461297e-05
RP11-81H14.2,21040,0.00020211723150588556,0.0003333000369715253
MDM2,21047,0.3258710480547678,0.5523869343623691
CCT2,21058,4.102561465032664,5.711332882863058
RP11-314D7.2,21091,1.4994073501452252e-05,3.3663566409269895e-05
RP11-274M17.3,21097,7.678527196122513e-06,1.2807007546208686e-05
KCNC2,21101,5.012380595348081e-05,7.434894588352138e-05
PHLDA1,21112,0.0788059523596723,0.12100487741027822
CSRP2,21120,2.2467636679996272,3.2256255737553357
RP11-461F16.3,21121,8.451732251871745e-05,0.000118252968946401
SYT1,21135,0.24467785643575893,0.3708157970484695
NTS,21174,0.017676106225531202,0.02872738686050803
DUSP6,21187,0.3786661612077439,0.6422034821990128
ATP2B1,21195,1.8533788540088942,3.0892171294970163
LUM,21207,0.005093646698074616,0.031828311673574326
BTG1,21214,2.299023071542513,3.702784578770025
CLLU1OS,21216,3.962131536105108e-05,7.345941060465972e-05
NUDT4,21228,0.5691842224955345,0.8314613069708034
ANKS1B,21278,0.026691463935510053,0.03763951042791309
GAS2L3,21289,0.10442364127987508,0.1456195609534672
PMCH,21310,0.00021252600112984092,0.003000093461342297
ASCL1,21314,0.02454129173407957,0.04686205016376135
HSP90B1,21326,4.860489812606748,14.929787685637315
RP11-114F10.3,21349,5.844911092467541e-05,8.424367217292865e-05
RFX4,21354,0.28981233295434405,0.4687602279679939
SNORA40-1,21381,0.0006949281702602854,0.000997459321904342
RP11-423G4.7,21384,0.00022801392741913173,0.00033641435881176876
SVOP,21385,0.00530327382862156,0.009100992854809056
PPP1CC,21419,3.413989182620375,4.797470819720402
RP1-46F2.2,21423,0.019730327192114122,0.028089255955799967
LHX5,21465,0.2535969035284992,0.36399888976124584
RP11-82C23.2,21466,0.5479361508307361,1.0267884804767486
TBX5-AS1,21474,2.006570361130844e-05,3.250309978400288e-05
RP11-110L15.1,21486,7.117930662779232e-06,1.100523490753521e-05
RP11-497G19.3,21494,4.4125816263886664e-05,6.296321223596573e-05
PEBP1,21512,6.0001157396750715,8.975177458901612
SRRM4,21521,0.035838861447497275,0.05629549423555288
RP1-127H14.3,21532,4.6199920262337555e-05,6.691155443296408e-05
MSI1,21541,0.6218358434480267,1.0385523357239412
DYNLL1,21548,4.402875062725293,9.354014214989572
AC079602.1,21563,0.0008164102369949903,0.0015373509317772468
OASL,21567,3.387941213227657e-05,5.453887574824205e-05
IL31,21592,3.210015680812591e-05,5.062021886332258e-05
UBC,21649,6.63943009035895,22.091241230652166
RP13-653N12.2,21684,8.310675535968286e-06,1.5002528987426348e-05
RP11-989F5.1,21707,1.639895094785192e-05,2.4522634278496072e-05
RAN,21709,11.327008317143687,25.042126896648142
AMER2,21841,0.004610946798506568,0.006553903826157113
SHISA2,21851,0.2839295000344558,0.49293018702259783
GPR12,21857,0.0011241391057692466,0.0017799181043425749
FLT1,21879,0.0014897039268015025,0.0039471465536078535
POMP,21880,3.884717582964271,5.478198170816366
LINC00426,21896,0.00014907612809357036,0.0002815272944805117
HMGB1,21898,11.136580441447952,47.493865233609384
ALOX5AP,21900,0.0009865714989168086,0.001608016615655935
HSPH1,21908,0.5524006298640876,0.7752329771207598
MAB21L1,21933,0.003313853042318672,0.0048646648749732
CCNA1,21941,0.03083187362078086,0.6851991864424238
LINC00437,21954,0.0005196809555741286,0.0016324832248274899
STOML3,21958,0.0042523221240311476,0.006560191358783798
RGCC,21976,0.0032064339283673195,0.005229443902061292
DNAJC15,21986,0.6130863079532795,0.9036591261158889
TSC22D1,22001,3.062762662165024,4.965370268656251
RP11-189B4.6,22027,0.07050115380320779,0.1365492950989708
ITM2B,22040,2.4552457371257774,3.756027997507273
CKAP2,22085,0.5386146606489709,1.13180979038829
PCDH8,22091,0.09577782933152677,0.13950052932026255
LINC00374,22102,2.2924847734271523e-05,3.312072709280429e-05
LINC00364,22129,2.736274812912327e-05,8.771056231228411e-05
MZT1,22136,0.8260878756180455,1.5221265961311077
BORA,22137,0.1541380543959209,0.22493028823507216
EDNRB,22168,0.033103575023968865,0.052750429831667334
SLITRK6,22193,0.1005167995212233,0.152808521731688
LINC00380,22213,1.7717347917816806e-05,3.0162950434609372e-05
ARGLU1,22300,2.1743594647000464,3.4474237674593082
PNP,22430,0.26511578634139477,0.5771554681987915
RNASE1,22447,0.5349813389555433,1.9872541456794486
AL161668.5,22460,8.482687773503205e-05,0.00011995873998160673
OR5AU1,22470,6.349363127569491e-06,8.756935347673979e-06
HNRNPC,22471,11.578115648752169,21.19632073864065
AE000661.50,22485,0.0001957744992876878,0.0002869095642093833
PSMB11,22509,4.9030584814770025e-05,7.410272423007933e-05
DHRS2,22537,0.04664953306949207,0.269922058278653
NOVA1-AS1,22594,0.026874854816819664,0.03678655370654862
CTD-2503I6.1,22612,0.00031231365156353055,0.0007411580373128784
AKAP6,22637,0.009487275997320922,0.013046146482170635
INSM2,22659,6.058017763140548e-05,8.605344575739276e-05
SFTA3,22670,0.10810387768913114,0.15419211453492104
NKX2-1,22671,0.27082444889859564,0.5165550296290321
NKX2-8,22673,0.028976964681209128,0.04824783639926402
PNN,22698,2.581301475022673,3.687565062793232
MIA2,22699,2.4033599442343814e-05,3.471377480842176e-05
MIS18BP1,22727,0.46202237063052154,0.7130983838177137
RP11-369C8.1,22731,0.0007587071433000346,0.0010782260122749782
RN7SL1,22740,0.021611199191298693,0.04167036412112182
ABHD12B,22776,0.0008734407257080921,0.0011984839294792555
BMP4,22815,0.7396192899302598,2.632231078800819
CDKN3,22816,0.5676543044009562,1.846315985120917
LGALS3,22826,0.040750805065447766,0.133061553203275
DLGAP5,22827,0.4411922974958509,1.0067837769047587
RP11-698F20.3,22828,3.968780020885283e-05,5.948061056019897e-05
OTX2,22847,1.062740839589558,1.7514100011461717
RP11-517O13.1,22867,3.5713475839464214e-05,5.2017051418178065e-05
DAAM1,22872,0.31903925567520036,0.4801921934520749
RTN1,22877,0.09201075107568123,0.16573798199119727
SIX6,22887,0.013395926860130268,0.021223104579831672
SIX1,22890,0.004969192544431735,0.008296835613619267
SNAPC1,22904,0.6982927247004148,1.2213265798091952
CTD-2277K2.1,22905,1.919923185857106e-05,2.803029004164728e-05
RP11-355I22.5,22907,9.012616220661618e-06,1.764385842152006e-05
RP11-696D21.2,22915,6.584063897240241e-05,0.00015775090778566116
GPX2,22941,0.005068247790139413,0.02136431907810706
ZFP36L1,22972,2.2144595845542705,4.550738300367515
ACTN1,22973,0.5444839803413752,0.9145064174615611
ERH,22980,5.754655554698758,8.690817476579028
SRSF5,22986,2.5270766459922567,3.53932968699531
NPC2,23056,7.141269804504251,12.88434807051729
FOS,23080,0.26281229188977784,0.5790459074401964
RP11-293M10.5,23081,0.006686437726907129,0.017646567773221426
SLIRP,23127,3.3937069195205716,4.980043424709587
DIO2,23142,0.012103839050044857,0.01812875823823595
RP11-799P8.1,23151,0.000170993322369372,0.0022753188199780235
RP11-11K13.1,23155,8.171143531338323e-06,1.4502987963489982e-05
GPR65,23179,2.4050582143813537e-05,3.7556896915754826e-05
CALM1,23206,4.090489004083474,8.86862329264278
CHGA,23240,0.01808650173878361,0.02969437794021065
GSC,23272,0.1800729017885916,0.30252741110171816
RP11-725G5.2,23278,6.9915671804231735e-06,1.0617955362169642e-05
DLK1,23352,33.421848600708046,788.0032985631835
MEG3,23354,0.6252895155319911,3.086513469906337
DIO3,23373,0.09237429825628721,0.3102850005796929
HSP90AA1,23384,16.25860775169531,118.86945988645584
EIF5,23403,1.5712944439632948,2.3947495117139903
CKB,23405,10.074609290479106,40.11284211884187
AL049840.1,23416,7.763117266563353e-05,0.0001104487862631024
CTD-3051D23.4,23447,0.0004190502112877568,0.0011795765111125413
CDCA4,23453,0.5299604269578347,0.7436481091582156
RP11-403B2.6,23484,0.00016394097775267107,0.00023092242661996366
RP11-580I1.1,23514,7.36035879485988e-06,1.176765124426049e-05
AC124997.1,23528,7.370327248228633e-06,1.1799547513945086e-05
RP11-30G8.1,23543,6.621880468681664e-06,9.524769440321459e-06
RP11-300A12.2,23555,1.806635491828246e-05,2.535968939948822e-05
RP11-16E12.2,23581,6.830362680320915e-05,9.373079395147878e-05
ARHGAP11A,23594,0.18291236211045578,0.2516955660485607
GREM1,23598,0.005183301242237296,0.010592105483402855
GJD2,23618,0.00172626896628346,0.0032733586546957348
ACTC1,23620,0.39938339894912117,12.559044726122515
RP11-1008C21.1,23639,2.7077861322558648e-05,4.147462186659923e-05
RP11-275I4.1,23646,2.349559794191573e-05,3.2411914696781675e-05
KNSTRN,23684,0.41429224847013585,0.861471343068604
C15orf62,23698,2.9241597434505726e-05,4.72702590335699e-05
CHAC1,23707,0.02917340790105272,0.04458150224366055
CHP1,23713,0.8134649228939264,1.3709216528742763
NUSAP1,23715,1.5995251957863565,6.890245608795848
MAP1A,23769,0.3619620317038952,0.621958025128037
PDIA3,23775,3.7708156978390273,5.853651184313858
SERF2,23778,10.246450985650295,17.062842248385962
B2M,23794,1.7954119523189944,3.450335294942247
C15orf43,23797,1.0392673513347612e-05,2.346099274143716e-05
DUOXA2,23802,0.002384171469458748,0.004551743288342546
SLC28A2,23810,0.004641212823007161,0.00954281205647987
DUT,23838,1.4250954079043077,3.1598215980416278
SCG3,23878,0.2382880948436644,0.9676244706948594
ONECUT1,23901,0.011062466895233942,0.018608559133277407
WDR72,23904,0.04991287705400159,0.07046716697160141
RP11-358M11.3,23927,6.451293773761147e-05,9.670391021620049e-05
LIPC,23938,9.611720597405322e-06,2.0067536975027414e-05
CCNB2,23948,1.9049943432143892,8.760626723417364
ANXA2,23959,5.254220757640977,30.685980284887506
TPM1,23986,3.732329360587569,15.235914250615274
RPS27L,23991,4.836988939919528,12.498168997734076
PPIB,24007,3.416091720779221,5.622088372225091
KIAA0101,24010,2.4043552933241874,8.57565488809334
PIF1,24018,0.18584355345295545,0.40561715924337277
IGDCC3,24032,1.4030246467242435,2.6707293713448954
PTPLAD1,24035,1.8550853038810269,2.547871635154117
KIF23,24086,0.21461445448093094,0.35490422042443304
RP11-2I17.4,24112,1.1231445818680544e-05,1.6929170915977165e-05
CYP1A1,24165,0.0061906392313178975,0.04315004529566437
RP11-593F23.1,24207,5.3278386518502216e-05,8.13656485089399e-05
RCN2,24213,3.434227117208828,4.760784879006195
PSTPIP1,24214,0.11261273651396307,0.5765060753421236
CRABP1,24239,2.7447721669171843,93.03600246118239
PSMA4,24244,3.49998998337492,5.146324135873142
CHRNA3,24247,0.07468865245137926,0.10568342344137484
ANKRD34C,24256,1.1834628897551344e-05,1.709719121618571e-05
GOLGA6L19,24304,1.2163930860446432e-05,1.9398477112053668e-05
RP11-182J1.13,24334,2.7976971198755607e-05,3.9777041045001554e-05
LINC00052,24364,0.022504416798346923,0.03767851627549138
RP11-429B14.4,24387,4.660518036911113e-05,6.497213347512382e-05
RP11-429B14.3,24389,1.3135029390144424e-05,1.9134694644042486e-05
IDH2,24402,1.5635504508452378,2.185720439824698
PRC1,24429,0.3381079920583449,0.5577783109959038
RP11-152L20.3,24438,3.2944943442927475e-05,4.796523396368741e-05
NR2F2,24476,0.356198210271871,0.5445602280711936
HBA2,24566,0.000680330972257009,0.008486520512250028
HBA1,24567,0.001379109430190837,0.007610431264378548
NME4,24579,2.1096583428092646,3.0938327917789064
LA16c-349E10.1,24593,6.861737459822397e-06,1.0227276548141709e-05
METRN,24602,1.067023337945177,1.5553118894379816
NPW,24684,0.2884831845771596,0.5586769238922978
DNASE1L2,24701,0.010997501011643167,0.01995833203371116
CTD-3126B10.4,24726,0.0003788502558561538,0.000599738828181117
SRRM2,24730,2.3726970304321253,3.4441709635223603
PRSS22,24735,0.0006072075022095245,0.0009641337365203576
KREMEN2,24741,0.0974419392374079,0.13460279288611135
LINC00514,24744,0.0034610570022316845,0.005165713351696819
CLDN9,24748,0.003183583164341093,0.008697881081019017
CLDN6,24749,0.3987400139912651,1.0355899512427924
TNFRSF12A,24750,0.2766597523030685,0.9533449579686654
IL32,24757,0.03966024894368215,0.19271399043181012
OR1F1,24768,6.85937815674861e-06,1.0220245319527386e-05
CORO7-PAM16,24798,3.899734418235894e-05,5.675206907508528e-05
PRM3,24879,1.2597366775421866e-05,1.7264543428913135e-05
ARL6IP1,24979,3.7116660161555033,26.281379038558146
HS3ST2,25055,0.0009678492507467781,0.0013834168914737906
PLK1,25072,1.009149170961527,5.2213993387145345
CACNG3,25079,0.009618804227346674,0.019410082049391368
RP11-142A12.1,25099,3.39975205234868e-05,4.723473885593808e-05
NUPR1,25125,0.062161281955911314,0.08875708033315556
QPRT,25162,3.3104658158661615,5.3224114307572385
KIF22,25167,0.754277449580949,1.187476825490517
MVP,25176,0.037670384118869325,0.055869786780758185
FAM57B,25189,0.3767833076881356,2.60211220278811
SRCAP,25233,0.4153163022713174,0.7617156540819165
FUS,25264,2.5705561539554913,4.215603073211758
ITGAD,25274,5.141048116339795e-05,7.920296654781052e-05
ORC6,25337,0.7112510095751023,1.1062209029808274
RP11-169E6.4,25344,1.4870904599973726e-05,2.534837749340492e-05
RP11-523L20.2,25351,7.94555266799547e-06,1.3713239179841383e-05
CTC-527H23.4,25363,1.8783858688900942e-05,2.8358391223176446e-05
CBLN1,25366,0.0034083542348989308,0.0049552540106368665
NKD1,25387,0.3489265068708653,0.5806720564870805
RP11-401P9.1,25388,5.460628010866123e-05,7.889098364272924e-05
RP11-327F22.5,25398,1.259756379561342e-05,1.728521078716294e-05
RP11-324D17.2,25432,7.720118762242549e-06,1.2946124015496788e-05
RP11-212I21.2,25445,1.1265055323028842e-05,1.5580124202067274e-05
MT2A,25465,2.5221514696421092,116.84059447650853
MT1E,25467,0.2934363270028503,6.2959090074471815
MT1M,25469,0.002643270517183979,0.013329373824963167
MT1F,25472,0.16941673677704783,0.5041952208278104
MT1G,25473,0.0568864292086172,2.214226974308959
MT1H,25474,0.04481700980336268,1.6590690982490464
MT1X,25475,3.7038811562861103,174.84618678489284
SLC12A3,25478,1.9403913885484924e-05,3.102267186943233e-05
HERPUD1,25479,0.3783120883472806,0.7529414016524312
RP11-21L1.1,25539,0.0003523682483515796,0.000548649630051918
Y_RNA-1,25560,0.006883116975842598,0.010765358839654666
CA7,25575,0.0009306377497169247,0.0018095461708721725
RRAD,25580,0.043456669057738775,0.07244268800889261
RP11-5A19.5,25591,1.7403408179035984e-05,2.403863559139757e-05
TPPP3,25605,0.07714927989906839,0.14111405955587938
DPEP3,25640,0.03293427876739881,0.05659892061264194
SMPD3,25654,0.005223847685939088,0.007783747859367595
NQO1,25680,0.5479224229291734,1.545439648595761
CALB2,25714,0.014381298351318135,0.026745153613411378
PHLPP2,25726,0.019833743760200053,0.044827223613782205
RP11-190D6.2,25817,1.8019452999436737e-05,2.904073636296952e-05
HSD17B2,25855,0.0005277822848085089,0.0009287643752992321
RP11-486L19.2,25882,0.00022102483314395408,0.0006683282735865978
COTL1,25892,6.05895663236533,17.789115452734336
GINS2,25907,0.8090858908876262,1.2864282892147723
RP11-514D23.3,25921,4.686214889316997e-05,7.413964281888332e-05
RP11-514D23.1,25923,1.1751598332479108e-05,1.851268528958415e-05
MAP1LC3B,25946,1.0206958400182766,1.4203343692596677
CYBA,25974,1.1755341792424165,1.6677166855416712
CDT1,25986,1.149449979384095,2.2242381367094612
YWHAE,26069,9.826822155379183,16.984775486052925
SERPINF1,26085,2.425139754398827,5.72529593001887
ASPA,26128,8.453494759382008e-05,0.00025576132132908196
CYB5D2,26151,0.13758106767584374,0.20613788616200807
AC091153.4,26166,9.978629269565648e-06,2.1628858278537126e-05
PSMB6,26176,3.9365309229940566,5.629452107123479
PFN1,26185,13.859300909344112,35.43882952952589
ENO3,26186,1.1917582840186887,1.9738480645212888
FAM64A,26218,0.583083813867584,1.4883437327019546
TEKT1,26228,0.0011485123474417253,0.0017063979375838815
ASGR2,26243,0.00019203655592994618,0.00030358252162790417
CLDN7,26254,0.019170940685443005,0.07846383135860899
EIF5A,26258,2.89850416360713,7.317201701247846
TMEM256,26269,3.033980168736793,4.17691706040652
DNAH2,26298,0.0008289777851211423,0.0016045447135033966
TMEM88,26300,0.7111543185716933,1.3734240144907193
HES7,26315,0.16980966002603387,0.28022352131554
VAMP2,26318,2.3351083500313052,3.479094009036441
AURKB,26322,1.0007945953096442,3.087029939573836
RP11-849F2.8,26324,0.00245589184182719,0.0036098207816074915
ARHGEF15,26330,0.0063368329112024205,0.02668991750484318
RNF222,26339,0.0013771463528327557,0.003209642126889842
LINC00675,26386,6.34599786903298e-06,8.747655135691932e-06
CENPV,26453,3.3440380364163484,6.335312790770233
UBB,26454,12.533946684076293,36.82590686811824
FAM211A,26459,0.30445880354524507,0.5462890368776485
CCDC144A,26463,0.009470481719596288,0.015484235668906476
RASD1,26481,0.05975916021937092,0.12607260781549381
TBC1D28,26511,2.5329285444810035e-05,3.668070720822747e-05
CTD-2145A24.3,26516,1.0561829891069698e-05,1.5139481254764167e-05
MFAP4,26544,0.04473607823762859,0.08161116538751038
WSB1,26605,3.8968691338903034,8.34075938888366
NOS2,26613,0.007612863116877092,0.014090222123874369
VTN,26631,0.11826714792488977,0.16228023026458643
FOXN1,26639,5.824487589761119e-05,9.512642171078692e-05
AC091177.1,26721,1.0409130736172732e-05,1.445207620665694e-05
AC116407.2,26743,1.0880838783762315e-05,1.952507466060025e-05
RP11-443G13.2,26745,1.425041557480639e-05,2.4324756577543416e-05
RP11-118G23.1,26767,1.4426826301837816e-05,2.001125771262608e-05
RP11-215E13.1,26771,9.30397835101494e-06,1.8803088061300103e-05
CCL2,26774,0.12338092697373192,0.2949926044196153
CCL5,26824,0.001253285364971931,0.0020190726410307296
RP11-104J23.2,26834,6.861737459822397e-06,1.0227276548141709e-05
CCL4,26839,1.8685322524992873e-05,4.2510356783759144e-05
CTB-91J4.1,26840,7.574224596953407e-05,0.00035024784092554283
RP11-445F12.1,26860,0.027678914471567638,0.040137766100101085
LHX1,26861,0.026877620782740086,0.045582308860359695
RP5-906A24.2,26910,2.542703929038089e-05,3.7427314652916575e-05
RP11-94L15.2,26929,0.0007255727989686994,0.0030691814327116766
TOP2A,26953,1.5517867249398067,9.729635446984412
CCR7,26957,0.0004181495683310442,0.0007656185200169556
KRT24,26961,4.998987859705765e-05,7.33487565851104e-05
KRT12,26970,1.6914678464980575e-05,3.495330974562918e-05
KRTAP3-1,26978,0.004327580201935184,0.028497078911416042
KRTAP2-3,26985,0.0002075139701767325,0.000359292945597165
KRTAP4-8,26988,8.406375761603782e-06,1.5350035882124814e-05
KRTAP4-4,26995,7.75663060999762e-06,1.3068869773763865e-05
KRT31,27013,1.2027127777550453e-05,1.9170274650162033e-05
KRT38,27016,8.55412938041109e-06,1.589437437168199e-05
KRT19,27023,1.825708655543765,10.687855403242612
KRT16,27027,0.0013257054476906414,0.008216930130216316
KRT17,27028,0.0004784247798348308,0.0006890227122791683
GAST,27031,0.0004135469362807389,0.0010837708837101987
PTRF,27056,0.24135581328054145,0.42841753626825824
PSMC3IP,27063,0.3578773571978137,0.49052557003625197
ARL4D,27099,0.3816200945152198,0.82130069806546
SOST,27106,0.0007157813564427982,0.0010874160003328307
PYY,27118,0.030865401693775333,0.04334756134100838
FZD2,27144,1.401086636577708,1.917810351726461
C1QL1,27162,0.024069426799146813,0.07377558869466375
FMNL1,27173,0.004955711577769374,0.008314612199181441
AC091132.1,27182,7.218352238576111e-06,1.1317954452910228e-05
MYL4,27211,0.2299409237615783,0.6681689848391372
HOXB1,27247,0.0002303885463431997,0.00039432495903474267
RP11-708H21.4,27278,1.9440439316108357e-05,3.122708658260128e-05
COL1A1,27316,0.8532943713292755,3.046522726000859
RP11-893F2.5,27317,3.184180022468132e-05,4.4623797158962134e-05
RP11-893F2.15,27318,8.021144211628958e-06,1.397540654032348e-05
RP11-94C24.6,27330,2.5890008202788574e-05,3.822376395277022e-05
NME1,27350,3.463634975335724,5.225390927801941
RP11-118E18.2,27392,1.1780373707698434e-05,1.7179737097648657e-05
SEPT4,27419,0.17578155852374153,1.4550506118007913
PRR11,27427,0.25270080559381575,0.3526556008121971
CTD-2510F5.4,27429,1.9515599363570228e-05,3.417465732707063e-05
CA4,27448,0.12403384020123741,0.28257859607131236
TBX2,27461,0.0002172280224579478,0.0003048134152612464
RP11-180P8.1,27477,1.874350138019262e-05,2.720521729823379e-05
RP11-269G24.6,27487,6.579665462624011e-06,9.403715084385455e-06
DDX5,27518,1.777523536731126,2.8255516628909447
APOH,27533,4.186094019332727e-05,7.510333389895333e-05
RP11-349A8.3,27538,8.822773546030532e-06,1.3215934547928725e-05
KPNA2,27552,3.2938374269739477,42.314785082698215
MAP2K6,27572,0.4562128427268296,0.7043228350267462
SSTR2,27598,0.021853805908188514,0.04678823108801894
CTD-2582D11.1,27614,1.3764496828497885e-05,4.115404232326622e-05
BTBD17,27624,0.24464376371935956,0.3601925778685281
CD300LD,27630,7.234054034399354e-06,1.1367247690063272e-05
FDXR,27642,0.9093195021424428,1.6559498920327058
HN1,27656,4.7874513519314785,13.145136431080395
RP11-16C1.3,27666,4.703669986484171e-05,7.464406342665431e-05
H3F3B,27681,23.684237709295314,187.14092681501904
RP11-552F3.13,27694,2.1319722587274853e-05,4.2395799538858e-05
FOXJ1,27702,0.15814140845024072,0.22950930030699676
ST6GALNAC1,27717,9.444754601266883e-05,0.00014925701763828861
SRSF2,27723,1.4762229867626613,2.0944664309799568
RP11-285E9.5,27731,1.0076529508273262e-05,1.603244426577879e-05
TK1,27745,0.23718627957224228,0.33536762513752716
BIRC5,27747,1.663453697799896,5.8432484645742955
ACTG1,27826,29.265950351491828,212.82948828022927
P4HB,27844,4.035347626883485,6.446550872826336
ANAPC11,27851,3.684910369728198,5.066859411658186
NPB,27852,0.020985589331463467,0.03928310352875498
PYCR1,27858,0.9884604253033833,1.3709525317561515
SLC16A3,27878,2.523936568903447,4.333154912739456
TYMS,27928,2.4724872801449704,5.311168290184811
ADCYAP1,27936,0.025429754970601834,0.07170720215366545
NDC80,27946,0.3048353238962938,0.5127897040058915
MYL12A,27957,1.9497286447711275,3.3462444468947745
TGIF1,27962,1.0598282720663552,1.6306589003829273
CTD-3096M3.2,27980,7.593784366432875e-06,1.2525882430388104e-05
RP11-286N3.2,27983,7.1196237192999654e-06,1.1010470461779593e-05
APCDD1,28030,0.07225108982274565,0.1019674093521284
ANKRD62,28058,0.001151556747345835,0.006037294502317806
TUBB6,28063,0.5034209539560383,0.7583714367418226
RP11-861E21.1,28066,1.1422340273804981e-05,1.8316540659804523e-05
RP11-973H7.4,28073,0.0003009723121077826,0.002345740286623372
POTEC,28101,7.22914773770718e-05,0.00010486820756027337
SNRPD1,28116,5.005602620305961,7.245834927508572
RP11-627G18.1,28128,1.4880173329820943e-05,2.636797591703753e-05
RP11-178F10.2,28155,2.4600801640131766e-05,3.472204676705213e-05
CDH2,28179,1.2984932873865767,2.1517770165585848
DSG3,28195,0.0015913244083313764,0.004108723353506113
TTR,28199,0.07025630758469191,0.810418350209659
CELF4,28249,0.2269530652059634,0.3761632478132021
SYT4,28260,0.5541569189648917,1.343854514610282
CTC-782O7.1,28261,2.054390070275577e-05,2.8735660261717447e-05
RPL17,28308,4.982849200051101,8.751766793150285
RP11-729L2.2,28325,1.079922742263258e-05,1.514732131918451e-05
RP11-99A1.2,28340,1.8003861924570725e-05,3.097541751277917e-05
ST8SIA3,28364,0.007603869600638956,0.01101465088392334
ONECUT2,28365,0.04195315910620378,0.14422433937911752
RP11-845C23.3,28374,2.592141206883644e-05,3.6814774621005737e-05
RP11-685A21.1,28388,7.413225513724961e-06,1.1937302958648485e-05
PMAIP1,28400,0.07030687801182113,0.10730330986352449
SERPINB5,28426,5.5642273330158115e-05,9.114100649867611e-05
AC100848.1,28439,3.0356261394732914e-05,4.566174253345438e-05
CYB5A,28488,0.5851276639547088,1.0379268122952683
CNDP1,28493,0.0009980555479451785,0.0029939673773978917
TRIB3,28571,0.0743039486345308,0.22178311204404327
FAM110A,28580,0.09503153175579461,0.15815022667603856
SIRPB2,28594,0.00012618892081993395,0.00021101174633817425
SNRPB,28608,4.755108622656146,8.772291643996358
CDC25B,28643,0.1511591930444987,0.2076100453459408
PCNA,28661,1.210689840293635,2.7420940172964037
RP5-828H9.1,28665,3.711957848803002e-05,5.444975021671243e-05
SNAP25,28700,0.007249028662172541,0.012863719943067828
C20orf187,28709,7.95505628542482e-06,1.374606292192259e-05
RP5-1069C8.3,28718,1.1343906755068538e-05,2.795227069407126e-05
FLRT3,28729,0.43170820799664045,0.6515384296341247
DSTN,28740,3.380438308091678,4.973537715629197
INSM1,28777,0.009359455461193473,0.013215243757088251
RP5-872K7.7,28781,6.746511929520888e-06,9.886677950803323e-06
LINC00261,28795,0.2468571860976725,0.3502603921034304
FOXA2,28796,0.7349415867111,1.1440394987080311
RP4-753D10.5,28799,6.927646476326127e-06,1.0424692066444878e-05
CD93,28802,2.687243347269124e-05,5.5477554805524185e-05
VSX1,28835,0.0026756762841397648,0.007524891283613869
RP4-610C12.1,28854,6.63854261445811e-05,9.206080060414636e-05
ID1,28867,0.40622331185339716,0.8497475466313347
TPX2,28872,0.8181790173032613,2.8270911239067305
RP4-550H1.5,28972,5.329276707167597e-05,7.531950862527336e-05
MYL9,28979,2.9107342110654324,14.996534028958253
MROH8,28992,0.1631211654039365,0.5832511295513506
NNAT,28998,1.6725918360872998,17.49490560153976
RP4-640H8.2,29000,0.00032439090808296655,0.0008618298199992309
ADIG,29013,1.8548306369424553e-05,2.570033523647388e-05
FAM83D,29018,0.2037469108062876,0.3665481756261826
MAFB,29026,0.055445864001080286,0.07647275838710212
GDAP1L1,29052,0.10187080738152257,0.14737532802652806
YWHAB,29072,2.5787609208188127,3.5951047195454304
SDC4,29086,0.286040653255155,0.4279536101587445
WFDC2,29095,1.0105257555664382,1.824341919497207
UBE2C,29110,3.464775503874006,57.5294521163
PLTP,29120,1.5468276053583514,2.4155931354560694
RP11-15M15.1,29202,6.754886110866065e-06,9.911236761339137e-06
DOK5,29216,0.1397395672084252,0.20551672532005186
AURKA,29223,0.5503862541907977,1.747626854870026
RP5-843L14.1,29230,7.838391794281378e-06,1.3345834983799974e-05
RP5-897D18.1,29232,1.5748066756113254e-05,2.2805952965945226e-05
CTCFL,29243,0.0258560692411662,0.04037006941708755
PCK1,29244,0.0001761060885390558,0.00034870650897121566
TUBB1,29269,7.435777520503617e-05,0.00010686220239464765
ATP5E,29270,6.240232693573708,8.549107125310186
EDN3,29273,0.00800328972599576,0.012300128810088575
RP4-614C15.3,29275,8.643055184752603e-06,1.6226557666212332e-05
PSMA7,29293,5.58443978976093,8.513810566801709
RPS21,29302,13.464165227054051,24.179006272768646
NKAIN4,29339,0.40507887759561867,0.7820533912970649
RP11-358D14.2,29345,1.4463347204838462e-05,2.017718370830054e-05
RP4-697K14.3,29347,2.8199256897464383e-05,4.197037120677888e-05
PPDPF,29348,11.433469396387023,27.19875320375101
STMN3,29355,0.12196227524096008,0.1747372389379719
BSG,29407,13.475356009198174,32.405367027704386
ELANE,29427,3.23556634588275e-05,4.7285452077860754e-05
CNN2,29439,3.286485565845445,4.567290732750946
GPX4,29444,7.267137420471234,11.976591157122208
CIRBP,29451,10.108870464213206,18.085741735803154
ONECUT3,29479,0.002999951147878709,0.005219031577141241
OAZ1,29505,6.9436244199349035,12.959431620781459
GADD45B,29514,0.26182359187471516,0.40388534075354765
ZNF556,29525,0.002307167294344638,0.007869992978336448
MIR7-3HG,29604,0.0708996397872361,0.2848944879709083
PTPRS,29613,1.274908226494128,5.2089462997157705
AC104532.4,29637,0.006118050170033559,0.01134416612933987
CD70,29664,0.014303382285534705,0.019759037853679145
EMR1,29672,1.3871374245585412e-05,2.6994861293585006e-05
MBD3L5,29676,0.0006135869803398554,0.004272973672535201
MBD3L2,29678,0.0044776504615359715,0.2613723814119174
MBD3L3,29679,0.0006651516915434549,0.005855076421596182
RPS28,29733,45.55610230783042,165.0187689786635
ANGPTL4,29735,0.2843728548327393,0.404368491207988
HNRNPM,29740,2.673834895663093,5.470972436343199
UBL5,29781,4.8476746467817895,7.018035126507392
OLFM2,29784,0.2326012177716437,0.34445853721965775
SLC44A2,29820,2.050480067887182,3.179604971000984
SPC24,29834,0.33945592497939847,0.571297226146268
ELAVL3,29850,0.11528461547812786,0.4418842352232353
CNN1,29854,0.08169706877224159,0.17417117693279313
CTC-499B15.8,29864,2.2172039344773652e-05,3.035770487394298e-05
JUNB,29914,0.10615762900334112,0.2114721918903491
PRDX2,29915,7.081055968800785,10.730769922878117
RNASEH2A,29917,1.2136015805910678,1.7614880280354546
CTC-425F1.2,29927,7.025002494774816e-05,0.00012608094309614066
CALR,29928,3.8473978138796685,8.53551940535965
IER2,29942,1.278820419931451,2.0855605178221834
TPM4,30026,2.556654085401925,4.054365102290787
BST2,30081,2.2753433022910268,7.338309205129021
CTD-2521M24.8,30085,0.011603150274023257,0.017847917953225614
FAM129C,30094,0.0012970578908297946,0.0038518157973568942
CTD-3149D2.3,30097,1.4134610234386841e-05,2.6051531808695814e-05
RAB3A,30116,0.37467181615907136,0.5812176489230995
LSM4,30121,6.157316222084368,8.846004269504476
GDF15,30123,0.9893381612986668,6.453071164190037
ISYNA1,30126,1.8581344940341915,2.593453499241663
AC005387.2,30131,8.746609875517672e-06,1.661771613164353e-05
VSTM2B,30279,0.005871938192827433,0.008174133250060016
CTD-2540B15.7,30334,1.0013716425350597e-05,1.3977780809091257e-05
CHST8,30340,0.03552010401842541,0.0771719195706414
GPI,30345,2.48243213439786,4.077208610921878
APLP1,30426,0.47793030881848564,0.6917858685649364
AD001527.7,30444,7.224450534867323e-06,1.133708672672217e-05
AC104534.3,30537,2.0827487395577246e-05,3.829743520984262e-05
CCER2,30544,0.004275720632727637,0.008540509571965338
IFNL1,30559,7.056699064775789e-05,0.00010014968505021257
ZFP36,30566,0.06659475379126562,0.09170241315019406
DLL3,30573,0.41149321768381386,3.032306861720762
LEUTX,30583,0.0022061576785835,0.0691842177036178
TTC9B,30594,0.0010342960983476782,0.0014395594383007535
PLD3,30598,3.0580658900431366,4.509255917820441
RAB4B,30615,0.2161634055118988,0.3130758735129117
CTC-490E21.12,30618,2.2903610988192248e-05,3.632326987645009e-05
AXL,30626,0.35125900704997765,0.5114669793688945
AC006129.4,30642,0.0009188782939009008,0.001840970339578155
CEACAM3,30651,7.519381529581855e-06,1.2281631202389023e-05
ATP1A3,30659,0.017408487098344125,0.024379861071814245
PSG3,30683,1.783517189199564e-05,3.291690792887615e-05
PSG1,30686,7.862427489327067e-05,0.00012288108029850206
PSG6,30687,1.7702394551760225e-05,3.75992059654554e-05
PLAUR,30711,0.04202679667053137,0.05763058116500713
APOE,30758,12.476534338357496,108.42792188386608
APOC1,30759,0.5034832948589429,0.740826817812337
ZNF296,30767,0.054891484770809545,0.10688368659535157
FOSB,30788,0.02366264520037674,0.03582534689336293
CALM3,30837,4.086379094695627,6.163550819555507
BBC3,30854,0.3653302028113016,0.5763987930019276
TPRX1,30874,0.0018423853225578754,0.04270098778027269
TPRX2P,30876,6.551581030082029e-06,9.323608909212696e-06
EMP3,30894,0.2901277397537658,0.40842645115589415
NTN5,30916,0.0020163288974431363,0.0027646519869516067
PPP1R15A,30926,0.32777398203035446,0.47737575003670357
BAX,30931,2.5374078146795602,4.337990797948444
FTL,30933,76.2303937422025,3152.605916407897
CGB5,30942,2.1561785491117397e-05,3.4239059520438866e-05
PTH2,30963,0.005092183546006934,0.008054312937496037
ATF5,31003,0.3992718774511059,0.7874440460706524
CTD-2545M3.8,31023,0.0049183042507427764,0.007001215570761498
KLK15,31038,1.4193356551642482e-05,2.2608310059659586e-05
KLK2,31041,0.00015432176723237083,0.00023086207664117453
ETFB,31072,4.108298761290553,8.344357832171646
LIM2,31076,0.06337732266338572,0.0868806162279728
FPR2,31096,2.6260089229314573e-05,4.3039528677654944e-05
HCCAT3,31104,0.0017442359965454662,0.002433728885960726
VN1R4,31152,6.989118422499183e-06,1.0610519118980018e-05
CTD-2337J16.1,31192,2.8274884936481543e-05,4.478773770167841e-05
TTYH1,31200,1.5250302288077706,3.642118716747086
TNNT1,31233,0.9981760863164773,2.453847766262369
IL11,31253,0.057671614263158,0.10889377077702465
UBE2S,31259,2.65708350189557,20.148737891851823
RFPL4A,31284,0.00018135410467981912,0.0020300819148537006
RFPL4AL1,31285,0.00010538987951791883,0.00039392321939823413
ZSCAN5C,31297,5.589467512923375e-05,0.0003405290211551017
PEG3,31322,0.007920223331786404,0.011405039341951723
ZSCAN4,31360,0.0013949985570928711,0.0211879019426578
CTD-2583A14.9,31373,1.3501746530140816e-05,1.983946506606406e-05
RPS4Y1,31420,5.294621421205522,50.93670034967589
NLGN4Y-AS1,31477,2.0472870807679932e-05,3.0367874756850396e-05
EIF1AY,31493,0.3949971309652329,0.6715301140273586
CCT8L2,31539,1.384431113498349e-05,2.405370963796724e-05
AC006946.17,31549,8.071979262669158e-06,1.415311025177154e-05
SLC25A18,31558,0.016580781683888907,0.02585188992023417
AC008132.13,31572,0.0016597570482366766,0.0059605856300738135
GSC2,31582,8.235217900208726e-06,1.4731331667865235e-05
CLDN5,31594,0.001863857594476893,0.0027627208631150527
TXNRD2,31601,0.10791225690891769,0.1633453107756622
RANBP1,31610,5.76312548338758,15.96772175881231
ZNF280A,31677,0.009246617099974793,0.012923966784204268
PRAME,31678,0.04670380732694814,0.10760744032260203
CHCHD10,31700,2.957855706361611,4.376759889015476
MIF,31708,3.9578140393592585,7.296340571272463
CTA-407F11.7,31745,9.127342999013033e-05,0.00013401046106351053
RP11-259P1.1,31752,6.787051440746191e-06,1.0005852117136056e-05
CRYBB1,31760,0.0014155811725376686,0.0031178287805101288
MIAT,31762,0.8117492251771846,2.0039259393191706
XBP1,31786,3.1868659314475845,8.481307013270014
RFPL1,31801,0.00014746108964788253,0.0007103878371448295
SELM,31849,0.3237923038762793,0.48400448883222236
RFPL2,31875,0.0018353522845479398,0.038857188732719844
RFPL3,31881,5.6149460927507466e-05,8.301014951359422e-05
TIMP3,31891,0.21380638752988082,0.34951172319452334
HMOX1,31909,0.14907224516914538,0.4132077457206877
APOL1,31922,0.0013710259090572805,0.0020234122891841077
SSTR3,31948,0.00018173254040519224,0.00025402065797132807
MFNG,31954,0.4366509089448858,1.1844270190143935
LGALS1,31963,2.4957940245238635,14.462728305134377
H1F0,31966,3.2811869689929885,12.445659774621554
EIF3L,31970,11.176975098634085,17.480375492057746
SOX10,31975,0.0048235459287020496,0.006816093888479931
FAM227A,31993,0.03560573172012679,0.0488363222717189
APOBEC3A,32010,0.0013694838479332695,0.0028140130328074085
ATF4,32028,1.7516496230583931,2.57023676258222
XRCC6,32066,4.064191856530567,5.632030840525715
BIK,32103,0.05456464545274354,0.08438942305480816
FBLN1,32142,2.9235696259385775,4.714296770492959
C22orf26,32148,0.00016533873777605052,0.0006346700527926992
GTSE1,32158,0.3920145527175877,0.8383550839057138
PIM3,32187,0.304240756498326,0.4269352442526694
KLHDC7B,32220,0.00029789320399619535,0.0004138232792739257
CTA-384D8.33,32226,5.499230385542299e-05,8.656573818162181e-05
SAMSN1,32246,0.00011437554046772125,0.00015843430954535606
AF165138.7,32248,0.0004833086886671324,0.0009959067268257404
AF127577.8,32252,0.0004051942718454509,0.0006948577096540275
AP000473.8,32265,9.486814186382341e-06,1.9549361987898683e-05
CXADR,32269,2.2438852010604604,3.4971403756639265
BTG3,32270,0.7965588244201075,1.0953497789768285
CHODL,32276,0.008906060153933767,0.015003021355441645
AP000472.2,32296,1.8430145155948477e-05,2.5189781742181516e-05
AP000459.4,32301,0.01069039112433289,0.04120147347125858
AP000459.7,32302,0.00016910472769894356,0.000500255662310435
CCT8,32349,6.207596119318469,8.887783167779908
GRIK1,32355,0.00012507856770540218,0.0001791349999294518
KRTAP19-5,32377,2.571512726345619e-05,3.9498560296413114e-05
SOD1,32398,3.728307137131302,5.341663748865058
MRAP,32408,0.00039302680532321034,0.0008233833186492874
TCP10L,32414,0.02588417763663198,0.06885267915671027
C21orf59,32416,0.7556954808943936,1.6219209496810587
OLIG2,32425,0.03772326868480022,0.08164047598515735
RCAN1,32464,0.027376400831536335,0.038202941965371814
AP000692.10,32481,0.04926653751769184,0.10122199427647402
SIM2,32490,0.2246890882060408,0.3316855246895223
TTC3,32495,2.2479270261708337,3.317228881826839
KCNJ6,32504,0.00342863758106318,0.005183583064890556
KCNJ15,32507,0.0001768821754953089,0.0002462232559628183
DSCR10,32508,0.0002549296636249549,0.002070430070280996
AF064858.7,32518,3.495892143397908e-05,4.9778966893154195e-05
HMGN1,32526,9.146753016568685,16.96024674589276
PCP4,32534,0.016352574497772353,0.05464545402471139
TFF3,32561,0.42827278882911446,0.8396424111710904
RSPH1,32566,0.026103996447168723,0.05518855059147246
U2AF1,32581,3.2189557814017777,4.655339423730494
CRYAA,32584,0.0013643823618555556,0.00594676374364759
CSTB,32595,2.4049544565457586,3.3161755896295952
DNMT3L,32608,0.0002279281885124291,0.0003472844816625822
AIRE,32610,0.00028738901458481587,0.001010186684996945
KRTAP10-4,32628,1.146997031671517e-05,1.6313868012893663e-05
KRTAP10-7,32631,0.00032453849212172036,0.000543749246655474
KRTAP10-12,32640,1.7001488909076004e-05,2.3737606408313897e-05
MT-ND1,32696,10.063140776274416,38.39735959187452
MT-ND2,32697,12.87902513672963,61.88048537115415
MT-CO2,32699,22.12328915324307,163.3081262278347
MT-ATP6,32701,5.984470742391249,22.973761653862553
MT-CO3,32702,23.41692193175488,203.21092067852248
MT-ND3,32703,4.018960859848677,10.875173938516191
MT-ND5,32706,2.995037670422895,5.65080219103854
MT-ND6,32707,0.975937679292194,1.4956881754114884
MT-CYB,32708,8.347893789678064,43.84690289977375
AL592183.1,32721,0.31150068991528346,0.42636305876831315
AC145205.1,32733,7.616004292660251e-06,1.259929324268783e-05
