gene,gene_index,mean,var
SAMD11,33,0.44018289219712986,0.802656998614734
HES4,40,0.4396678017124316,0.9563560402557152
ISG15,42,0.17135264280330365,3.4476748496979392
RPL22,166,7.152799575216137,12.470827876165295
ACOT7,173,1.0981607678720462,2.284593282716699
ESPN,176,0.07173697504430454,0.12844924169246486
UTS2,199,0.02254042601729567,0.41026778555826704
ENO1,210,4.014787933784321,10.138524875078048
KIF1B,233,0.6378164466989561,1.0091377314876078
RP4-635E18.6,251,0.02025141949786904,0.044052474761820296
DRAXIN,262,0.2961555524866165,0.5020201642392277
NPPB,270,0.019173564157268865,0.4088072976812059
RP5-888M10.2,278,7.684123084446467e-06,1.1726485315362219e-05
DHRS3,279,0.17623304049300442,0.49478821076266416
FAM231B,368,1.563378382444378e-05,2.7248954380940783e-05
MFAP2,380,0.8032766090895659,1.4308844437806714
IGSF21,396,0.329967259776079,0.6929229274355462
AKR7A2,410,1.2953310211570561,2.2356565547076666
NBL1,416,0.2641965632607905,0.6371398318915292
PLA2G2A,423,0.008068619928997638,0.014364955497303296
CAMK2N1,436,0.2759452092730446,0.7148094087876639
CDC42,464,4.39802727697431,11.921154072384692
WNT4,466,0.0585933201284243,0.1290818679941995
C1QB,471,1.4087754267911444e-05,2.2739002178697727e-05
RP1-184J9.2,478,1.3128000668497705e-05,2.4844918748863305e-05
ID3,490,5.792591845978243,59.243905253990214
RPL11,492,21.6475393423875,74.27184372893282
SH3BGRL3,556,2.517325734528653,4.65473755987412
UBXN11,557,0.43613297980801485,0.6753807884267141
HMGN2,564,10.00517577485763,73.56613413199449
NUDC,574,2.5056691429596905,5.223471527757407
NR0B2,575,0.02577576822695802,0.040642002518377476
CD164L2,586,0.029329598868056667,0.047262908863133536
IFI6,594,0.2467980319207859,0.5390564110466092
RP11-288L9.4,595,1.371999966311975e-05,2.4043215040463148e-05
FABP3,654,0.037730096647632216,0.06897803601159633
TINAGL1,660,0.0005155877629053721,0.0010302335565591262
CCDC28B,679,0.9900163926942399,1.6098346747891688
MARCKSL1,688,17.295916577081687,99.44937790008032
GJA4,728,0.00016701967120617776,0.00025719172098076384
C1orf216,743,0.18448213988539286,0.2926876946594092
CLSPN,744,0.10255101807750684,0.1886228565775179
TEKT2,751,0.23440740701544216,0.35793100048018067
MEAF6,770,2.234040506900456,3.7144623404132666
DNALI1,772,0.9954770324966107,2.287205017971848
CDCA8,776,0.07177231536661939,0.12353446577628528
POU3F1,789,0.04679432305490579,0.11036666982828919
MACF1,800,0.8530589073105435,1.3565943270172736
YBX1,859,14.143173510424168,47.25090316098422
FAM183A,870,0.9166037034525254,7.18363505113232
CDC20,878,0.36610672095644975,1.997251452740625
ATP6V0B,895,4.186822364431385,8.135172666546243
KIF2C,906,0.07085979366648712,0.12164440481889004
RPS8,908,21.82433332095508,93.68409953882843
PLK3,910,0.14969778465478326,0.2480142372752449
TCTEX1D4,911,0.0974136681300541,0.16523813005033483
PRDX1,924,3.0528685311960286,6.24862350352141
NASP,926,1.2124562929016596,1.8539790080957363
TSPAN1,935,0.05102265442903481,0.09512450670526208
ELAVL4,988,1.3638974770118542,5.319087207067719
DMRTA2,991,1.1995024925919306,2.6806245449801853
RAB3B,1009,0.45538057511118396,1.014833593522766
RP11-334A14.8,1033,5.9414911931371675e-05,9.153314573434207e-05
TMEM59,1057,3.448282547946322,6.647354500586067
TACSTD2,1107,0.06891318982597355,0.17883717508305558
JUN,1109,0.8919442366049737,2.529735434398547
NFIA,1128,0.738915689122364,1.7686406673824142
RP4-792G4.2,1150,0.008158327946721078,0.015312471810579542
TCTEX1D1,1175,0.41335315458389243,1.013617969159825
GADD45A,1186,0.24321106609483337,0.6041520365227309
DIRAS3,1189,0.06864100488262073,0.19607348600846944
WLS,1190,2.482803524127837,11.743353426323532
RPE65,1191,0.04958862613242326,0.14042839370905952
CTH,1206,0.07666546099585743,0.12298100365564031
PTGER3,1210,0.005791577376104248,0.009466869137145359
RP11-375A5.1,1253,0.0004408615147992864,0.0026202701103760786
PTGFR,1263,0.004579842816603214,0.007166248064376053
PRKACB,1283,0.34662345061714506,0.6099858564642255
GNG5,1287,3.1679717937519825,7.695291410276106
CYR61,1302,0.15963597923628123,0.4017178610963553
SH3GLB1,1312,0.9174088016672719,1.924940056092344
SEP15,1313,2.200256723515365,5.989234607980631
HS2ST1,1314,0.5707575737400302,0.9531526897414038
LMO4,1319,2.1225768292172495,5.507887990831694
BARHL2,1344,0.13310487444390307,0.2919704996115508
RP4-665J23.1,1345,0.4144209589585007,1.2774346589814987
RPL5,1362,14.79665065728521,46.844864921751594
FNBP1L,1368,1.1518115924996917,2.0271524109243964
F3,1381,0.5044863081783443,1.5655875871460811
CNN3,1386,2.8932044888369144,6.992905419018475
RP5-837M10.4,1431,1.8883941510903253e-05,3.553162399203877e-05
OLFM3,1446,0.13540691778885885,0.26723724133183946
NTNG1,1466,0.15662617258701178,0.315754889321418
C1orf194,1491,1.495728369456064,13.106693570990476
PIFO,1558,1.7319060032938216,13.866604733295668
WNT2B,1574,0.11965007421739285,0.49436017495434675
SYT6,1604,0.04486071115118712,0.07851329733042389
TSPAN2,1615,0.16480475383314094,0.2689704041209524
NGF,1618,0.025647839867411606,0.055429721025675144
NHLH2,1621,0.20585609635911994,0.7691581541968292
PHGDH,1663,0.9147463877990607,1.7945817506297395
TXNIP,1722,0.6299771460693725,1.2703838458261671
HIST2H2BE,1815,0.8028272401680222,1.4467036022731943
SV2A,1819,0.3991371941653743,0.7252483111375484
ANP32E,1825,0.6065224143272818,0.9854480408607221
CA14,1827,0.23430609316145934,0.5188267204046414
CDC42SE1,1857,0.4762708935625796,0.7494257293363109
MLLT11,1858,9.454464663917856,128.57862301678955
CELF3,1883,0.41890309457821523,0.7094124244874613
S100A10,1900,0.5595345244428134,3.3901553320717177
S100A11,1902,0.6672489260128505,3.9149216633188235
CRNN,1913,8.842906575142413e-06,1.5529923238822e-05
LCE1E,1930,0.001824556327725821,0.003352492860685787
SPRR1A,1940,5.096528898803433e-05,0.00014834498876475612
S100A6,1962,0.841875892079943,3.781117318033753
RPS27,1989,20.564269644286785,90.4586785596806
PBXIP1,2012,0.6831596207365049,1.1338522065327545
CKS1B,2016,0.9580902113900012,4.156546899949485
EFNA3,2025,0.3543103196311323,0.5484753617966474
FDPS,2044,1.9497976775277441,5.162349366903914
SSR2,2061,2.436372779152673,3.733111408225798
RAB25,2064,0.26566386930288305,0.4744668726752933
C1orf61,2081,0.004606608975307637,0.015598963229544306
NES,2095,0.6373333113075179,1.5199817227274397
CRABP2,2097,2.4935083162581635,17.75620118342355
NTRK1,2105,0.026674712996161812,0.06230009145300023
RP11-404O13.5,2126,0.003413431914586035,0.009337093641981585
CADM3,2150,0.3761566890624528,0.5800066497004769
DUSP23,2161,0.3530542138351519,0.5432885071283132
CCDC19,2168,0.2683318331627193,0.5551445037059054
TAGLN2,2170,3.0922482206393096,13.127665103701956
NHLH1,2190,0.11895936509784871,0.8244859070865544
RP11-312J18.6,2202,2.3654760292462696e-05,3.6443118569108026e-05
TSTD1,2207,1.9023383214019567,2.9288680643286398
PCP4L1,2229,0.012271903787980813,0.027261523007368362
C1orf192,2232,2.140091605821786,17.673358622489197
NOS1AP,2249,0.2308821086680038,0.3881151745078114
RGS4,2261,0.2541106589666986,0.6958414405788369
RGS5,2262,0.15250218091713647,0.7843866174886751
NUF2,2266,0.11139318058874562,0.23038158391439606
PBX1,2267,2.197666254552155,7.805797149430418
LMX1A,2269,1.0964158989396453,1.8478922033586294
RXRG,2272,0.2882460104574074,0.861757645611062
TBX19,2313,0.044395213248361744,0.15644987731389018
ATP1B1,2323,2.2422875602731733,8.736215731652768
CCDC181,2327,0.7893159464418451,1.2620510105484233
SELE,2334,4.488223659098513e-05,7.832086999226217e-05
KIFAP3,2338,0.6715241203035546,1.0322138409577684
MYOC,2358,9.546460285399782e-05,0.00015349744869831944
PRDX6,2373,3.42224240889239,8.704064905406506
PAPPA2,2402,0.004051261749844582,0.006475821795428234
RP11-12M5.1,2427,1.1970445879649738e-05,1.8293292034426202e-05
RGS16,2469,0.6235936267747582,4.336532673430976
NPL,2474,0.1323493209450792,0.22671022582796319
ARPC5,2484,2.158800260950348,3.297658681720139
BRINP3,2528,0.020483076137540593,0.03157588392977285
RGS2,2543,1.4096182803593953,9.842030695396703
B3GALT2,2550,0.08142998236531727,0.13526770080350464
CFH,2558,0.0034054642699007194,0.006396717495888418
CFHR1,2560,0.0011459092817855336,0.002125785608317313
ASPM,2565,0.07689058877369662,0.15970632156521977
LHX9,2572,0.46564228620017334,4.593839715285073
TNNT2,2603,0.0009353428732564266,0.004159326133384896
TNNI1,2605,0.008490605152410619,0.17429035674536672
UBE2T,2629,0.33909585735815784,0.6951359539610206
MYOG,2645,0.0003542257811120262,0.0033960936157187015
MYBPH,2649,0.0006812919714772076,0.021339070518834918
BTG2,2654,0.49628822620578605,1.0157079768004944
REN,2668,0.0002918654424577648,0.0006143328283299126
MDM4,2676,0.4591424921377772,0.7600692801877647
CNTN2,2682,0.023309931557057045,0.036452307037306876
KLHDC8A,2689,0.30244634521701963,0.6277435274555752
LEMD1,2691,0.40162108079315595,0.6621770589479906
NUCKS1,2697,2.0001661205090544,3.7333085085833018
RP11-459K23.2,2747,9.893355417899611e-06,1.9438666442894105e-05
MIR205HG,2752,0.006597198113268554,0.026033935344795835
G0S2,2757,0.0128766508854068,0.02480862922411404
SERTAD4-AS1,2764,0.12268393001083595,0.1955613793872264
SERTAD4,2765,0.25468721517070503,0.5482719510329755
NEK2,2777,0.14785302632219996,0.3923719093430273
TMEM206,2789,0.6072599162931818,1.1763935495310145
NENF,2790,4.426956271029916,57.47336304571381
ATF3,2794,0.12765960583490502,0.33573866005698705
PROX1,2810,0.21968504896831462,0.3565710853412824
CENPF,2814,0.6092909759726317,5.641298490408823
ESRRG,2821,0.07562434968689971,0.13946474648616594
SPATA17,2824,0.33433173336059957,0.5155636411181789
TGFB2,2831,0.0624638606697403,0.09865438901834264
LEFTY1,2909,0.0832652517150436,0.48630086354471763
LEFTY2,2912,0.014395653555943896,0.09656716612083216
MIXL1,2919,0.0037749234413014324,0.013495541700124765
ACTA1,2969,0.006112516968686809,0.06708222589224502
GREM2,3079,0.06833997730445265,0.13021100422560913
RGS7,3083,0.08326828809121367,0.12731200581738153
CEP170,3098,0.5705732226809344,0.9887840164817603
ADSS,3112,0.6882867570275168,1.151829179323408
RP11-690C23.2,3128,7.761216172158735e-06,1.1962963911859473e-05
CNST,3130,0.16971978357507247,0.26811974915258163
MYT1L,3235,0.11738181639651393,0.19959879674592393
ADI1,3249,0.5337476074830942,1.1060214829944244
RPS7,3255,15.568825890227139,59.19675186458943
SOX11,3268,3.168816457054597,36.754985501325024
ID2,3294,3.8527884190537813,27.614793634801458
KIDINS220,3296,0.6843414225967676,1.277847494584617
YWHAQ,3308,7.67935202837599,19.837172277651923
RRM2,3323,0.17958851459784433,0.7012351929561234
ODC1,3326,4.491023980320467,12.236561687010386
AC007249.3,3328,2.0663876703281642e-05,3.404502484531526e-05
PDIA6,3335,2.6910234059905287,4.699509930201658
VSNL1,3386,0.0151372960225798,0.041104255521612953
RP11-509E16.1,3464,0.373790567731241,0.6326201369539274
POMC,3465,7.148583196884079,8924.74160599199
RP11-458N5.1,3467,0.10519437937673341,0.16340006327927328
CENPA,3488,0.06672159118758371,0.14386674496613902
PPP1CB,3545,1.7967117708094684,3.6332521852646886
LBH,3559,0.8545502916927344,2.017191900587127
DPY30,3572,1.9333990900135511,3.3233544667332215
QPCT,3614,0.3598755834906971,1.3961532198607214
CYP1B1,3621,0.039709306055083826,0.11200681227096995
AC074366.3,3632,8.337073974111508e-06,1.3804050614271489e-05
MORN2,3637,1.6175563520930472,6.982203871620534
SLC8A1,3647,0.3310064140361044,0.5118416249349625
ZFP36L2,3667,0.6192549267379224,1.545493705124547
PLEKHH2,3669,0.0721876532878245,0.13217432664232923
RP11-89K21.1,3679,0.21868398186771545,0.34438275171494986
SIX3,3681,0.3036528099505258,0.5074205039558621
SIX2,3683,0.10741052316348365,0.18716377506249696
CALM2,3713,22.91645194856773,174.47917058274015
EPCAM,3717,1.2019993969142275,6.930457934014162
NRXN1,3735,0.41266736874239995,0.7394312682519966
RTN4,3758,5.169317520587762,15.14456054038181
RPS27A,3761,19.115179666139646,60.111724675519895
EFEMP1,3769,0.27090382571546956,0.481382142758092
AC007250.4,3778,0.00010969003573002337,0.00018597964218071224
LINC01122,3779,0.09491746850518203,0.1500542611583576
BCL11A,3786,0.15902707947955322,0.30818019557554627
CNRIP1,3871,0.4224708703838428,0.7832958457973619
ACTG2,3947,0.024998740664520097,0.14935002792841887
MTHFD2,3958,0.5069428818648949,1.0706337803457333
WDR54,3964,1.078451206374134,1.7890891808887404
REG1B,4009,0.0003034232640561619,0.0010053152427758744
TRABD2A,4025,0.05731497510510828,0.10839425094672635
VAMP5,4040,0.12511103778720234,0.2875775381086411
REEP1,4057,0.30385773952666084,0.582679905581267
MAL,4087,0.019929918008586765,0.06367009276926447
TRIM43,4098,0.00017168297407420033,0.0006505240676111517
DUSP2,4105,0.05482253330307218,0.23541094002306487
NMS,4163,0.00199309207925614,0.0038561446375357535
RPL31,4171,14.680925456379878,45.13725690167365
FHL2,4226,0.0662706904019692,0.10139501798315549
AC018878.3,4233,1.6982661956930477e-05,2.9880470413274488e-05
RP11-395L14.4,4325,0.03112402350326766,0.050484681984489
C1QL2,4355,0.006108894968125755,0.011454530014020121
CCDC74A,4457,0.27375313068822665,0.4500969311737299
LYPD1,4469,0.39639685975468714,0.9085233237654109
TMEM163,4477,0.6324773799563886,1.5966349807629157
CXCR4,4492,0.6607896392983765,2.518186652050355
ARHGAP15,4509,0.03985474755165311,0.09000385084817426
KIF5C,4538,1.3487953778674011,4.483136272014666
RND3,4546,0.3927576989911619,0.8190978528140255
NEB,4558,0.023549252933695024,0.036349348665084553
RPRM,4568,1.161778033831023,9.456483005300546
NR4A2,4576,0.46864180051766796,1.6581092793579693
ACVR1C,4582,0.01306843069388291,0.022755031761691163
DAPL1,4593,0.05557125418719962,0.2621622085074437
CD302,4601,0.06682219281466632,0.10883475467895992
TBR1,4612,0.12315308877529471,0.6934410074410964
GRB14,4627,0.06233954680408894,0.13083325913298638
SCN2A,4633,0.12918141068035557,0.2116918792611453
CSRNP3,4634,0.29778929435375057,0.49413037321684833
SCN9A,4642,0.1491362042698638,0.23057228903856924
SPC25,4653,0.085976558538574,0.1519522903166176
DHRS9,4656,0.00010990215636805818,0.0005042492646862119
CCDC173,4664,0.18609341349084502,0.30978648511869594
SP5,4674,0.13774950505347405,0.2231699985161546
GAD1,4678,0.020902307220059,0.03195119399263946
DLX1,4691,0.023397040657284977,0.12122171607653665
DLX2,4692,0.031239133997116347,0.16823644972920113
SP9,4713,0.015748442578585004,0.027005553687078365
HOXD1,4745,9.573614063522534e-05,0.00016893925347053818
LINC01116,4750,0.030343654659324888,0.04686375632049835
TTN,4776,0.0017263806034730272,0.00818929349993108
UBE2E3,4791,1.9576384957307618,3.067560750333326
NEUROD1,4798,0.12779555097280476,0.5541628288249288
PDE1A,4804,0.0427371608566965,0.06557009194762398
FRZB,4806,0.1084072585108321,0.4480821337485586
FAM171B,4824,0.23698503299869697,0.3981319575903387
COL3A1,4832,0.1770607484928363,0.9382743229484387
TMEFF2,4866,0.2956299453225114,0.897544905534893
AC010983.1,4873,9.131982844747236e-06,1.6561871531267967e-05
HSPD1,4893,3.3075272714276993,5.743107322829388
HSPE1,4894,3.5415284750816336,8.445428745973038
SPATS2L,4914,0.8622790872839103,1.9472330309962815
SGOL2,4916,0.1203317820028541,0.2125689911701731
RP11-469M7.1,4921,0.12059684995936222,0.21896889868924227
NRP2,4971,0.11491681461481265,0.19456289089968218
EEF1B2,4978,3.722004882158511,6.37823188454985
KLF7,4992,0.315942715215786,0.5173243137140013
C2orf80,5012,0.10120687489014957,0.169361240966442
IDH1,5013,1.0395407501449199,1.6801652434073675
MAP2,5017,1.6395103598302943,3.927142263224858
MYL1,5025,0.0015997157215783364,0.07292820214822932
SPAG16,5037,1.0464388817257182,1.6683887335275807
RPL37A,5068,15.56449925824895,36.29464243070507
IGFBP2,5071,5.3957182198462625,77.04633639542288
IGFBP5,5072,5.7629648394425255,128.6168206446242
CXCR1,5088,8.756286996453462e-06,1.5227170707130223e-05
WNT10A,5113,0.02957873595299855,0.046306786663235636
FEV,5118,0.034878757794562024,0.22174402000693827
CRYBA2,5119,0.017127747820245783,0.039386661567901556
TUBA4A,5134,0.09985292048912416,0.1810769400655244
PTPRN,5136,0.46420794881091676,1.2002788418824928
RESP18,5138,0.028813598085158418,0.12582507908510124
DES,5141,0.010605817196446614,0.029948855121990532
ASIC4,5147,0.1444499252127027,0.2746976213842777
SCG2,5179,1.2829726628193905,8.721830994425908
SERPINE2,5184,1.310965934249135,10.850687966026953
CCL20,5203,0.00017101926979244613,0.0008112815057149472
DAW1,5204,0.152799477793946,0.23720726747420814
DNER,5209,0.9480704638320049,2.451707918573753
NPPC,5240,0.03373598581476844,0.07738937535959443
ECEL1,5248,1.0498824088955367,7.044777702686064
PRSS56,5249,0.02401179071549581,0.12480056135404784
KCNJ13,5257,0.15356471043329437,0.2927175794896271
RAMP1,5316,0.16364358365723314,0.46112045891926856
HES6,5325,3.003073510927689,35.190606529469775
LINC01107,5332,8.693836889484448e-06,1.5010743799570223e-05
KIF1A,5365,1.0761542910628596,2.0398530666136265
CHL1,5410,0.3940844085235598,0.9828969921707421
CNTN4,5417,0.2599335642615014,0.4115087202451643
LMCD1,5450,0.10330023221909916,0.15854517225704445
CAV3,5454,0.0002184888277426417,0.0004194709301110575
RPL32,5521,20.474270018781375,65.11336244427764
ZNF385D,5586,0.3914276389959092,1.4817033297769155
LRRC3B,5606,0.05531587566662102,0.09334320878328557
EOMES,5612,0.04172486070089573,0.1716603005224412
CMTM8,5633,0.17050433707858736,0.3475290983409816
ARPP21,5656,0.0189934747427887,0.03220907351153409
RPSA,5698,10.000373884855817,23.689888049972495
EIF1B,5701,2.433727355468691,3.917917504711168
RPL14,5704,10.322339648654841,20.522126381623934
CTNNB1,5713,2.84736649366223,24.90914036318123
CCK,5716,0.33722784308857645,6.938509818049572
TMEM158,5776,0.037512690116240054,0.05870573397441546
CCR5,5792,7.713592720952754e-06,1.1816603269339268e-05
KIF9,5812,1.2426140321765593,3.971207202385544
MAP4,5821,0.7532761060591494,1.4396224068250514
P4HTM,5854,1.1741801946608716,1.8144691971692581
KLHDC8B,5865,1.235358756375849,2.2690323202194094
ZMYND10,5913,0.7271937361757603,3.64444825524226
MANF,5926,1.60354370963562,2.8719229800378647
PCBP4,5941,1.66917361356753,4.793108147896046
RPL29,5947,15.154863563596106,51.078073936442905
TNNC1,5963,0.04056880365338158,0.06709221151407226
GNL3,5969,0.6252691446295745,1.0128186223463271
TKT,5985,1.5031668715044548,2.5596580055654665
CACNA2D3,5994,0.046493913124208135,0.07415063066241363
LRTM1,5996,0.10030405822271712,0.3349412900607738
ARF4,6019,2.0202800597012036,3.262118779056739
C3orf14,6050,1.0069361489773307,1.5505956866531216
SYNPR,6054,0.12253168601747151,0.8798056784428739
SNTN,6056,0.19852860812654047,1.2772384050591015
FOXP1,6100,1.0956659877837662,2.7107311304443136
ROBO2,6128,0.1537560742766747,0.26074549285126114
RP11-735B13.2,6143,1.0869058131530568e-05,2.3461895030873453e-05
CADM2,6144,0.6646510775491752,1.2472575659120868
POU1F1,6151,5.6556133148754844e-05,0.00015566468441336284
COL8A1,6195,0.001870138407559069,0.0038311231361807044
FILIP1L,6198,0.03739750474060683,0.08601346604844766
RPL24,6215,12.73619013829865,27.448679496155933
ZPLD1,6222,0.00806100681791716,0.0162445448234578
ALCAM,6224,0.7259756004481819,1.9903793413745146
CD47,6235,0.5577740132559283,1.1832379064670648
IFT57,6237,1.161228565298639,2.3593126052339803
RETNLB,6242,0.015110987459574647,0.07473880648081871
TAGLN3,6265,2.830978785471561,19.058540322875594
CD200,6272,0.914866323428476,1.729709475000976
CCDC80,6278,0.2695710661728203,0.4477061703817986
GAP43,6315,8.47215550116817,127.92034011287309
LSAMP,6316,0.47611829906445585,0.8956404827656383
FSTL1,6352,0.6775696890864881,1.2941466752609412
SLC12A8,6403,0.1021932730361968,0.16960912383816382
PODXL2,6437,1.5324123346323155,3.31954294427055
GATA2,6447,0.14495719395550785,0.288136493301937
H1FX,6467,1.5520420271439344,3.1782248283938137
TRH,6478,1.0186261787925288,24.61136641440191
COL6A5,6481,0.00013329509122117855,0.00020895926093527663
CPNE4,6492,0.036149636882109495,0.057554866084349135
AMOTL2,6517,0.37878885656731337,0.6034107400718671
CEP63,6519,0.3687189627036826,0.7482150639113955
RBP1,6562,4.961266471074541,23.343711914487482
RP11-442N1.1,6565,0.004432898118870122,0.007127603621302432
ATP1B3,6583,1.278086638153021,2.713416916776729
CHST2,6601,0.11469072460076005,0.20010076230170765
C3orf58,6606,0.39599700036029367,0.6916898176826695
PLSCR5,6616,0.0013302568627608141,0.004265156439662124
ZIC4,6620,0.2489368606731725,0.4096065434452132
ZIC1,6622,0.6246582902825184,1.4182849684664578
CPB1,6631,0.0015298422164147143,0.004261844201933639
RP11-680B3.2,6632,9.770799761566962e-06,1.896005016700163e-05
CP,6638,0.07753874122189795,0.17574380883504695
RP11-206M11.7,6639,0.00011335542501266082,0.0003245860264189017
TM4SF1,6641,0.038554571429296365,0.08823571366431084
PFN2,6650,6.035512275555007,16.74888135931471
RP11-373I8.1,6670,0.000483687465725982,0.00119508973992254
SUCNR1,6684,0.001747358428804719,0.003401993814774451
RP11-451G4.2,6709,0.0020991535219324876,0.00421683714730431
SHOX2,6737,0.021777106536953285,0.06016599412962048
MLF1,6740,1.3880757593703896,3.495162649704567
SMC4,6760,0.39438168450223376,1.155281996647976
RP11-774I5.1,6772,7.678256288226562e-06,1.1708586094739446e-05
SERPINI1,6790,0.3607320499373587,0.9825693336528915
RP11-298O21.5,6795,0.1908086894794419,0.38071587225575854
GOLIM4,6796,0.45470388794913386,0.7293251056797427
CLDN11,6825,0.011586918222150957,0.027415087570523737
SLC2A2,6830,0.004480455330621422,0.01193345477429493
RP11-324C10.1,6847,1.0607293917194828e-05,1.7629292371347036e-05
NAALADL2-AS1,6852,9.117493526765624e-06,1.6509357546899044e-05
KCNMB2,6869,0.14064770428768375,0.2299549928213999
USP13,6889,0.1612351872416892,0.33118069030937236
CCDC39,6897,0.15107443750430746,0.25452726797410724
DNAJC19,6900,1.8353534413653192,4.392316826359462
SOX2,6903,1.3889646308348775,3.732890592559681
AP2M1,6937,3.9473922578672185,6.053564436635815
CRYGS,6975,0.003105558684396585,0.0060590403368536655
EIF4A2,6985,5.594563207920655,9.204219746431338
SST,6998,1.3886873715821861,133.05788305200582
RTP2,6999,3.629429675383384e-05,7.2135705793365e-05
FGF12,7033,0.2063210479139963,0.3856982535735421
HES1,7051,0.7805940124412453,2.581303329304332
PPP1R2,7075,0.6265826674384193,0.9900612860588246
APOD,7077,0.027423427868233704,0.051723163527988884
TCTEX1D2,7096,1.5179692963018503,2.3805024301810405
IQCG,7133,0.5678177414245066,1.4915036554875112
RPL35A,7134,18.292133394972836,52.505464205895464
SPON2,7169,0.0754127108872658,0.12345392394492072
TACC3,7183,0.09942073444491287,0.16279814091734274
C4orf48,7188,4.9715904745884965,13.241184103907663
NSG1,7226,2.1633136239164834,10.634765902030818
MSX1,7230,0.13777796401158132,0.28597807625102256
CRMP1,7236,2.778200322781293,10.9715820656087
AC006296.1,7329,1.1045135248037562e-05,2.4228209765578225e-05
LDB2,7350,0.1451000892601167,0.26566844453683797
QDPR,7353,0.7746185507566836,1.5240815196234325
CLRN2,7354,2.341856982340495e-05,3.851434269855853e-05
SLIT2,7366,0.4981336717182394,0.9864261840155913
KCNIP4,7368,0.08235165660368989,0.1665560835188948
SOD3,7384,0.1254396626595418,0.35235924964457505
RPL9,7460,15.98466448589131,44.60332359059328
UCHL1,7479,5.582876537788078,29.856700445180554
PHOX2B,7482,0.00012015302830913246,0.00018827338966928485
GABRA2,7510,0.03914695854724255,0.06604934576837548
GABRA4,7513,0.004252049384655258,0.006959998262024735
GABRB1,7514,0.0414971111290174,0.0743578015658768
CORIN,7518,0.06717969706642889,0.13148515018445753
OCIAD2,7531,2.5914950518328834,5.358315264059226
SPATA18,7538,0.08727696991861883,0.1386736463330264
RASL11B,7544,0.206555276215231,0.45260981007457457
GSX2,7553,0.0034165529493338375,0.008337709710938506
NMU,7571,0.27529522316710864,0.516682009916754
HOPX,7586,0.15981406208400417,0.6575590192158633
IGFBP7,7592,0.22644829937217476,1.9708254477951668
UGT2B11,7643,0.00031586868033155885,0.0006769813270759823
UGT2B28,7644,0.00033980839831144273,0.0006943737989014366
SULT1E1,7650,0.006168477412233559,0.030983811989529913
C4orf40,7656,0.024419132353118413,0.08762668551159523
FDCSP,7658,0.00455323772528476,0.010837851433076676
CSN3,7659,0.0004372449458567093,0.0037939893686358785
AMTN,7665,0.0018449427789181052,0.02951492419916975
AMBN,7666,0.3313797026804057,5.076326586393421
RUFY3,7671,1.2550061164171504,2.3573900059234263
RASSF6,7689,0.10037086894752623,0.1577895100499308
IL8,7691,0.0033544077873157952,0.10477452465585453
CXCL1,7694,0.0019210858793198787,0.02388611699221458
CXCL5,7697,0.0008322885835142714,0.0013850352938694905
CXCL3,7698,0.004697604381148733,0.03861019592619851
CXCL2,7699,0.00086676155457029,0.0024416367311938607
PARM1,7710,0.24171843028311163,0.3836484870991947
RP11-542G1.1,7714,0.02130583299834134,0.03584727429726056
ART3,7732,0.0028217804379033684,0.004971173730166594
CXCL10,7733,0.0009188591551869176,0.09436440274075097
CXCL11,7734,0.0024653465337109498,0.004525779614586187
CCNI,7746,7.1154144530050205,22.35495012736019
CXCL13,7749,0.0012414703903310801,0.0020270711663652008
ANXA3,7753,0.08898823211356603,0.1363941028568004
RP11-234K19.1,7762,1.5402317284816224e-05,2.3557320559933024e-05
PCAT4,7764,0.0001583386678583937,0.0002816725933466468
PRDM8,7767,0.009512599882239499,0.019280932328475872
BMP3,7770,0.009062378295635366,0.01387973246164898
RP11-100N20.1,7772,2.2904764466000925e-05,4.303948782922866e-05
RASGEF1B,7773,0.15313212478907143,0.37686488594770734
HNRNPDL,7778,5.0077540048891995,8.389030706395943
SCD5,7782,0.7328519205219416,1.2192913014706344
NKX6-1,7798,0.061064409029933917,0.10218119979495603
SPARCL1,7816,0.04806817338482022,0.16700962624198823
SPP1,7822,0.006327550245952862,0.018470174697061095
PPM1K,7825,0.4085435685363257,0.6313196971527919
HERC5,7828,0.010405894702191831,0.018663100408448787
NAP1L5,7832,0.4108080769858205,0.7042207090174291
RP11-115D19.1,7839,0.014275103602015433,0.02223576166571066
SNCA,7840,0.9080201962434259,4.148188548013397
PDHA2,7862,9.094818665500724e-06,1.6427342861814563e-05
ADH1B,7881,0.0003876864675129751,0.0005991654026436136
H2AFZ,7891,5.771649721048736,35.90065283793425
DDIT4L,7893,0.040478896147779796,0.06672721719460728
PPP3CA,7896,0.9511209044473121,2.475152637861619
SLC39A8,7900,0.5073678073436186,1.9164160174629292
CENPE,7911,0.0833485911748088,0.15973420055658386
RP11-328K4.1,7912,0.028998528606528448,0.05159084988038059
DKK2,7939,0.046225349224625574,0.10719565211992947
OSTC,7950,2.244428151383773,3.5618892266995923
CFI,7960,0.08024980264599801,0.145983726995877
PITX2,7970,1.9655520148595678,7.586317183543594
C4orf32,7976,0.020477983503917767,0.03347294376752467
ALPK1,7981,0.02320026463376701,0.03648458626898631
NEUROG2,7982,0.0465259399395623,0.13908300043510702
MYOZ2,8013,0.00027908231849986764,0.0007135330372607455
MAD2L1,8024,0.31044772379572455,0.754299893563869
ANXA5,8032,1.169154741321796,1.986886127324188
CCNA2,8036,0.12744429802951135,0.3289552586554064
IL21,8043,9.015326397873277e-06,1.6141435525549632e-05
RP11-714L20.1,8111,0.0036822470743927073,0.005925351700227009
RP11-586L23.1,8149,8.287265030268257e-06,1.3639602275096445e-05
MAB21L2,8217,0.11645822360173083,0.3239296018373914
RPS3A,8218,24.07605509130115,101.35513462651625
FBXW7,8238,0.24526519608666528,0.40918904689833546
SFRP2,8253,0.12156395543835968,0.6361978816489525
GUCY1A3,8268,0.03226287543076466,0.056721587196786355
GRIA2,8280,0.15448716850541414,0.2626180707867555
FSTL5,8299,0.04035503885260896,0.07132209738596149
MARCH1,8308,0.07200229988653443,0.1122436436572078
MSMO1,8318,1.2152647515464423,3.7756013302292186
CPE,8319,2.8536882485171273,13.749478497583322
SPOCK3,8323,0.06354500512333774,0.1438588225689046
RP11-322J23.1,8346,1.2484665106093423e-05,1.959136859749205e-05
RP11-97E7.1,8349,8.506319100177027e-06,1.4370192998584966e-05
RP11-97E7.2,8350,8.211141338493696e-06,1.3390176455631174e-05
GALNTL6,8351,0.08356833775956665,0.20885605625781645
HMGB2,8355,2.7630456980170037,28.3193052582992
RP11-287F9.2,8378,1.0659286853062441e-05,1.7987904961936445e-05
GPM6A,8380,1.8924869501223558,7.99455039848942
RP11-140M13.1,8396,5.721192559901995e-05,9.469936981155368e-05
CASP3,8431,0.6299884015593372,2.2150586266251877
CENPU,8433,0.17055030621570935,0.31650960838095404
HELT,8439,0.0014365597903686768,0.0032534899925613543
C4orf47,8448,0.14905327555066047,0.23201645975333018
PDLIM3,8451,0.2112150862470481,0.6147903287337758
SLC6A3,8536,0.004032475442411102,0.007279151034003777
C5orf49,8606,1.1118477436189584,5.6507599085888565
MARCH6,8636,1.4323355593076696,2.503509033095655
ROPN1L,8638,0.5733762262976788,3.5421376793824875
RP11-1C1.7,8639,0.0805161502291537,0.12830614558268288
BASP1,8676,3.590014465640279,18.50217441064624
CDH12,8695,0.09067468753009332,0.1550489556940297
CDH9,8711,0.007135995149212663,0.011008424936429546
LINC01021,8713,0.08591546145623107,0.1344131220730673
CDH6,8719,0.40739715182948866,1.9238008987159299
C1QTNF3,8748,0.0344411873303514,0.0984703691420506
CAPSL,8764,0.6576558796604515,3.0902091281133997
SLC1A3,8773,0.04619638621424442,0.07091350884840679
RPL37,8812,9.826784195289802,25.4208025655561
C7,8814,0.006875998486411349,0.0119692448557856
HMGCS1,8835,1.3522406580220045,5.505972757215091
FGF10,8845,0.0008673952724044529,0.0013288757280929826
CTD-2314G24.2,8864,0.0019007727753853692,0.003065428129286335
ISL1,8865,0.01168333205878268,0.06560136621826777
FST,8876,0.020576330879079237,0.06623731085615836
HSPB3,8882,0.00011429882778378223,0.0007052160806457528
ESM1,8885,0.06968834051302508,0.3469291007432872
CDC20B,8890,0.1723084105827588,1.2485265161034291
CCNO,8893,0.5844236802399582,13.292033916072446
PLK2,8926,0.38014821759260714,0.6822271722728412
FKSG52,8935,2.2248762530174048e-05,4.0507102616706504e-05
CENPK,8967,0.14631640469862076,0.2637913252602738
RP11-305P14.1,8979,3.5389951185140705e-05,5.697458622360787e-05
PIK3R1,8991,0.769168431321626,1.5168173650550405
CCNB1,9002,0.41394547720189445,2.6809987197794594
CARTPT,9026,0.09838617316483293,6.412041019969823
MAP1B,9027,20.886740090684338,467.3906510903291
BTF3,9050,6.439513400140231,10.057080361568524
ENC1,9063,0.45531357261524835,1.3508018493447684
HMGCR,9074,0.5353831564243052,1.0879766646747382
CRHBP,9093,0.006552311163552551,0.03213921736754397
OTP,9100,0.007614304579146855,0.07474097483345339
BHMT,9110,0.0057615206974278915,0.010237593559871798
DHFR,9129,0.2598538787485453,0.4039701598065022
RPS23,9144,16.579200432808747,58.34607239465862
VCAN,9155,0.1960242376379808,0.36527514391839444
HAPLN1,9157,0.20780197339397877,0.6465657960390779
EDIL3,9158,0.10902755666389323,0.1708453530083335
RP11-414H23.2,9200,1.0378324097321383e-05,2.13911292749256e-05
NR2F1,9215,0.7597568883500241,2.06312676794647
ANKRD32,9220,0.3986991720094758,0.6758722023056635
FAM81B,9224,0.3259251635969977,0.7969057127990044
GLRX,9232,0.31770983328677066,0.5259017621386877
PCSK1,9242,0.3035896693071158,0.9345095000227323
LIX1,9252,0.14968424581301182,0.39233297379678483
PAM,9277,0.9837181322609466,4.504561922636733
C5orf30,9281,0.2524177458726133,0.4463410943913937
EFNA5,9290,0.17091789135928673,0.27253445382643054
NREP,9315,4.473158828033343,15.864793725478272
TRIM36,9343,0.28871930221233466,0.4723437951538928
CCDC112,9348,0.5744157050934569,0.9311082734801818
CDO1,9356,1.166828700156029,2.6511976246421662
CTC-552D5.1,9385,8.571571151565369e-06,1.4591505877163804e-05
RP11-284A20.2,9424,0.00020455339348794408,0.0003181182864542776
GRAMD3,9438,0.22379951308597978,0.8049097629434979
CTXN3,9450,0.009197119581836888,0.016839721668256816
SLC12A2,9455,0.34256603518270456,0.577697390163932
HINT1,9464,9.301709579603074,14.241261677119311
KIF3A,9492,0.9204800703479432,1.544661872808156
PITX1,9536,0.11458634225508998,0.4422755984564416
CTC-349C3.2,9541,1.9998484232007428e-05,3.16168438303759e-05
NEUROG1,9547,0.11819810083773545,1.1243486307552277
CXCL14,9549,0.22190299667905514,3.163632189637466
TGFBI,9556,0.010832215726908897,0.03270155075588326
AC009014.3,9560,0.02698279893883103,0.06766245991565177
SPOCK1,9566,0.25969546135373184,0.4543315947264736
NME5,9578,0.5353660654373043,0.9754848044081099
GFRA3,9582,0.10804018952047109,0.21601337666576054
EGR1,9588,0.1250067222848336,0.23445180110248384
MATR3,9596,2.614489722798475,3.9887795836417563
CXXC5,9609,1.6677795407390321,3.1482042337461786
IK,9636,1.4551029200232186,2.2953490676285706
NDFIP1,9714,2.296805632941488,3.5238749683070623
NR3C1,9722,0.7573025387782854,2.0022028122882367
PPP2R2B,9745,2.824962005714347,11.680995575606179
DPYSL3,9748,0.7361688443277916,1.5310553738706094
C5orf46,9753,0.0011034230882285073,0.003302329085596638
IL17B,9779,0.0006304097282081637,0.006214878571503984
GPX3,9812,0.17505851287421528,0.3621988794003924
SPARC,9824,3.3034567079927215,24.75690143352159
RP11-461L18.1,9836,8.211141338493696e-06,1.3390176455631174e-05
CTB-158E9.1,9843,8.777303980579075e-06,1.5300355830330325e-05
CTC-436K13.2,9878,5.090447169796907e-05,7.903634773077028e-05
EBF1,9882,0.5533637026842608,1.9112871830207472
FABP6,9898,0.16312455448862842,0.3996919416682254
PTTG1,9904,0.8448545734148651,6.293471360379254
GABRG2,9914,0.20672540793701552,0.4403264264943648
HMMR,9921,0.09400057310186513,0.1927165423505694
CTB-178M22.1,9941,3.74064504991906e-05,7.57681383571569e-05
KCNIP1,9962,0.13521741626131822,0.22514000598004477
KCNMB1,9963,0.11761451759722344,0.2690790082507334
NPM1,9971,8.987417866885112,23.650790663936974
DUSP1,9986,0.7319751208040084,1.6507188956550722
ATP6V0E1,9992,1.6872537412874935,2.9812770655054246
NKX2-5,9996,0.000815923632653751,0.0012917560650244856
NSG2,10010,0.8225306305694269,2.6150190027194045
FAM153B,10029,0.0030851291866224604,0.00542238051486038
RP11-375B1.1,10048,1.4941117713590894e-05,2.32046521055551e-05
RP11-375B1.2,10049,8.22457302449869e-06,1.3434019342043325e-05
PDLIM7,10069,1.104447301992673,1.8911236673205758
HNRNPH1,10111,1.8903254608761726,6.440157279165566
SQSTM1,10120,0.9036417774559607,2.0346281092235623
CTC-338M12.7,10150,2.04658876371115e-05,3.5683573980235625e-05
GNB2L1,10151,13.69488590267043,38.97116559085745
TUBB2A,10202,5.741517274664402,64.75284161226185
TUBB2B,10204,20.270202448942854,410.20554757990385
NRN1,10239,0.2508014431922981,0.9748542158653581
F13A1,10240,0.0023535107229658253,0.0073271113426611745
DSP,10254,0.28661011761893584,0.6592138484064709
TFAP2A,10269,0.19870480153694625,1.3653870142604696
TMEM14B,10282,1.9173865549872924,3.377090005992345
EDN1,10303,0.006067554706810492,0.01271935877800136
CD83,10321,0.22722314661368775,0.37970161654668383
MYLIP,10333,0.33369195169133875,0.5848536073306627
STMND1,10338,0.06210582220938689,0.09707395534272462
DEK,10348,1.1196717916828214,2.0753622243782703
ID4,10355,2.0689138246644654,8.752932173981902
SOX4,10363,7.920794040249042,54.27706146964057
PRL,10368,0.004223492917921801,0.007567739337390792
NRSN1,10373,0.1293022361708235,0.20545028712398564
SCGN,10395,0.0757069540240132,0.2681212371795813
HIST1H1A,10407,0.021035811309743,0.03453491610785138
HIST1H1C,10415,0.3053822953965331,2.339831569278262
HIST1H4C,10417,2.015535238819763,35.23173764823111
HIST1H2AC,10420,0.22409644547471871,0.4448684430966447
HIST1H2AE,10430,0.09304266795022688,0.22773523480905858
HIST1H2BH,10436,0.16084093407949152,0.4249812302978924
HIST1H2BK,10457,0.3532351022575769,0.5582146562265982
HLA-A,10534,1.1861766022074411,2.8548496086866475
TRIM31-AS1,10541,1.5621817336880856e-05,2.447990016907527e-05
ATAT1,10558,0.9410835704935713,1.7318355473078144
TUBB,10565,19.950788893308694,242.60680732423367
IER3,10569,0.22469868656299644,0.436476385338833
HLA-C,10592,0.5352336112100234,1.5777655148608565
HLA-B,10594,0.4071845750723577,1.5538863731494839
ATP6V1G2,10603,0.6285447257767302,1.2536120803909028
LTB,10607,0.009030891604888376,0.15747106024422464
DDAH2,10629,4.322399574673277,7.429796306985676
CLIC1,10630,3.6701736213170504,7.3254971911490525
HMGA1,10734,1.6088321869091482,4.06167839471904
RPS10,10739,3.2993334124151565,5.194383859609298
RPL10A,10755,13.813057985137286,51.8267437275602
SRSF3,10779,3.650444871642766,5.6439138305228
CDKN1A,10780,0.2908401430481806,1.3463426085129446
MDFI,10836,0.2646335989017592,0.4408955366555961
RSPH9,10902,0.34691904429590453,0.7408833462203429
HSP90AB1,10916,10.653862951029955,24.913641344603192
RCAN2,10935,0.18668648229521756,0.3012220742108154
RP11-795J1.1,10936,1.768450401558505e-05,3.6094202013680534e-05
ANKRD66,10942,0.16735841902831006,0.3484870496620324
TNFRSF21,10948,0.45302704244805697,0.9547467410249766
C6orf141,10959,0.5100111940740323,1.9885305473108443
CRISP3,10962,0.0043231841147505085,0.007311524036978013
TFAP2D,10975,0.001448650877422713,0.0033948973353458557
TFAP2B,10976,0.06621485004587067,0.7832248544951622
MCM3,10982,0.26275132534254847,0.41951059780339023
EFHC1,10984,1.0207636499344162,1.6887954600516772
TMEM14A,10987,1.3114775451942589,2.109195306259484
GSTA1,10989,0.005721333683542189,0.015601278989585769
GSTA3,10991,0.11718990758814941,0.279615535268627
GSTA4,10992,1.9482975036355872,3.3165434929773614
PTP4A1,11039,1.351873370830522,2.183028162948606
RP3-525N10.2,11048,0.1724660214017364,0.29517025538024777
BAI3,11049,0.060476560764225445,0.09231240476764553
COL9A1,11052,0.06451546406161392,0.10400701406867852
COX7A2,11091,7.6139027851382926,13.081947886955255
HMGN3,11108,3.724756694562842,12.91534011022901
FAM46A,11122,0.42434554070960745,0.8550770883506034
TPBG,11128,6.130921095799493,63.83311222236421
CGA,11155,5.766164260407803,1603.5480400709869
PNRC1,11175,1.232036314232903,2.2223785545967805
GABRR1,11178,0.17612892183263335,0.4063566610436429
UBE2J1,11180,0.8060591073327457,1.2502300485261786
FHL5,11206,1.6751399500658228e-05,2.7877425292657988e-05
POU3F2,11219,0.08382609928225279,0.1344319613750738
CD164,11277,1.1268434196226038,2.9386176423351493
PPIL6,11279,0.38438030394681105,0.6568364108653478
FAM229B,11312,1.5939131259291557,4.055374128501667
RFPL4B,11318,0.0005173795388339518,0.0012463252056139741
MARCKS,11325,3.5161129837588936,11.859560634806936
HDAC2,11328,3.1849822073765366,5.40654880238842
HS3ST5,11330,0.04956425345130496,0.10742217490502187
TSPYL1,11342,0.8640402383225348,1.4020800751108853
RSPH4A,11352,0.31902546342672855,0.5446172986642068
GJA1,11373,0.4197186858083033,0.8689465634725992
SERINC1,11375,1.269557077636977,2.1975119226712243
PKIB,11376,1.2190098154559896,4.3673151244069
FABP7,11378,0.2502580501781839,1.8337658638867584
TRDN,11381,0.030741253712910283,0.07222972357623857
NKAIN2,11383,0.03945428672121057,0.06261861957534831
CENPW,11398,0.41631390962104137,0.9975792324638508
RSPO3,11399,0.5233392511034609,2.0532789788949803
SAMD3,11418,0.06984813174896684,0.18259246360243378
CTGF,11431,0.45158145387139287,6.3256092747618
RPS12,11447,21.201086758123072,134.59998479586517
PERP,11501,1.1594851272738744,3.086656856620909
NHSL1,11506,0.28106755343717194,0.4395850724095246
CITED2,11516,0.8625306209316985,1.730734578989476
RP11-436I24.1,11545,4.775944935273133e-05,7.874397796447583e-05
PCMT1,11593,1.9162924367867293,2.978799236695399
PPP1R14C,11606,0.24891101444300145,0.5102568875408896
AKAP12,11614,0.43148247405641527,0.8282260122252811
CCDC170,11618,0.1880850105754892,0.37208996653225407
RGS17,11631,0.2763311578849521,0.43945561391496346
NOX3,11643,0.0037339062979596846,0.0065753961425423545
RP11-52J3.3,11654,7.788264419678824e-06,1.2046492407619656e-05
RP3-403L10.3,11656,8.40852535753987e-06,1.4041675673262093e-05
DYNLT1,11665,4.434190600752262,9.979034207046261
ACAT2,11682,1.2337637098653518,4.384835636782836
PACRG,11705,0.43970096152174304,0.7390333060444781
C6orf118,11716,0.2499398216673089,0.41819668987285186
RNASET2,11733,0.49611695737956535,0.80650186874037
SMOC2,11759,0.14923210704335813,0.29859376066393783
DLL1,11786,0.25047676914322325,0.59471318457838
UNCX,11830,0.03121794713880774,0.060453941233793454
FSCN1,11889,2.222529213921695,3.7004721930088245
C1GALT1,11917,0.2998047391306879,0.46150602471244095
ICA1,11929,0.3095307412656218,0.49135092894291965
NXPH1,11934,0.07023110698643653,0.16552568249896588
NDUFA4,11938,9.712496864787942,17.085104430186405
THSD7A,11941,0.26732760245318343,0.583850624946743
ARL4A,11949,1.1896479656938566,2.4305530337466967
DGKB,11954,0.1045409271767144,0.15947631004179996
MEOX2,11958,0.028919160445590834,0.05474405500192319
BZW2,11971,0.8307700524347498,1.3621133691039524
TSPAN13,11973,1.599714578673131,3.3608432551744616
AGR2,11975,0.018372718770737095,0.0792504946325196
AGR3,11976,0.39556695975556044,2.6047826341879663
TMEM196,11995,0.08916668913011358,0.1438449977902361
NPY,12034,0.00935764883121104,0.02362343174693606
HNRNPA2B1,12048,5.925890107158952,10.897861488051653
AC004540.4,12051,0.4505509280827592,0.6935536141769839
HOXA1,12057,0.017922851386402476,0.08409174134365263
HOTAIRM1,12058,0.06310051245904064,0.24279222789205712
HOXA3,12060,0.00017658220810537036,0.0002900741881015997
PRR15,12095,0.21277303718391988,0.5654889435113334
PPP1R17,12123,0.032443418765042725,0.13037964820772954
SEPT7,12150,2.9968449076682018,5.033256366354381
ELMO1,12164,0.21142328300082122,0.41084025279409025
POU6F2,12175,0.14091001860750324,0.23649399040403318
INHBA,12191,0.05163750177978357,0.1355296509472326
INHBA-AS1,12192,0.023026860240900726,0.03722562134083228
CAMK2B,12222,0.41040275641687823,0.8008406086124918
PPIA,12230,7.105063503189183,12.635292333198308
IGFBP3,12246,0.05651169502815751,0.323401002845003
UPP1,12264,0.23062426931512886,0.39353086478633026
VWC2,12269,0.018436859854764644,0.030641464939719226
DDC,12277,0.7684201944751977,2.423926304235101
VSTM2A,12291,0.08645876450079831,0.1853049066333314
RP11-310H4.1,12299,8.977099784688845e-06,1.600484082265172e-05
CHCHD2,12311,3.403620163866559,13.337539576597331
AUTS2,12374,0.3250879341914662,0.5070331082129321
CLDN4,12396,0.28190168100619695,0.6639167065938223
HSPB1,12429,3.106708459364662,11.470718722920788
YWHAG,12430,0.8617511069521144,1.4162274360101146
CCDC146,12438,0.4210092019211494,1.413497248168978
GNAI1,12452,0.36470591401108565,0.5742218814324426
CD36,12455,0.2442800404577087,0.7459920748229081
CACNA2D1,12462,0.3669741865835897,0.6285160073406136
RUNDC3B,12484,0.18286181216269917,0.3035934217135553
AKAP9,12512,2.751804463039272,5.170837234571073
CDK6,12524,0.21663327824814263,0.33878839990322074
AC002454.1,12525,0.12309777087258576,0.30641963080233836
HEPACAM2,12528,0.3272673497354227,1.0434698703504264
GNGT1,12531,0.028076535364262665,0.0877250565935753
TFPI2,12532,4.003367992702706,121.28738697662354
GNG11,12534,2.1756624748317606,16.326861834850938
COL1A2,12539,3.507430850872163,35.384660247012704
PEG10,12542,12.48892660409565,237.4258467229578
PON2,12547,1.493301906602308,2.9347191221310065
ASB4,12550,0.1701462487546678,0.30651131219317373
DLX6-AS1,12559,0.01826773123388422,0.13071201301749705
DLX6,12560,0.015634613641772342,0.034866044340325496
DLX5,12562,0.06627834634174253,0.32123124959757543
TAC1,12564,0.9348369874616693,15.624142859489137
ASNS,12565,0.51856813667955,1.046313197776867
NPTX2,12574,0.09098744918089734,0.24459304195971643
MCM7,12611,0.43489733636002587,0.8794821745538919
GPC2,12621,1.0319176142979516,2.4580168782087695
ACTL6B,12645,0.35673117440873914,0.6546887980180247
ACHE,12656,0.27607384989790695,0.5252660810759802
MUC12,12659,0.2590683722285827,1.1044936614511562
VGF,12665,0.561305270798926,3.381729572592908
RABL5,12674,1.624927080258439,4.476678451675902
LRRC17,12698,0.06631585265592979,0.1096572604822391
RELN,12708,0.021815158910971896,0.03793233783772412
CDHR3,12724,0.19163186104722454,0.32242801865211124
PRKAR2B,12732,0.2381345217314647,0.3646718911672871
GPR22,12737,0.04551532853751199,0.08092672271697211
DNAJB9,12753,0.7804344932844308,1.2407761331972225
LRRN3,12762,0.20795282274411855,0.4591090154207905
FOXP2,12778,0.1054079319692322,0.16103345049670417
FEZF1,12826,0.32011679264816767,0.9813428475573454
FEZF1-AS1,12827,0.21435438942276222,0.39627503700253564
NDUFA5,12837,2.5535308250745214,3.9398699500373633
MEST,12918,6.381386224373871,56.49568373050294
CALD1,12952,0.8501133200172708,1.845249212717924
AC009542.2,12959,8.043667535903206e-06,1.284953715938155e-05
SLC13A4,12964,0.12013857904671105,0.3076195128360432
CHRM2,12974,0.012126070374537959,0.020461282036987757
PTN,12975,0.5350742979613097,1.812902451245209
U66059.58,13034,1.1570826059907553e-05,1.8972727044917255e-05
PRSS1,13037,0.0011267316586240149,0.0031268886783579987
CNTNAP2,13088,0.846419695024509,2.2767421485244856
ATP6V0E2,13110,1.5176915453283215,2.744504714147965
TMEM176B,13131,0.8686615917896467,3.8069452101193106
TMEM176A,13132,1.0688689797241075,6.949963211652793
PRKAG2-AS1,13159,0.04185022608082502,0.07793067143715361
INSIG1,13185,0.434750745773325,1.0899212871190025
SHH,13194,0.1216369218934002,0.40986601447971155
VIPR2,13226,0.010427667870371412,0.019655303184335608
SLC25A6,13236,6.53567599892498,12.487145466525966
CD99,13248,1.285805653416744,3.0085086444237774
ARSF,13256,0.0004957928056014056,0.0008654082725312385
EGFL6,13310,0.35068752763962824,1.9013064030446045
GPM6B,13315,0.7191536339664705,1.1758293070688755
GLRA2,13319,0.2185332430011013,0.6667903484841591
FIGF,13325,0.006306185302107431,0.01239602579373857
AP1S2,13333,1.7962591639062115,12.035026079033294
SH3KBP1,13359,0.22040633643960597,0.34299312208796306
SMPX,13367,0.015022002641232993,0.027142922472191116
SMS,13370,1.5754576381908638,3.3573007781384323
PRDX4,13379,1.8836450079635172,3.461737988819263
SAT1,13382,1.6157495214179436,7.714190494315202
MAGEB2,13406,0.0001547043067488274,0.00039568385194790363
NR0B1,13410,0.10962914238049257,0.2834304490345036
TMEM47,13423,0.3967501777718343,0.6679685506395168
TSPAN7,13444,0.7631691027369261,2.350685920082338
MAOB,13472,0.043119678870618926,0.07955971274334533
USP11,13500,2.1091339141907013,3.4918721251224287
SYN1,13506,0.2549176638289916,0.4037340086393207
TIMP1,13507,0.8518385508487337,1.5980543050412814
PCSK1N,13541,7.755672550585093,47.4536675749877
PLP2,13556,0.423856355922569,0.7498358181437046
SYP,13558,0.33402494688628204,0.5534519690389493
GAGE12H,13579,1.9736766836794373e-05,4.411497683242272e-05
SPANXN5,13614,2.0879589208369847e-05,5.536039778634255e-05
MAGED2,13638,6.351758372078312,12.525644662017662
FOXR2,13651,1.6227449099637387e-05,2.7985854651503665e-05
GDPD2,13703,0.13709258445443062,0.21556886654971152
XIST,13750,0.12287981837740149,0.26854068690511473
DACH2,13796,0.07658343673566913,0.12872704934824405
RP13-212L9.1,13801,1.0445698015359752e-05,2.16697640774202e-05
PCDH11X,13804,0.13546237006965284,0.2564007226288875
NAP1L3,13805,0.5765792128536771,1.1458889145480313
TNMD,13811,0.010306863796650884,0.020413214751114184
TMEM35,13821,0.39564214571553014,0.7929484309188818
TCEAL2,13839,0.4446602507489105,0.8953459625150635
TCEAL6,13840,0.020544984847382687,0.03277458813029209
BEX5,13841,0.44863981755504756,1.1608451509455353
TMSB15A,13846,1.9321001381224163,6.97662400743828
BEX1,13856,3.7617813362281662,10.820171625054742
BEX4,13858,3.0571098545261606,6.654048811329462
TCEAL5,13860,0.38654778727000055,0.6096247283373144
BEX2,13861,3.006369643547238,8.347912952390452
TCEAL7,13862,1.4994057111133001,4.723761073822912
NGFRAP1,13864,11.566869962418366,33.28551201926737
MORF4L2,13871,5.588708346917941,12.053120125093201
TMEM31,13874,0.017594952109623516,0.02689562525673947
PLP1,13875,0.0484134151753331,0.08730724591707976
TMSB15B,13878,1.1862218282314476,2.003777692987092
FRMPD3-AS1,13899,7.910793064979153e-06,1.2428516517814668e-05
PRPS1,13901,0.8359625875971168,1.380800136915011
PAK3,13924,1.239883446131471,2.8408445109659906
DCX,13926,2.16126608851573,8.909261799866531
HTR2C,13936,0.0795578278831176,0.16279938057816937
IL13RA2,13937,1.2622118181523507,10.252180138351873
PLS3,13942,0.7843304675482343,1.9883949451640373
RP11-232D9.3,13949,1.2623091244526982e-05,2.016150693925228e-05
ZCCHC12,13954,0.35134392086807376,0.7065217458124322
PGRMC1,13958,2.9817752571817993,4.958192022383205
SLC25A5,13962,2.269341219565234,4.616821309345168
SEPT6,13966,0.19679960395230262,0.3934442036649383
RPL39,13968,15.891314353276167,62.23370734197917
AKAP14,13972,0.489211513295266,1.6994316627700303
TMEM255A,13982,0.07752334759376212,0.1667653764672869
GRIA3,14003,0.04722428175738706,0.07260975559354071
CXorf64,14014,0.003751655456182476,0.01121453089604536
RAB33A,14029,0.2568113548387179,0.4723461555483198
ARHGAP36,14037,0.004506447363943966,0.009712784009288523
GPC3,14051,0.37941929953589815,2.498705773644234
FHL1,14088,1.2342579532305036,2.4492808142886355
FGF13,14102,0.28727782011931274,0.9069163294670091
SOX3,14110,0.21718996893032386,0.5418584051793509
LINC00632,14112,0.6782190359553357,1.060721979691831
HMGB3,14166,1.6716042044177144,3.2375686309193084
AF003625.3,14169,0.012202644965676754,0.022989765274372905
XX-FW80269A6.1,14172,0.0005965882890622455,0.0011867545559129022
MAGEA4,14178,0.0009237031114405674,0.0028952312614302007
MAGEA12,14188,0.0007117659185316397,0.0012619199754056744
CSAG1,14189,0.0013413134239756456,0.00307724756549993
CETN2,14193,3.1417794720161276,16.178086920465944
SSR4,14224,4.278037302572117,9.908800801024228
L1CAM,14226,0.19426225405451367,0.3301833991262741
GDI1,14251,2.106709329710544,4.809485806999363
CTAG2,14262,0.0012013822704373981,0.003023746989173911
RP11-124B13.1,14325,3.747131629281676e-05,6.251159925871513e-05
DEFA5,14341,0.0038664348872126733,0.25436751116490863
FDFT1,14420,1.857222873118558,5.206978470812623
FGL1,14466,0.02424624309545269,0.08086759240828859
PSD3,14474,0.21055111590782602,0.3411767136983442
SLC18A1,14487,0.5719421071095437,1.6367900445078778
ATP6V1B2,14488,1.1044777936017913,1.7069433457735133
GFRA2,14500,0.029069246091805244,0.0516089308395319
AC037459.4,14523,8.517125313840517e-06,1.4406726136206538e-05
STC1,14554,0.05231939165561737,0.19887854605969574
NEFM,14562,1.46078052058131,21.483510871064816
GNRH1,14566,0.022253169028353392,1.8409115468594541
EBF2,14573,0.01627439594489209,0.031023167195514935
DPYSL2,14577,1.16914220489905,2.5135747108805413
STMN4,14581,2.9213280343266774,26.65335998178117
CLU,14586,2.9553255343392655,18.95404927630998
PBK,14591,0.11433596722452462,0.2355196496510389
PNOC,14597,0.006071122729725048,0.04343381174629166
DUSP4,14610,0.8964928645602552,1.8672748439833198
TMEM66,14619,5.861369341040579,12.82260596159778
SMIM18,14631,0.23433652499576332,0.44670125099594027
ZNF703,14670,0.23637331660354807,0.4126354138445727
WHSC1L1,14689,1.2855817139130405,1.9665513205383296
C8orf4,14720,0.055231514733647805,0.1038514728601264
SFRP1,14727,0.03459050158950236,0.06651457653789145
DKK4,14747,0.0020421683206361873,0.0037120916015375943
CHRNB3,14753,0.01860671271705246,0.035221553112776006
RP11-412B14.1,14754,2.2366812746315722e-05,3.4742361415176677e-05
EFCAB1,14779,0.30095012568237084,0.7145884349443951
RPS20,14828,12.302586357193569,44.391619136532796
PENK,14835,0.062152488072678,1.4189633940763802
SDCBP,14855,1.517876247967816,2.453832297924432
NKAIN3,14881,0.11156817143437879,0.17443625249455158
GGH,14884,0.8969939514501595,1.5515715712427758
RP11-573J24.1,14892,0.011467368814483164,0.018040602719503848
LINC00966,14896,0.24247525073140525,0.4016995386508269
BHLHE22,14898,0.01070391170992988,0.019562682097167442
CRH,14911,0.031060991576261496,0.46282250104682593
C8orf46,14916,0.023498144929666807,0.08483615774975854
SULF1,14939,0.4378617436536935,1.2600036074215348
MSC,14959,0.07857983117173181,0.13262974711235664
TRPA1,14960,0.00459072702372216,0.008024053176985487
RDH10,14971,0.06848525960640088,0.1143618042923918
PKIA,15009,0.33264714510028903,0.5298272341363458
ZC2HC1A,15010,0.8074385244216891,1.3372461378365805
STMN2,15014,11.78969884576991,330.18446546913145
HEY1,15015,0.2079069159940778,0.3474435284523842
TPD52,15019,0.4190522851388431,0.7005710884473375
FABP5,15034,1.524537322162275,5.542958937735164
RALYL,15054,0.09250217754884872,0.15836286384083414
CA2,15066,0.49732129818638016,2.9231050467357957
CALB1,15095,1.1258256779610878,12.380844330090248
NECAB1,15100,0.1616565400612047,0.31607201330225254
RUNX1T1,15110,0.38917499884347256,1.0014256462876716
GEM,15140,0.15112059011476686,0.2610253987482767
SDC2,15171,3.0969761804132405,17.655159203634454
RPL30,15179,11.812994277785611,33.876712965175756
C8orf47,15181,0.2736104336085803,0.48893902877253553
CTD-2340D6.2,15195,1.5571560910268838e-05,2.756071975852383e-05
PABPC1,15211,3.963252393854386,6.2207599943067144
YWHAZ,15212,2.7650235909955767,4.792009632709016
GRHL2,15224,0.08718376523272478,0.15879550557581967
NCALD,15225,1.0290357318977497,2.0703507080265267
BAALC,15243,0.4391845655182218,0.8146472569304342
CTHRC1,15247,0.10600918792554505,0.25757183666259714
DPYS,15255,0.09827291249212067,0.40719222995758875
RP11-395G23.3,15264,0.26554352800377706,0.5020587726899091
RSPO2,15269,0.7622662479611287,3.154714440852389
EIF3E,15270,4.267865245714082,9.255799509603289
EMC2,15272,0.9269133487180327,2.0621885619769813
SYBU,15282,0.28721373260596544,0.5950870116256979
NOV,15316,0.05698840097757003,0.1079047084317256
RP11-383J24.1,15368,0.0006398597191393562,0.0012565767040794503
SQLE,15385,1.5785258237818856,4.096264094570155
MYC,15411,0.07469266070853117,0.2642276583671716
LINC00977,15413,3.982037903826153e-05,6.210459763508216e-05
RP11-473O4.5,15418,3.551948799283775e-05,5.565362771291252e-05
CTD-2501M5.1,15427,3.1974638743276705e-05,4.919301662799907e-05
LY6H,15519,1.7034499094604256,4.8357975312028465
EEF1D,15541,3.3130052628291145,6.698329339276205
RPL8,15615,18.210196850406092,52.08883603146734
INSL4,15670,0.00016336763767853222,0.0003989779932118692
TYRP1,15708,0.0012429499424357244,0.002960724432394597
PSIP1,15725,1.7637798667302782,3.2536475538589307
RPS6,15745,23.43362394165941,157.47492978837522
CDKN2A,15775,0.01740574394350272,0.028358866279194494
CDKN2B,15777,0.02455995157777826,0.04390633559681397
ELAVL2,15783,0.6195446732412758,1.8356461841841787
DNAJA1,15820,3.319523317559453,5.586593732176123
AQP3,15830,0.026535370950837484,0.042205939934088894
C9orf24,15849,1.6864510906132144,23.64561405371857
CNTFR,15854,0.24137455514999295,0.4234148787989307
FAM166B,15882,0.20030132766617528,0.4223423765724197
TPM2,15892,0.1585486841233235,0.4828316647974073
AL513478.1,15979,3.3647455684538495e-05,5.493525398196974e-05
RP11-58A12.3,16031,0.019841884862143652,0.03108035821666896
PGM5-AS1,16050,0.03033239409848895,0.046346989129445085
C9orf135,16068,0.2912784903544827,0.847892634081364
TRPM3,16074,1.0943003192094325,5.963298059832951
ALDH1A1,16087,0.17815732191700476,0.5269495138569219
ANXA1,16088,1.087858710473709,9.87750855066978
PSAT1,16112,0.5008096540083037,0.9065865297315148
TLE4,16115,0.580370241597789,0.9797783488481875
NTRK2,16146,0.08842462952670335,0.1399401725591902
XXyac-YM21GA2.7,16164,8.246490976613466e-06,1.3505715864731228e-05
CKS2,16176,0.7152062699579653,3.1224019513034995
GADD45G,16179,0.3155698933989546,1.122660367523566
ASPN,16208,0.003046933930245325,0.008674137552215194
CTSV,16268,0.05870059602072749,0.10877799734548595
LPPR1,16315,0.35740621307668236,0.8874569998445659
OR13D1,16338,8.399746171790707e-06,1.401236945100299e-05
TAL2,16348,0.031114681575673594,0.2911867510050901
ZNF462,16355,0.630697723004054,1.0999848422518317
TXN,16379,4.4401253663910305,9.370388620008917
RP11-410K21.2,16382,0.0012466276763603774,0.0032972629433968507
TNC,16441,0.006302925538697633,0.01096730629376919
RP11-162D16.2,16482,9.56177458783603e-06,1.8157508418156004e-05
MORN5,16487,0.533579379335601,1.7323234111453605
OR1K1,16513,7.910793064979153e-06,1.2428516517814668e-05
CRB2,16520,0.33941479148843423,0.5879049422382479
LHX2,16524,0.08504596978557884,0.2784592314090132
RP11-85O21.2,16525,0.03151052737556434,0.09868591077894032
RP11-121A14.2,16528,1.0189053592138975e-05,2.0618019799189426e-05
WDR38,16537,0.21411914710096341,0.540572568421743
RPL35,16538,13.273523059425683,28.857688465502548
HSPA5,16544,2.69039457863222,7.696134875778623
PBX3,16550,0.2667700070046617,0.44605422291873326
RP11-205K6.1,16554,0.036351238353321526,0.055836882491657976
RPL12,16567,13.41512481369681,50.08317032284506
AK1,16580,1.9525941627701395,6.900100399866485
SET,16619,3.955556520202567,8.746793468789338
ASS1,16673,0.09224913439492158,0.3568277171372961
PRDM12,16675,0.01028454681595785,0.017024322376218204
C9orf171,16698,0.5977332792984583,1.6148974406714773
BARHL1,16699,0.12868388308099923,0.4387638508228896
C9orf9,16703,0.35318156400014195,0.6784524901164111
RPL7A,16713,15.920324564862463,63.14046377462299
OLFM1,16746,0.503715971246211,1.3852050086087508
C9orf116,16754,0.9761570097873689,4.272423675007042
LCN1,16757,0.00013169444115557902,0.0002542884347544819
LCN15,16797,0.014318848701156779,0.060002751790038146
PHPT1,16804,3.8412702469005064,6.638405069218619
PTGDS,16812,0.008740702984957906,0.016768922997825064
AL807752.1,16827,8.026014325669176e-06,1.2793197231604796e-05
LRRC26,16831,0.43367766892203935,1.3448565596233981
TUBB4B,16842,3.206658953402488,22.05295041604473
IDI1,16877,1.5467726138872664,4.760269096394792
RP11-69C17.3,16884,3.260924343966742e-05,5.4747869957717514e-05
KLF6,16901,0.28494612293461513,0.43777315728834526
LINC00704,16909,0.0004796525175015939,0.0007631338220428341
AKR1C1,16912,0.15261924090163034,0.25676889156528393
AKR1C2,16913,0.0875750201271173,0.15198410372840332
CALML3,16925,0.018395742004690487,0.05321527996517141
GATA3,16964,0.005898554456761533,0.024065902972639705
RP11-138I18.2,16984,1.344093608307337e-05,2.4556043725489656e-05
VIM,17039,14.792299262245658,467.98288986241363
RP11-354E11.2,17064,0.010217013079043451,0.017826390781328003
SPAG6,17084,0.6494625701459443,1.9009512804947288
ARMC3,17086,0.31847817936416406,0.5595062054591649
PTF1A,17088,0.0005204451613493172,0.0008355258694081249
ENKUR,17098,0.3063570062602553,0.6117166442499176
GAD2,17105,0.02224394419658566,0.12734570427716443
RP11-128B16.3,17107,7.990938399343582e-06,1.2681621821597102e-05
BAMBI,17133,0.4351431598995914,0.9731745485620847
LINC00838,17173,2.7295765215611977e-05,4.730760084634334e-05
CXCL12,17241,0.01693299963137164,0.03646515064872601
RP11-285G1.2,17245,7.76871023301463e-06,1.1986078036201231e-05
GDF10,17291,0.13607452670861386,0.36898439997329413
SLC18A3,17315,0.012970987067046195,0.02030431566094646
MSMB,17325,0.00044023120125556356,0.0013208933352405988
DKK1,17345,0.0643358607976959,0.22366547370858741
ZWINT,17356,0.21674300728960405,0.4800192365968996
PHYHIPL,17365,0.4357365532397165,0.8117906656532736
FAM13C,17366,0.35386658337177934,0.6147821523866306
SLC16A9,17369,0.49467834509227987,0.7886496653580273
ANK3,17373,0.31046266411871354,0.47492864795769013
CDK1,17376,0.5588384309032699,3.243334841052883
DNAJC12,17405,0.3295977653726882,0.6317018983838646
ATOH7,17410,0.008174078379789455,0.016561770421644757
RP11-227H15.5,17428,0.10937988155861186,0.17810559297634282
NEUROG3,17432,0.0003837221345305038,0.0006916127404797769
C10orf35,17434,0.6000019944197159,0.9654889130089539
PPA1,17442,1.12329241334148,1.8063170475407608
UNC5B,17457,0.04072775733123315,0.06860393631067542
DDIT4,17471,0.5499484851123452,1.2099984867552183
PLAU,17514,0.0016413415927473897,0.004452615174963909
ZNF503,17533,1.4717733381920597,2.9115750349293785
RP11-328K22.1,17543,1.398713607166136e-05,2.4963461505117706e-05
RPS24,17550,13.796923385330386,36.04908137487098
SNCG,17618,0.7696507049722968,5.995010064897844
LINC00864,17629,9.230469270302111e-06,1.6921030017368327e-05
PAPSS2,17634,0.2052706203391257,0.31736351670855295
ACTA2,17647,0.06494138796413136,0.5094505642774184
IFIT2,17652,0.0026364736228408625,0.0471928935003268
IFIT3,17653,0.027451760285056765,0.06561622963265584
IFIT1,17655,0.01575973832819336,0.037567950573083805
KIF20B,17664,0.14879190302990708,0.23894190511415242
ANKRD1,17672,0.00129466497139572,0.0021818626311563187
LINC00502,17675,4.4133232069409505e-05,7.940583200224977e-05
HHEX,17688,0.009625947292778747,0.014753336030174624
CYP26A1,17692,0.07905582915838576,0.7452356943360081
RBP4,17696,0.05297953840434149,0.09429938695772021
PDLIM1,17716,0.19919412830837646,0.47642393952071654
NKX2-3,17778,1.1346856282239124e-05,1.967289032366683e-05
RP11-316M21.7,17791,6.76998301531152e-05,0.00010326110891985007
LBX1-AS1,17823,0.0017925028806942797,0.0029367223230456862
RP11-107I14.4,17824,0.0005799861447230005,0.0008999026284932584
DPCD,17828,1.5536958711735465,3.8209446836974625
FGF8,17832,0.012481823576706108,0.0379164483937884
ELOVL3,17842,0.054545231178470356,0.09311158043332236
INA,17868,2.0686334651118954,9.984940041654326
GSTO1,17887,0.7813981923673282,1.6172828505223262
RP11-127L20.5,17890,9.735330674659822e-06,1.8822645137209242e-05
RP11-127O4.2,17895,1.3122290836387838e-05,3.41978307542003e-05
TCF7L2,17930,1.2091099813999708,29.57375788631384
ADRB1,17940,0.020924747380663335,0.0358127586454045
GFRA1,17951,0.12154706282998402,0.20046732124519592
SLC18A2,17966,0.03413368286678008,0.08540312385585228
EMX2,17970,0.2436584109704807,0.5499029006913596
CTA-109P11.1,17971,1.9159255809602326e-05,3.0737966737831105e-05
RP11-498J9.2,17981,2.7573562578487713e-05,4.2801783915162864e-05
RGS10,17989,0.03422586112384204,0.08165379402279573
HTRA1,18012,0.13474402278164274,0.2631831502916097
CPXM2,18029,0.0489787402833381,0.09317451478547774
FANK1,18055,0.32527182702820684,0.5231995848930535
PTPRE,18067,0.16011203753556913,0.2758073646133652
MKI67,18069,0.17935878492761947,0.611287540374249
EBF3,18078,0.11604188341516289,0.20641112351574412
AL450307.1,18084,0.0007027414702080294,0.0011655180041552876
LINC01165,18097,1.75713926166418e-05,3.216649967875631e-05
NKX6-2,18100,0.015416210319253245,0.036327834604425825
CALY,18116,0.2745102572327415,0.562979490665548
IFITM2,18144,0.3935511993553107,0.8066804119419192
IFITM3,18148,0.3954994397234436,1.1052150457691894
DRD4,18172,0.14119943281513464,0.29151458094366006
RPLP2,18185,13.50108497219299,29.376975501263473
POLR2L,18190,4.313153570750839,7.882872083070907
TNNI2,18223,0.0008932693467481209,0.004441163240034794
IGF2,18231,0.06492701600128199,0.1335758965910301
TH,18235,0.9383518448854424,9.17524419307205
ASCL2,18236,0.07982167276087443,0.14957644228651407
CD81,18239,0.4562770633314409,1.4515494814378376
KCNQ1OT1,18244,1.519649149905149,3.04777540013452
CDKN1C,18247,0.4166871828990665,0.7789372975020353
PHLDA2,18250,0.055820631254959494,0.1059903217006576
ART5,18264,0.012569575044901242,0.047733768862616974
OR52K2,18277,8.599055777318716e-06,1.4685231286405314e-05
HBB,18307,0.00011255898671735062,0.00020576293896095916
OR51B4,18312,1.1286863578966068e-05,2.5300307054301823e-05
OR52E6,18337,8.229620486071556e-06,1.3450512795571173e-05
LMO1,18407,0.044547350446106845,0.08562168177562607
RPL27A,18411,15.378239024161509,48.504252836560084
C11orf16,18416,0.04706413427354029,0.07600687337957866
NRIP3,18420,0.09925483997378066,0.1669946170557756
EIF4G2,18446,5.740019020942115,10.297397549515217
DKK3,18459,0.6472710349126515,1.0897872375659365
CALCB,18489,0.1565678621788512,0.39889884821764043
CALCA,18490,1.7356878012085162,76.49834630797739
RPS13,18501,13.490813848337874,24.425241924499005
SERGEF,18514,0.36540239539543956,0.5677993325222969
TPH1,18515,3.43526240466123,157.89512838606487
LDHA,18526,1.9126350270336314,7.638809291155915
CTD-3064C13.1,18560,0.04199523705275187,0.07707777171076684
SLC17A6,18562,0.21428812773500047,0.5667314437589337
LUZP2,18576,0.061086628895761594,0.10357516878994386
MUC15,18582,0.0170469505572092,0.032482154843962566
FIBIN,18584,0.003838969720207008,0.009736771850202837
CCDC34,18587,0.5102598886486363,0.8754168887394431
BDNF,18593,0.1796787871677521,0.36608852366330935
MPPED2,18612,0.233749140791595,0.3779945137529124
PAX6,18621,0.8444481421714817,3.984992872717404
RCN1,18623,2.15278547020392,4.93620655240158
LMO2,18649,0.1328197605654876,0.21114765332261504
CD44,18663,0.01913565889613668,0.029904414997347088
FJX1,18670,0.3460781961323363,0.5817918233210566
LRRC4C,18688,0.20743550046147016,0.36199221908287427
C11orf96,18704,0.0065656216048366476,0.011005292570409601
GYLTL1B,18741,0.14640520241334226,0.3030858836579986
CREB3L1,18748,0.19649734069503677,0.3957354701970646
MDK,18750,19.178953203439306,219.02526795526035
C1QTNF4,18783,0.3112034255791134,0.5429442930002404
APLNR,18855,0.00024147550706574662,0.0004015886878975338
UBE2L6,18869,0.6064832057370211,1.0344271903117324
FAM111B,18907,0.059650559957675424,0.19144751285137387
TCN1,18930,0.00011224619446124625,0.00035351012990101396
MS4A3,18934,5.953800465706362e-05,9.852582524600782e-05
MS4A6A,18937,0.05333205514701804,0.23156610701145952
MS4A8,18948,0.06943951357715973,0.10850734596748617
PPP1R32,18981,0.16502365073965827,0.32282118183364955
GNG3,19034,2.068838389770822,10.248076594244223
SLC3A2,19048,1.9797022653933012,5.426979952413187
SLC22A25,19055,2.0055900382919735e-05,3.404044212010687e-05
RTN3,19065,3.6083869066463663,9.588112863808972
PYGM,19111,0.041268074708341686,0.06640306818310131
NEAT1,19152,1.0626370032596764,3.2498082457533375
CFL1,19175,12.966301210561628,32.597991260601646
CNIH2,19202,0.49529526665981666,0.774493676089145
CDK2AP2,19261,1.1314982912405873,27.95185664325384
GSTP1,19263,11.558793054289756,96.27101006814848
GAL,19287,0.007634107694682949,0.06591973733003795
CCND1,19309,0.7958167134968479,2.517898982450948
FGF19,19311,0.0038956444170816415,0.010397260087733564
DHCR7,19333,0.429986914964316,0.7110686704070156
PHOX2A,19358,0.0006631634062403429,0.00103221183419963
STARD10,19371,0.41667732758418574,0.8221528822449493
RAB6A,19385,1.1142656603645626,1.7588306548327068
UCP2,19394,0.7563643550896333,1.3487339316905373
PGM2L1,19400,0.848284141859416,2.1778180453173386
RPS3,19420,20.89933762449585,115.08461287985972
KLHL35,19421,0.11983502963213026,0.2084219740296772
SERPINH1,19423,0.8456051705213122,1.5396125535305585
RP11-843A23.1,19482,0.0008730791006933834,0.0017804297041780295
PRSS23,19527,0.2177474299239292,0.4510336587358692
RAB38,19537,0.07654105262760766,0.12237859584033993
TRIM49D1,19548,1.9201976308258354e-05,3.147017063425886e-05
LINC01171,19577,0.16410547747681556,0.4162768076985137
C11orf70,19614,0.25685933972394714,0.6904715615987141
MMP10,19628,0.28381637279823146,8.131144671261648
MMP1,19629,0.00703839355705698,0.01346779123024146
PDGFD,19635,0.18105561534648734,0.2998760947534915
GRIA4,19647,0.18923909397849284,0.38433990982936855
SLN,19659,0.04436982239778481,0.1570712081287411
AP001024.1,19662,8.806125952554845e-06,1.540100443241716e-05
C11orf88,19694,0.9303516538125595,8.064976021253543
ALG9-1,19700,4.756578145148722e-05,7.369192545789834e-05
CRYAB,19703,0.041959705228220325,0.44086847770640714
RP11-65M17.3,19722,0.009915314436387438,0.016297029406984975
NCAM1,19726,0.8446583337752265,2.274738106169546
DRD2,19732,0.08578978275793078,0.13929912805423264
RP11-667M19.10,19738,7.788264419678824e-06,1.2046492407619656e-05
HTR3A,19740,0.0007319053599858704,0.005606875821966116
NNMT,19743,0.020606229157859125,0.033215490639884236
CADM1,19752,1.7576369015718072,4.323541737201134
TAGLN,19778,0.3763228544410338,11.133295414084719
FXYD6,19790,3.265885651381413,9.423637757408931
TMPRSS4-AS1,19793,1.2191910834254359e-05,1.931655462436713e-05
RPS25,19827,11.841179047436821,25.35923362427303
H2AFX,19836,0.3810888322261485,0.8492705770674867
AP000758.1,19869,8.575225444115684e-06,1.46039500972168e-05
HSPA8,19885,8.519738057949734,28.152907890969885
CLMP,19886,0.023416334894576084,0.03688936112259108
SCN3B,19892,0.285921838445473,0.4601548939720352
VWA5A,19907,0.5412198526446399,0.9977933879392693
OR8B4,19914,8.578883938382137e-06,1.4616413525016203e-05
SPA17,19921,0.7454442297995573,2.149946706683708
FEZ1,19942,1.39762420111099,3.1171180264778853
HYLS1,19954,0.10508242107275745,0.16042503514606724
APLP2,20008,2.0863070454194275,3.47613821944785
NTM,20022,0.8857845738361715,3.093588001037672
CCND2,20114,0.3288779204874031,0.5069060460308356
CD9,20142,0.3784817885828165,1.1568908834957807
GAPDH,20155,21.880556996188336,81.8257719386362
PTMS,20172,7.301748799257053,18.13199447617354
GNB3,20176,0.9776331102566358,4.60956905911006
CDCA3,20177,0.0804280463786324,0.16126816767427637
TPI1,20179,5.34511070956969,8.603303028065131
LRRC23,20181,0.4140010176851136,0.9623056007716033
ENO2,20182,1.3997227132109418,3.637282018203136
NECAP1,20215,0.4603473827499531,0.7689419221442362
CD69,20250,4.181462216204748e-05,7.409123154298442e-05
CLEC2A,20255,0.01229455580151384,0.053244230153064585
KLRC2,20278,0.007231700686948515,0.01269896467311998
KIAA1467,20332,0.15005608395767456,0.2942513208276956
GRIN2B,20336,0.02961988705185276,0.04853054263849221
SMCO3,20348,0.19988295313830595,0.35168541363892597
MGP,20351,0.009652791908928137,0.6008375905319496
PTPRO,20358,0.6904558224625001,1.1130063851913323
SLC15A5,20364,3.1452499281911635e-05,5.492103900924172e-05
MGST1,20365,0.28878824024441596,0.4632803191796465
LMO3,20366,1.3999637621411776,6.181353821804526
PLCZ1,20374,0.005324672633072493,0.010516003487383666
PLEKHA5,20377,1.6224196309827872,2.8994723740406596
LDHB,20397,6.216111101451529,17.74446895766291
TM7SF3,20452,0.7242503942027608,1.1301681362991762
OVCH1-AS1,20479,7.810948284621164e-06,1.211676755692392e-05
FAM60A,20495,1.1770588390793602,2.051073746808291
KIF21A,20524,1.2415056749698516,1.9754043490113464
PDZRN4,20535,0.4271264592995976,1.221132413418156
NELL2,20559,0.7796344868389541,1.3295697190014977
SLC38A1,20567,0.5463570692128156,0.8890242146508095
TMEM106C,20590,0.7842826587605299,1.2104331204288914
C12orf68,20598,0.7179090602534258,1.77452681936572
CCDC65,20621,0.207151310864566,0.3603386184840541
TUBA1B,20637,14.729190177478966,275.7698893997826
TUBA1A,20638,66.92042792458246,3879.903263717364
TUBA1C,20639,0.5454780788785524,1.6004568321353214
PRPH,20643,0.027404312528010878,0.3158337455528616
TROAP,20644,0.07095229557574079,0.12936540601377014
C1QL4,20645,0.06197523997869983,0.13664021577666657
FAIM2,20659,0.2366327319217064,0.38843409459727396
KRT7,20713,0.29439723867722295,1.2168820124260706
KRT71,20732,9.697987022109671e-06,1.5749545165059388e-05
KRT8,20746,2.1372353863320805,11.44927546112367
KRT18,20747,1.7350085380439297,11.580185658965592
IGFBP6,20752,0.8474736279542981,22.97516567438837
ESPL1,20760,0.013275197241105955,0.02135039231235069
RP11-793H13.10,20773,0.0025344945699658245,0.003908105998999606
NPFF,20774,0.003697881451259372,0.010062041328641805
HOXC13-AS,20781,8.064632298699669e-06,1.2916604614680273e-05
HOXC6,20790,0.014162810390050474,0.021620874625556768
RP11-834C11.4,20801,1.7292389856892714,11.660825676932529
CBX5,20806,1.7773424789016357,3.0742282647773775
HNRNPA1,20808,11.629776694226111,44.352446337740844
GTSF1,20817,2.0800562130743467e-05,4.299858575057204e-05
PPP1R1A,20821,0.281373561455939,0.4669116367878264
NEUROD4,20828,0.0665394668555668,0.20315442805404027
CD63,20851,7.908563536704875,22.219849924738227
PMEL,20861,0.02400018260790873,0.16121580923018045
RPS26,20868,9.001814233532308,24.72075737472909
MYL6,20880,13.627256605266338,45.901856938497275
PTGES3,20904,3.512516252357113,8.753074726246629
NACA,20905,10.627295038166977,23.121545704503134
TAC3,20913,0.009998922940440427,0.016199740406955588
NXPH4,20920,0.08068109383511687,0.1490998560687735
INHBE,20929,0.006299970286861798,0.01141835901415845
DDIT3,20933,0.21743015243188604,0.45791396012585994
KIF5A,20936,0.3623758696230523,0.8588364600164207
RP11-620J15.3,20961,0.9438979064316614,2.629436183633548
RP11-1022B3.1,20981,0.00010207793786338078,0.00016275973628925722
TMEM5,20984,0.4289789155218881,0.7156404820467999
WIF1,21005,0.033409412993363675,0.1324921407077286
MDM1,21039,0.3934096347702177,0.6864128804630534
TSPAN8,21076,0.015393105394334198,0.0402112145956367
PHLDA1,21112,0.1765747651157739,0.48026882792885844
NAP1L1,21114,4.486464425098879,9.433392733000577
CSRP2,21120,1.800507730284276,7.075423116604474
SYT1,21135,2.0860149902867433,11.075931070151164
LRRIQ1,21169,0.5746064724948279,1.1111552407330396
NTS,21174,0.13430812793301644,4.934580095251964
MGAT4C,21176,0.10419631292571223,0.1864083145118398
DUSP6,21187,0.23315414997339987,0.3656847048095849
ATP2B1,21195,2.074714463610455,4.770568013780046
LUM,21207,0.20268057625345148,1.402257444341733
DCN,21208,0.18155593038833986,0.9008919561594256
BTG1,21214,1.400275073061849,2.730758890136531
ANKS1B,21278,0.14674801174154617,0.2368916748437771
PMCH,21310,0.014214107745016724,1.2451894185359553
IGF1,21311,0.017061574488571974,0.07580453278749506
ASCL1,21314,1.392197793684007,7.1404470952305825
RP11-626I20.3,21318,1.2500429644923121e-05,3.103338300216444e-05
HSP90B1,21326,3.8201815301549966,11.808128026423708
RFX4,21354,0.26038690874601433,0.5365361203750436
TCTN1,21417,0.9225099947669102,1.4846128672202412
RP1-46F2.3,21424,8.500926497635629e-06,1.4351978050591996e-05
RP1-267L14.3,21442,4.188327925418234e-05,6.761322622572261e-05
RP3-521E19.2,21445,7.986179055448797e-06,1.2666520929835327e-05
RPL6,21446,22.50099575436428,87.15885973141775
OAS1,21449,0.003667994274614011,0.006200971834170414
CCDC42B,21455,0.11206054472372133,0.23040195078234085
LHX5,21465,0.12538482303217846,0.3475918638467959
RP11-82C23.2,21466,0.4243138376232764,2.9731212133785103
HRK,21499,0.06616942356879144,0.12097325862174546
TESC,21502,0.07462093884502859,0.1381741939395645
PEBP1,21512,6.001544672169325,9.446327189367672
SRRM4,21521,0.31310589780101655,0.5338605381532181
RPLP0,21536,13.59579241166963,43.339733027566325
MSI1,21541,0.6520517415807952,1.061412842774871
DYNLL1,21548,10.153488889154637,61.1921624752499
OASL,21567,0.00027286387120245635,0.005037691480585067
RP11-197N18.7,21616,2.446281993436729e-05,3.871542134690543e-05
UBC,21649,9.76375378585707,27.923691228299603
RP4-765H13.1,21659,1.5944821864060255e-05,2.6051170342820722e-05
RP11-349K16.1,21682,1.7884611947179406e-05,3.236154754265888e-05
RAN,21709,5.1092847495575295,7.8086883523245305
LINC00387,21771,1.8327063460994004e-05,3.335410172369534e-05
AMER2-AS1,21842,0.006836790443574188,0.010667336704421833
SHISA2,21851,0.12869180455002469,0.3090258027853151
GSX1,21869,0.0009092693059323334,0.005655253378877585
HMGB1,21898,6.94243357284203,41.04444864290668
TEX26,21905,0.1261538655092076,0.2447319924940762
HSPH1,21908,0.7205184137553908,1.306033966856122
MAB21L1,21933,0.24741274412513578,0.7390814873648681
CCNA1,21941,0.20847309658109256,0.40642039726658924
POSTN,21950,0.8499314208011997,5.860949444494323
STOML3,21958,0.3864941608101404,1.5165263897305155
LHFP,21961,0.7986462116469548,1.506674855850053
RGCC,21976,0.06329239245563734,0.2397474387019773
FAM216B,21982,0.21792598559196974,0.7374362278732128
SERP2,21999,0.41145405864018814,0.6339510346425737
TSC22D1,22001,3.289598854337654,9.268677786334909
KCTD4,22008,0.014910677043678097,0.0240626461576906
TPT1,22009,10.290556387241253,22.590818109996817
ITM2B,22040,3.530647381362317,5.815002916641056
THSD1,22083,0.27348579405470563,0.8243819650021734
LECT1,22090,0.07151270324487909,0.15352107325375175
PCDH8,22091,0.10636576651283147,0.20104059622043655
PCDH17,22101,0.16075621518911504,0.31529815830492947
PCDH9,22124,0.9225336293289529,3.1748120374561823
LINC00348,22134,0.002731275702770617,0.005530206669617169
POU4F1,22175,0.03209548762649912,0.056287596929522725
LINC01047,22205,1.3316247155432604e-05,2.2459655566797173e-05
DCT,22222,0.005922211400745898,0.01465487303680184
ZIC2,22267,0.20094931185365264,0.3798810676554175
FGF14,22278,0.27868938894067913,0.4455131322659694
LINC00283,22287,8.38573765018439e-06,1.3965670612487327e-05
FAM155A,22303,0.24293874863655646,0.4189282803562307
SLC22A17,22522,1.5135169878534724,2.5382272430678716
JPH4,22536,0.2962802605740829,0.5586403970947111
DHRS2,22537,0.012248772164156931,0.03581809140102897
STXBP6,22590,0.02606272463713264,0.04229342084028538
NOVA1,22593,0.9072061069131702,1.7711302759143748
RP11-412H8.2,22601,0.04149914485566774,0.08634782404738914
COCH,22619,0.19022942865716783,0.33187641511919547
NFKBIA,22657,0.341576306857287,0.553895250369863
NKX2-1,22671,0.013441688970580902,0.03582119926395988
RP11-356O9.1,22682,0.06224527085825211,0.18131099642847873
RPS29,22739,9.720110394868355,17.196786226112366
ATL1,22770,0.4500713890145946,0.7222591914404148
TRIM9,22779,0.14292118848641167,0.23806159869087068
RP11-1140I5.1,22780,2.406373981005699e-05,3.87141741955977e-05
GNG2,22789,0.5881980666923332,1.0833676315842387
BMP4,22815,0.12571582091854594,0.2349329283093705
CDKN3,22816,0.11533744798527812,0.24912454211001867
LGALS3,22826,0.03622090860975969,0.08974195478666973
DLGAP5,22827,0.11734576911024845,0.23722282368326256
ARID4A,22864,0.7478786019829803,1.155743747113466
DAAM1,22872,1.3040645142852378,2.4655317376393078
RTN1,22877,6.574397461021093,68.80170264106212
RP11-47I22.2,22899,0.009678723642221885,0.015468401691114294
GPX2,22941,0.031620377964270224,0.0570787575843946
ZFP36L1,22972,0.9940165785843853,2.601229854174524
SMOC1,22988,0.04463565628632834,0.06930812169648883
VSX2,23050,0.0006335113354210308,0.0009977351330073003
NPC2,23056,1.9731528167461079,4.049162429317416
FOS,23080,0.18490289587874212,0.3164692065556958
IRF2BPL,23106,0.5115813675006279,0.8159330545941831
CTD-2243E23.1,23137,0.00011943166792846216,0.0002647567138625506
RP11-799P8.1,23151,0.000833895785555944,0.003960245449808541
RP11-1079H9.1,23167,2.0761459759866703e-05,4.4477657483524426e-05
RP11-356K23.1,23195,0.9934331456644698,17.905626884320778
CALM1,23206,5.542473783805217,18.136211670900785
CHGA,23240,7.489324347246489,403.06354346261384
C14orf142,23246,0.36804100014071084,0.5994338284184246
IFI27,23258,0.03015888625216839,0.15021960945747603
RP11-991C1.1,23273,2.4977411913056993e-05,4.1835535987745833e-05
EVL,23335,2.11979863599,8.027980140317688
DLK1,23352,33.550284120233535,3227.165838334773
MEG3,23354,4.333045372596154,157.72318536086817
AL132709.5,23360,0.06665075549722752,0.10331499882961688
DIO3,23373,0.08035216409585834,0.5627720102412445
HSP90AA1,23384,11.809189479628753,90.45575512470248
CKB,23405,9.323995548077553,51.95352014675561
KLC1,23410,2.0862828994677143,5.353287528783274
CRIP2,23465,1.6535607148173348,3.023276203309105
CRIP1,23466,0.11722425490328284,0.1879119873175216
RP11-467N20.5,23504,3.570487191059189e-05,5.5098644488463214e-05
NDNL2,23554,0.6055194119978625,0.9940393141496542
SCG5,23595,2.458562847312262,8.088511115141657
RP11-1084A12.2,23611,2.8372315119022577e-05,5.257256442520665e-05
GJD2,23618,0.01824450490577955,0.034663056545739146
ACTC1,23620,0.025227690976425753,1.147028285243492
MEIS2,23635,0.5385021078892163,1.770537638450986
SRP14,23665,13.62710017903359,22.74853983495771
PHGR1,23680,0.07080861205799607,0.16697098075172107
SPINT1,23702,0.3145270201927719,0.6579052422616334
NUSAP1,23715,0.35546129797071135,1.9658573385817322
PDIA3,23775,3.575521480765769,6.652749066172062
SERF2,23778,10.99385156198861,34.96452438735862
B2M,23794,1.0727016695161562,3.147686752033974
DUT,23838,1.413771993787953,2.2984599686205187
SHC4,23845,0.07968449924285809,0.12590360713453602
SCG3,23878,1.688907393545979,4.584946305995566
ONECUT1,23901,0.12513009873080755,0.2732589587918988
DYX1C1,23914,0.4037849911498117,0.6494227884115348
MNS1,23923,0.35247133563780597,0.8460539915662282
TCF12,23925,0.6292638963898171,1.162209686462672
ALDH1A2,23935,0.024719066716776626,0.07711164851276969
CTD-2330J20.2,23936,1.5356087002632793e-05,2.496954098517984e-05
CCNB2,23948,0.2508951344513269,1.0283000152714306
ANXA2,23959,2.083328763607686,11.91416865813703
TPM1,23986,1.5042083485307853,7.154485377770163
RPS27L,23991,2.2676874517523515,8.191615376782973
PPIB,24007,3.7490844846419455,9.562073739714858
KIAA0101,24010,0.3087297274070797,1.6561633036260417
PIF1,24018,0.03442587272329073,0.06888337340064075
IGDCC3,24032,0.43190545416457654,0.6931440548349174
RPL4,24049,11.23296431192441,22.304863928406363
RPLP1,24087,22.842343678405445,114.03066708359358
RP11-96C21.1,24097,1.581453985199376e-05,2.516822224964374e-05
PKM,24114,5.333198860796899,14.12160525489887
LOXL1,24144,0.7285071170002134,1.5242046288086586
RP11-247C2.2,24149,0.1803342648734637,0.40485657107254536
CYP1A1,24165,0.004554299503754963,0.010868555400292702
ISL2,24209,0.0017512404459663177,0.003322074674372502
RCN2,24213,4.21836183557107,6.606323580163455
LINGO1,24222,0.15389377332133586,0.23636143658270548
CRABP1,24239,1.5095423302652444,80.16622996998397
CHRNA5,24245,0.31333990344490964,1.0699076682602444
CHRNA3,24247,0.12036617649245535,0.22125482768830015
MORF4L1,24251,9.292500985801935,22.10621898101735
SH3GL3,24329,0.09686107256047065,0.15340237594729145
LINC00052,24364,0.016594923481175382,0.03249244855352859
NTRK3,24365,0.05748872558492947,0.0894630531812987
ISG20,24372,0.09312076236211754,0.15604625607704206
RP11-429B14.3,24389,2.5604923812483052e-05,4.150276711938945e-05
IDH2,24402,1.4595716937438319,2.743199255114766
CIB1,24405,0.8544718892638381,1.4806703975373772
PRC1,24429,0.16832707680852563,0.4018536840978219
RGMA,24449,0.262869265507341,0.417868937468324
RP11-326A13.1,24451,1.7162949343069704e-05,2.769118062159569e-05
CTD-2576F9.2,24464,1.2897607817404869e-05,2.439328407796758e-05
NR2F2,24476,0.5472541038578529,1.054936046533104
METRN,24602,1.5203521607275705,5.738900216332317
CCDC78,24604,0.06605167010425426,0.1230545528827848
NPW,24684,0.10971284878693256,0.341500246422566
TCEB2,24731,6.941030024552998,13.693638831377505
PAQR4,24743,0.26368937411529586,0.4070303223956776
CLDN6,24749,0.3509412890901347,0.8488608030217141
TNFRSF12A,24750,0.28510126977120975,0.8925293574335034
IL32,24757,0.009944483993530043,0.041778268946049135
RP11-462G12.4,24790,1.0348954101512099e-05,2.1270228503021336e-05
SMIM22,24815,0.07962364325738816,0.1358946483004265
RBFOX1,24829,0.13886379855998962,0.2746086694787904
RP11-876N24.2,24869,7.70915750944581e-06,1.1803018589220953e-05
LITAF,24886,0.3442265930456984,0.6054375381461483
CTD-2583P5.1,24907,9.785059785896437e-06,1.901543210831321e-05
RP11-1021N1.1,24943,1.840599975153953e-05,2.826446109993466e-05
C16orf45,24945,0.7301210775527156,1.1737975220322383
RPS15A,24977,17.754676304499977,57.01707231536261
ARL6IP1,24979,2.8021553048732133,10.277281939949997
GP2,25008,0.1267206120361735,0.8440790679198994
CRYM,25032,0.09196334862608084,0.16268824330020434
HS3ST2,25055,0.019503537266678955,0.030983711436568265
PLK1,25072,0.17873422217193446,0.7478845043534756
PRKCB,25077,0.08788843346169345,0.1346002489618144
CACNG3,25079,0.005916607348640557,0.01101825048583714
NUPR1,25125,0.001528967143602114,0.003001880964817082
SEZ6L2,25179,1.4275714801796378,2.3080221504197804
FAM57B,25189,0.8980658524739931,2.1949716364474545
ALDOA,25190,3.800622965062487,6.613778952306825
CORO1A,25198,0.2684950356159303,0.4116980258062471
MYLPF,25208,0.010779670860812251,0.17433541489415316
VKORC1,25258,2.048884849915786,5.646453519814782
RP11-474B12.1,25349,2.6551152387769003e-05,4.1585093388116734e-05
CBLN1,25366,0.7255992846474763,3.2898213777268897
RP11-189E14.3,25373,1.1120925728716198e-05,2.0106343892718e-05
RP11-21B23.3,25386,1.3639404445005902e-05,2.141526484104503e-05
RP11-327F22.1,25395,9.167361294634817e-06,1.6690445798689408e-05
IRX3,25434,0.26866790499347626,0.8536358973291707
CRNDE,25437,1.6877229093485493,5.553110338396488
IRX5,25438,0.04879061469058093,0.08089343923610469
RP11-26L20.3,25441,1.570075917969414e-05,3.277060918434435e-05
IRX6,25442,0.012100241508258962,0.019303205307954905
GNAO1,25455,0.36252717950048874,0.7611192545598766
MT2A,25465,0.2873941935385876,5.381716460135291
MT1E,25467,0.07460336197637533,0.7306756460727725
MT1M,25469,0.0009135054485320603,0.002695778115606358
MT1F,25472,0.37600089038842327,1.1563441824648513
MT1G,25473,0.053651093614309635,2.853054430546987
MT1H,25474,0.01039385667260846,0.4993867194594954
MT1X,25475,0.5376625302093614,4.88677590485968
HERPUD1,25479,0.8625278906517496,1.7344368378071837
PLLP,25489,0.14524160743905573,0.3314530507849357
NDRG4,25522,0.25749609608075674,0.392621223044309
CDH8,25533,0.11389498091395404,0.24391217901428977
RP11-351A20.1,25549,3.4994583502130854e-05,6.349493169397535e-05
RRAD,25580,0.011234070931666272,0.019378445252901007
TPPP3,25605,3.0574629740110195,80.35760022269741
NQO1,25680,0.751068632924219,2.418971688758354
CALB2,25714,0.05747296654674645,0.5289823250847137
AC140912.1,25754,0.036067204416794896,0.07721215116664175
RP11-44L9.3,25758,1.4728345509432014e-05,2.6171639044705527e-05
CFDP1,25784,2.140591661327234,6.511617565647897
TERF2IP,25795,3.0853966955887686,9.043317496193486
VAT1L,25813,0.2852759803359657,0.43545126731993467
DYNLRB2,25831,0.3806261032494565,1.0950861946281831
CENPN,25838,0.1411571058696205,0.22896624049767939
HSD17B2,25855,0.14926977700838656,0.5544106530055903
HSBP1,25869,8.236097271901325,23.75049363340942
DNAAF1,25879,0.19524505987251922,0.4207157551361488
WFDC1,25885,0.003162969663596571,0.005188673508192907
COTL1,25892,1.5054994132196904,2.8566958145076664
FAM92B,25900,0.1789489263900004,0.3730253525204327
GINS2,25907,0.36533206579338884,0.810252048362936
SLC7A5,25957,0.14908113629963665,0.29500547135500715
CYBA,25974,1.1849856506516994,2.536327632797404
MVD,25975,0.515828067183464,0.9102581201737663
RP5-1029F21.2,26053,1.7865200618863928e-05,3.29965764059632e-05
AC144836.1,26066,2.5660957298663156e-05,4.6600852522494935e-05
YWHAE,26069,8.807728704868682,20.003132468444306
SERPINF1,26085,2.9870263882577377,28.477600730651154
PFN1,26185,6.273182159203629,10.452372961183613
NLRP1,26215,2.3926066153053105,5.398730558449511
FAM64A,26218,0.1264696341865942,0.3571064742888157
TEKT1,26228,0.24537989980637215,0.6159513223886721
CLDN7,26254,0.16732207932180918,0.3278760554743421
EIF5A,26258,1.9953593796811824,3.60474199845268
EIF4A1,26285,6.001311832518467,10.014461637789509
TMEM88,26300,0.3630700623542343,1.086561677559551
VAMP2,26318,4.579031772561568,16.06668676092335
AURKB,26322,0.14207053709963893,0.3852743177555809
RPL26,26338,16.40604886650873,56.26366571507947
WDR16,26356,0.25972953238321983,0.5097825905884386
MYH3,26376,0.003504969105012303,0.016821700570605395
CTC-297N7.10,26380,8.100359491026755e-06,1.3031302484303843e-05
PMP22,26425,0.6083125879590233,4.367527797029354
CENPV,26453,1.0311047395181638,2.3562666385396556
UBB,26454,13.861322647229873,25.660964531174386
TNFRSF13B,26467,5.5236526271748176e-05,8.423899974344627e-05
RASD1,26481,0.05698615976777579,0.12306606417777022
MFAP4,26544,0.044236556293302906,0.08112842342021671
RP11-19P22.5,26612,8.340531386248468e-06,1.381550203382349e-05
NOS2,26613,0.01002570308485714,0.023833535927587777
TMEM97,26625,0.6233011100391378,1.1059967875148962
VTN,26631,0.3791228272134676,1.0588131984116413
ALDOC,26642,0.09873616822475954,0.27960788963261346
RPL23A,26654,13.561299296390754,35.52385873662533
OMG,26727,0.052371860304984245,0.17406703157393846
CDK5R1,26752,0.23503054316604807,0.4052968823656417
TMEM98,26759,1.0843884711840575,1.7027712135725057
CCL2,26774,0.05598022301742879,0.2949439856189608
CCL5,26824,0.0036945510798105994,0.039438256057057204
CCL18,26836,0.007780443402881845,0.01696729026549871
RP11-445F12.1,26860,0.0508424722406623,0.12073176611415479
LHX1,26861,0.06544518715544137,0.2269446754814781
RPL23,26900,9.038293979669035,21.427397340374526
RPL19,26912,16.6651154119944,48.69594846089791
TOP2A,26953,0.3602806926196793,2.410404684761198
IGFBP4,26954,0.04446413199576644,0.09197998962831255
CCR7,26957,0.00016074974358226777,0.0012312032273602983
KRTAP3-3,26976,8.608901808807746e-05,0.00027970839452085266
KRTAP3-1,26978,0.0013478359580235057,0.0035246773812356116
KRT19,27023,0.8988435095927655,7.457488270182145
EIF1,27030,12.75819909092225,25.929637986692626
HCRT,27050,0.037446310338645976,0.24345426378494894
RAMP2,27074,0.3465161970827737,0.6224061356105709
RPL27,27089,9.975442792647065,18.29845069959042
ARL4D,27099,0.21614092831553985,0.4578245940367828
MIR2117,27100,8.479422714683093e-06,1.4279461597141644e-05
ETV4,27102,0.10527872263848904,0.2096746857155717
MEOX1,27104,0.07091651662307283,0.20082618163137747
SOST,27106,0.0059686074070172705,0.03801113866205793
RP5-905N1.2,27109,1.905743817345594e-05,2.9454888144891635e-05
PYY,27118,0.0009472384169432078,0.002835849235184935
RUNDC3A,27137,0.44307981756704556,0.6990466946673025
C1QL1,27162,1.0023796043165694,5.6597417806136185
MAPT,27191,1.058640866690626,3.5296677801125016
RPRML,27208,0.2494217479737561,0.7274324398996914
MYL4,27211,0.0024858283560563947,0.014067402200622654
LRRC46,27225,0.2652274105119215,0.8459089685654063
AC090627.1,27245,0.03368044821272605,0.057113865382502814
HOXB1,27247,4.313394332235672e-05,8.068181428082064e-05
HOXB2,27248,0.024752830382325636,0.05782569673702371
HOXB4,27253,0.005703136223816228,0.01206030233835768
HOXB5,27254,0.015385016327255417,0.09586466923079029
HOXB6,27255,0.0016580609061428778,0.004980034621459748
HOXB7,27256,0.003019560705192207,0.004618582288836435
HOXB8,27257,0.005456176393747002,0.028704570355428536
TAC4,27299,0.21190303227964377,0.6152234607423912
COL1A1,27316,0.12371660047063388,0.6659714091901942
RP11-700H6.4,27345,8.752476640160853e-06,1.5213920962124143e-05
NME1,27350,1.8396707011443485,2.8598163485696553
CA10,27360,0.0723431832825153,0.14332938414691898
CA4,27448,0.009086129761425987,0.039470233527330825
DDX5,27518,7.397668143743611,12.406874609469085
KPNA2,27552,1.677496293605017,10.911205575774055
ABCA8,27566,0.13037569779366434,0.3609352700916131
AC004562.1,27576,0.0003005598719392861,0.00046387748284509704
KCNJ16,27579,0.19347994371999322,0.45024858359423664
RP11-171G2.1,27597,1.0749969491257484e-05,2.2950582365107356e-05
SSTR2,27598,0.12077055311105284,0.4574446885026461
BTBD17,27624,0.26740039219604805,0.5931676444860902
HN1,27656,6.093890415802287,29.110577792145733
SUMO2,27658,7.211654832191806,11.01986330575194
SMIM6,27675,0.015831111204356405,0.05110675701401162
GALR2,27700,0.03786787421396457,0.0590701671787929
FOXJ1,27702,0.995352866838693,5.539611728121727
TK1,27745,0.08009725171126719,0.1421195906364639
BIRC5,27747,0.3091313981781074,1.2297939809890968
LGALS3BP,27766,0.9809004071369857,1.7454784877095937
RBFOX3,27771,0.09662011475225256,0.1596756953596748
PPP1R27,27843,0.0014223924288861893,0.0051314435751977
P4HB,27844,2.3723807702850186,4.3440045949806825
RAC3,27867,0.6557271962593183,1.1045051937889414
COLEC12,27922,0.1671986019194008,0.29338692939956135
TYMS,27928,0.3840757455825374,1.2575838057846722
ADCYAP1,27936,0.40499905112630036,1.0294573485078755
CTD-2015H3.1,27943,0.00020115368381883844,0.00030924537054511747
NDC80,27946,0.0890711354015823,0.16966123491069143
MYL12A,27957,1.7679620016232296,2.89370743986873
TGIF1,27962,0.880350966386829,1.8164772179802429
RP11-674N23.1,28009,0.00806272415294128,0.013778571843344273
TUBB6,28063,0.1694459709781248,0.2718226795769611
RP11-691H4.4,28085,2.6503284636781816e-05,4.998276450093474e-05
RP11-296E23.1,28114,1.576167806125319e-05,2.596349593777831e-05
AQP4,28173,0.006962730368569255,0.018101514164900627
CHST9,28174,0.08489158842003132,0.1294398975454682
CDH2,28179,1.715447595481172,3.208409284155665
TTR,28199,29.4750793912795,11920.95783315502
RP11-386P4.1,28214,7.782237358000487e-06,1.2027854889163227e-05
RP11-379L18.1,28223,2.8990609878822664e-05,4.592378162240382e-05
CELF4,28249,0.9911233620188846,3.654533175010666
RP11-797E24.3,28251,1.5024376519614075e-05,2.418184993597564e-05
RIT2,28259,0.030430141631852505,0.09605722971886038
SYT4,28260,1.666388209254202,8.610831177214333
CTD-2130O13.1,28291,0.00031296593794255415,0.0007764486228544551
CCDC11,28316,0.22689877067037048,0.4762211907070884
ONECUT2,28365,0.5689360221723613,1.6034058932208735
SEC11C,28389,2.599116223255107,13.18273429178888
GRP,28390,0.035617981205964926,0.4383096528759117
PMAIP1,28400,0.15515186628414981,0.326790084040265
RNF152,28412,0.1389968336325094,0.3558890613575607
SERPINB7,28431,7.807726558747324e-05,0.0001809934604444491
CBLN2,28479,0.17960030652451003,0.5414927463562834
CYB5A,28488,0.5197700880304212,1.0388213904390944
RP11-94B19.1,28506,7.782237358000487e-06,1.2027854889163227e-05
TRIB3,28571,0.11114085542407225,0.25075306138598125
RP5-850E9.3,28577,7.732868393861472e-06,1.1875734323062964e-05
PDYN,28603,0.033466645303588546,0.06200765473656699
SNRPB,28608,1.812071098958307,2.782517181325073
GNRH2,28623,0.07670229488179975,1.084280741155129
OXT,28625,0.03381756083707112,12.562109123437152
AVP,28626,0.003133628255663649,0.18153190145388
SPEF1,28641,0.21362504141764613,0.32768862098964724
PCNA,28661,0.5380493239664579,1.2055991405855286
CHGB,28672,1.061260039857711,5.498731848321247
PAK7,28693,0.14432029008244704,0.22118993490553798
SNAP25,28700,1.018757478090493,2.966315325893233
OTOR,28736,0.003173922205025816,0.013365347527015736
PCSK2,28738,0.8954936312710535,2.938927692690287
DSTN,28740,3.4763414321459862,6.138237890019601
INSM1,28777,0.1549640750231463,0.2840360901489965
LINC00261,28795,0.20224157465111028,0.3679248987461552
FOXA2,28796,0.39737438418357507,0.6816036264675931
RP4-788L20.3,28797,1.3945988965637972e-05,2.28848759316056e-05
NAPB,28810,0.335660390107513,0.6527172927191464
CST3,28817,3.6171495342341555,7.967219242319464
SYNDIG1,28829,0.02619935864519285,0.044540472285537515
VSX1,28835,0.00137275284361534,0.005161258512519256
ID1,28867,3.178280278556314,19.37504473051825
TPX2,28872,0.16660561931983758,0.5082485247401558
BPIFA2,28904,0.00011925292482306518,0.0002854859769303792
BPIFA1,28908,0.0006802977927672858,0.0014932330005762333
CHMP4B,28923,1.6715813738192407,3.004808099963474
RP5-1125A11.4,28926,8.177756302791334e-06,1.328151342048722e-05
MAP1LC3A,28934,2.585734075089627,5.829639736158342
MYL9,28979,0.2245901049213762,0.9878455561016651
GHRH,28994,0.01341069912916584,0.06967404755872095
BLCAP,28997,1.0499561301420626,2.8133239580130898
NNAT,28998,9.706559473359903,615.9756409145092
VSTM2L,29002,0.2089227301099118,0.37226055432376504
SLC32A1,29015,0.022251631704452577,0.037045894142298336
FAM83D,29018,0.05741275694368337,0.08909421147998636
MAFB,29026,0.07046801731751295,0.11021831989095679
TOX2,29048,0.09047663712847147,0.15268609776356426
GDAP1L1,29052,0.7332983403477639,1.4154839608698548
YWHAB,29072,3.0886169851863787,5.427232365924212
WFDC5,29078,0.00012201913079546974,0.00026040422607827437
PI3,29080,0.0004037636230270679,0.0008842217277830288
SEMG2,29082,0.0003421801530251395,0.0005612330838343675
SDC4,29086,0.2703402890499316,0.5010390985804399
WFDC2,29095,1.1965855406616155,9.11672554791402
UBE2C,29110,0.793288490245124,13.937663959415113
TNNC2,29111,0.005663744594795576,0.04395020149347452
PLTP,29120,2.108368071279695,12.142840617453245
RP11-323C15.2,29139,7.76871023301463e-06,1.1986078036201231e-05
SULF2,29145,0.7317611546281867,1.1177073851899302
ZFAS1,29160,3.2697627423357636,5.688515554004383
DOK5,29216,0.14846991976945137,0.239015691383631
CBLN4,29219,0.00023460957291038603,0.0004450978700402404
AURKA,29223,0.11818224864150317,0.2887053576849653
TFAP2C,29231,0.023076206184437262,0.07436861042717001
PCK1,29244,0.0005767029597469556,0.0009079458139054415
C20orf85,29250,0.5314210186632448,5.436027088096826
GNAS,29265,4.395581742727882,24.18444606892921
ATP5E,29270,9.568207266076204,17.44534943677148
EDN3,29273,0.006884684730199525,0.012773909709702167
PHACTR3,29277,0.16271689117722216,0.2855473000839791
NKAIN4,29339,0.4843282557879083,0.9069105654075912
EEF1A2,29346,0.10471087081527866,0.16172232126806008
PPDPF,29348,13.130693851931763,32.05921790521532
PPAP2C,29393,0.10344135364078762,0.17546972002707772
BSG,29407,6.580044235599896,14.588875683037877
CIRBP,29451,9.697386460478548,18.57120446901439
RPS15,29462,19.44056558438779,61.51952831340424
ONECUT3,29479,0.2410270228431472,0.6488106098316817
AES,29532,1.143532183895883,1.8714575914218956
CELF5,29540,0.35513381558100476,0.5918308922498763
ATCAY,29564,0.22224330591412714,0.34558391709784575
EEF2,29567,12.046172173572891,29.372712195875664
SHD,29577,0.1794104866077273,0.278112104201234
MIR7-3HG,29604,0.9527518527254395,9.901996698944497
PTPRS,29613,1.3297156173350555,6.268484927711749
RPL36,29619,13.08188585798284,29.80018165389862
CTB-54O9.9,29625,8.881957324935188e-06,1.566738829282607e-05
CAPS,29638,0.1706187448438153,1.431139959873129
TUBB4A,29660,0.3133672898369407,0.6382455356577634
CTD-2396E7.9,29662,3.2283875297098727e-05,5.3741079977409053e-05
MBD3L2,29678,3.912251420405478e-05,8.99295627147605e-05
INSR,29682,0.5307420886395257,1.0947567600628347
CTB-133G6.1,29683,2.183836260743295e-05,3.4441364227311e-05
CTD-2207O23.10,29693,1.8078316463378433e-05,2.762371667126442e-05
RPS28,29733,11.952090163663577,23.16436937359066
CDKN2D,29818,0.7133898777711812,1.45995650858594
AP1M2,29819,0.15780765452140458,0.2556019963946906
SPC24,29834,0.06329406615043714,0.10439566605590272
TMEM205,29841,1.209297054133901,2.197025110830272
DKFZP761J1410,29843,0.3681678094127799,0.6148848895629889
ELAVL3,29850,0.8766027788206631,2.3170257190229004
CNN1,29854,0.01859002893636987,0.042516340042526045
JUNB,29914,0.21433982403691162,0.38672814987840626
PRDX2,29915,8.593190569203454,14.22044960961179
RNASEH2A,29917,0.39466869396447685,0.7827904559753448
CALR,29928,3.3622598622284756,8.986765716998924
IER2,29942,0.8407367064353434,1.3537785045627668
ASF1B,29968,0.10001185803238576,0.17830489341992112
BST2,30081,0.05718626809793293,0.1391327985899165
RPL18A,30104,18.20684838885504,53.76724963256851
RAB3A,30116,1.2748445640930182,4.301831631975522
GDF15,30123,0.2048795420032463,2.9886767554317717
ISYNA1,30126,2.024379086396846,3.620395952082297
UBA52,30135,7.705232072959729,12.678176700810582
TMEM59L,30138,0.7902098101021332,1.537117087327168
CTD-2291D10.2,30235,9.467259384277358e-06,1.7800319926760264e-05
AC011524.2,30271,8.70512510001356e-06,1.5049749934817814e-05
VSTM2B,30279,0.043238899660867025,0.07508403873238324
CTC-439O9.3,30293,2.3873482426796512e-05,4.5085602342818635e-05
CHST8,30340,0.1585840282487917,0.3062448485239979
FXYD3,30374,0.04349726968808928,0.07337481544726394
FXYD1,30376,0.10053795922226955,0.17313651062764168
FXYD7,30377,0.416181315867973,1.1072549551198014
PSENEN,30413,2.0643521747121114,11.455499747774976
APLP1,30426,3.410971488727713,12.87074942434334
OVOL3,30440,0.048834444457903935,0.12396826710632006
TBCB,30442,3.5061329881426833,5.446541923206633
COX7A1,30445,0.03877981022848084,0.07179613219864078
SPINT2,30507,3.322616339969965,12.889580553273978
PPP1R14A,30508,0.02132537239976669,0.033949504375141396
IFNL1,30559,2.4101990358017283e-05,8.667663692500319e-05
RPS16,30569,9.950105912734578,22.660280562331963
DLL3,30573,1.1837732281055986,4.058094985088045
AC093063.3,30580,8.584375581375375e-06,1.4635132676404634e-05
LGALS14,30581,0.0007784763801895056,0.0013400177828361965
TTC9B,30594,0.44167705172879607,1.0998087725938417
PLD3,30598,5.541582815151359,11.771426072551417
CEACAM6,30649,0.02217394405229786,0.07919265002525878
ATP1A3,30659,0.8045660006983223,2.3968488211870587
POU2F2,30663,0.537529078403432,1.9029566154510662
CTC-378H22.2,30665,0.20222722285649838,0.45489762608926904
PAFAH1B3,30673,2.9257486931633654,9.22670681620144
CXCL17,30680,0.021260333099273804,0.03660077442022577
ZNF428,30709,4.807820273122996,10.262780165250124
BCAM,30754,0.8156384598744782,2.44499293078783
APOE,30758,0.4468999411257724,2.1443140315509504
APOC2,30762,8.30265891771001e-06,1.369032153546804e-05
GPR4,30793,0.011934646967629635,0.019827885202043965
AC007193.6,30819,7.712113716871943e-06,1.1812072641666142e-05
CALM3,30837,3.553739354047185,7.5070247510257655
GNG8,30840,0.04022660755484369,0.11740788451940776
ELSPBP1,30880,7.918180702367707e-05,0.0002430087971212296
EMP3,30894,0.08444828871658422,0.13747804153954593
RPL18,30911,15.356298833779789,38.4156735818959
PPP1R15A,30926,0.8096891663435732,1.2563669525436647
FTL,30933,20.626537866752937,212.58199536927356
RUVBL2,30935,1.066030484311981,2.2709926319170766
PTH2,30963,0.009704495797337913,0.04511777684851264
RPS11,30971,9.974345429088977,20.579706021671242
ATF5,31003,0.20644685883910296,0.9940518165553537
CTD-2545M3.8,31023,0.0021540772868607573,0.0032963430941269486
KLK11,31054,0.03355354804913347,0.057270704464207206
KLK12,31055,0.21986575760530852,1.0828423680909263
ETFB,31072,1.7431090340211026,4.212283733377372
BIRC8,31154,1.144744761751818e-05,1.911797383295907e-05
RPS9,31188,14.65062835235598,40.54292544289254
EPS8L1,31231,0.3731304183702499,0.7177718352897532
TNNT1,31233,0.10233761046582367,0.17489352712499276
DNAAF3,31236,0.14498604398534348,0.22865159293372156
SYT5,31238,0.7220033147983426,1.4626644841269238
HSPBP1,31244,0.9616733946534132,1.5430777264447175
IL11,31253,0.004633831171474887,0.008860550110630198
TMEM190,31254,0.14383268802185348,0.4673418115142133
RPL28,31257,13.933487498961485,38.79140391851061
UBE2S,31259,0.998424211736094,2.3761194861601327
ZSCAN5C,31297,2.5116284333768994e-05,4.130473470977805e-05
PEG3,31322,0.03428541709593768,0.07186332333844095
ZSCAN4,31360,0.0001348225274334908,0.0007556884839421865
RPS5,31398,11.8892295749392,26.230579898581453
RPS4Y1,31420,1.5836845666590142,7.772524462821798
ZFY-AS1,31422,7.956167397560621e-06,1.2571498997570452e-05
DGCR6,31573,0.4400632995429986,1.2847936137576332
CLDN5,31594,0.21621061130468958,1.2107217648405204
RANBP1,31610,3.271900287235777,8.530873341303707
SDF2L1,31665,0.5272285115338826,0.9404287620875469
PRAME,31678,0.04812295346786342,0.13577694511795424
AP000345.2,31691,8.852637149474403e-06,1.5564120234041648e-05
C22orf15,31699,0.21985243996108245,0.5808389408939203
CHCHD10,31700,0.45962607315122406,0.7490709703010487
MMP11,31701,0.12558403604625487,0.23166535557186826
SUSD2,31719,0.017036545782708544,0.0319295241782935
SEZ6L,31751,0.31151399215736736,0.5187619685133722
MIAT,31762,1.9516155792974985,6.247867398130613
XBP1,31786,3.1209074369747634,16.609329010748297
RFPL1,31801,0.0007787860790821642,0.0022268972776433357
YWHAH,31868,2.8853372062184355,8.764544597604235
C22orf42,31873,0.20257082324059925,0.3723518111377707
TIMP3,31891,0.0924256730087214,0.1565907754838606
HMOX1,31909,0.007646525883537645,0.015303290813680514
MB,31913,0.1501672263892176,0.33267134085298766
RBFOX2,31918,1.380364546487052,2.968477925546526
MFNG,31954,0.13152354141290593,0.24009599945697624
LGALS1,31963,0.2177910722995144,1.4554149729858088
H1F0,31966,0.9409838495077757,2.250141578106914
SOX10,31975,6.508188923772806e-05,0.00010933075436058693
CBX6,32008,0.9174890836990688,1.8800609833306714
ATF4,32028,1.2710961171441106,2.0158346088367276
TNRC6B,32035,1.074721867696962,1.9485848356199305
SEPT3,32077,0.2066621987600138,0.3189647007761911
BIK,32103,0.1796257778175427,0.7622983156034864
TSPO,32105,0.15596983329419564,0.2415372654208548
RIBC2,32140,0.12313575200470651,0.2798355795028544
FBLN1,32142,0.31693488186190527,0.6926982210335835
GTSE1,32158,0.10618538410188054,0.22430302648548472
ODF3B,32216,0.4112395992069015,1.4465649774862992
AF165138.7,32248,0.004319628639360832,0.009798606772527143
CXADR,32269,3.43605737957324,11.21361681805604
BTG3,32270,0.8556289661711012,3.3172542138079275
CHODL,32276,0.0493656923514948,0.1438652492760649
AP000472.2,32296,9.735787836381837e-06,1.5972467061671374e-05
AP000459.4,32301,0.00015806460432055234,0.00029081609600069936
AP000459.7,32302,0.0006158379872619166,0.002096463520610937
AP000477.3,32305,2.449156507496224e-05,4.012079644825004e-05
APP,32324,3.018390423237106,5.3878133676808435
GRIK1,32355,0.04655133520794363,0.07255794871667402
KRTAP13-4,32371,3.710746688305338e-05,0.00013955039402006612
MRAP,32408,0.0023275321891569885,0.0035927520678515706
C21orf59,32416,1.1193968472059714,2.0623066376741592
C21orf62,32421,0.33467981885338727,0.5136895813817357
OLIG2,32425,0.008022549074330391,0.012468918803831613
MRPS6,32451,1.9245414324567538,3.9853028714178214
TTC3,32495,4.41174970087638,12.088872104976641
KCNJ6,32504,0.29749918121104785,0.5976619429269491
ETS2,32513,0.6052865157991085,1.3887349489164162
WRB,32527,1.888489992379507,2.9005821181452167
PCP4,32534,0.4956490862322178,3.7472408082821724
FAM3B,32541,0.08346177486247748,0.15302544375537583
MX1,32543,0.008606892866280172,0.03255620464270348
ZNF295-AS1,32557,0.060569767562982456,0.44950930676839074
TFF3,32561,8.714540653275915,510.2232613560763
TFF1,32563,0.07300280719369293,1.3459630542682484
RSPH1,32566,1.3710354982910145,13.647039441742226
CRYAA,32584,0.009682817952892126,0.01963906735741398
CSTB,32595,2.443071295430285,3.86507034239098
COL18A1,32664,0.3732059765014283,0.5852204728518358
C21orf58,32691,0.17004825094308124,0.29852174930990627
S100B,32694,0.05558656629724041,0.08504679885134192
MT-ND1,32696,6.168334511627585,18.26530973516467
MT-ND2,32697,11.035587705531443,41.453124047299426
MT-ATP6,32701,9.625633887165725,29.571784054678957
MT-ND3,32703,5.517490402002633,11.946537538995756
MT-ND4,32705,17.40256760099395,72.03687887753864
MT-ND5,32706,2.588695488418047,4.500234638925215
MT-CYB,32708,19.408396145097456,81.83366048734581
