model,k,param_str,roc_auc_mean,roc_auc_std,pr_auc_mean,pr_auc_std,balanced_accuracy_mean,balanced_accuracy_std,sensitivity_mean,sensitivity_std,specificity_mean,specificity_std,f1_mean,f1_std,brier_mean,brier_std,scheme,pool_correction,tuning,n_outer_folds,selection_distribution,fold_features,label_variant
logistic_l1,0,C=0.01,0.499344262295082,0.0040304019485433,0.4479312579092014,0.0025408862439615,0.499672131147541,0.003071796573236,0.3393442622950819,0.1922767496933334,0.6599999999999999,0.1897366596101027,0.3536355248948952,0.1551247494951891,0.2498974967905375,0.0010005869524153,plain,False,flat,,,fold_features_D30_qualonly_da_untreated.csv,da_untreated
logistic_l1,0,C=0.1,0.9558688524590164,0.0015264073103128,0.9426021622585958,0.0022927524362299,0.8726338797814208,0.0064406118871953,0.8639344262295081,0.0134962721696486,0.8813333333333333,0.0042163702135578,0.8596641535334679,0.0072783077972653,0.0923268876918494,0.0004501511232695,plain,False,flat,,,fold_features_D30_qualonly_da_untreated.csv,da_untreated
logistic_l1,0,C=1.0,0.9495300546448088,0.0043428930951113,0.934975964623112,0.0043759957528157,0.888360655737705,0.0072544399541323,0.8967213114754099,0.0110647304542713,0.8800000000000001,0.006285393610547,0.877288888888889,0.0078642678001859,0.0858412031952684,0.0033837205684158,plain,False,flat,,,fold_features_D30_qualonly_da_untreated.csv,da_untreated
logistic_l1,0,C=10.0,0.9480655737704918,0.0057951672014954,0.9274607570909827,0.007681557902769,0.8875409836065573,0.0107045571062794,0.8950819672131148,0.0192424227996273,0.8800000000000001,0.006285393610547,0.876328514207164,0.0116358193134184,0.084873526159859,0.0050885137077864,plain,False,flat,,,fold_features_D30_qualonly_da_untreated.csv,da_untreated
logistic_l1,0,C=100.0,0.9460765027322404,0.00648905921451,0.923529312927795,0.0092810605437135,0.8873879781420765,0.0087610927398468,0.8934426229508198,0.0177069417989285,0.8813333333333333,0.0042163702135578,0.8761339277908908,0.0096542394496555,0.0859985684809416,0.0055283067222402,plain,False,flat,,,fold_features_D30_qualonly_da_untreated.csv,da_untreated
logistic_l1,1,C=0.01,0.499344262295082,0.0040304019485433,0.4479312579092014,0.0025408862439615,0.499672131147541,0.003071796573236,0.3393442622950819,0.1922767496933334,0.6599999999999999,0.1897366596101027,0.3536355248948952,0.1551247494951891,0.2498955978596321,0.0010000980931057,plain,False,flat,,,fold_features_D30_qualonly_da_untreated.csv,da_untreated
logistic_l1,1,C=0.1,0.9558688524590164,0.0015264073103128,0.9426021622585958,0.0022927524362299,0.8726338797814208,0.0064406118871953,0.8639344262295081,0.0134962721696486,0.8813333333333333,0.0042163702135578,0.8596641535334679,0.0072783077972653,0.0923267276700472,0.0004499714647458,plain,False,flat,,,fold_features_D30_qualonly_da_untreated.csv,da_untreated
logistic_l1,1,C=1.0,0.9494426229508196,0.004342404126934,0.9348238956403352,0.0043271849714044,0.888360655737705,0.0072544399541323,0.8967213114754099,0.0110647304542713,0.8800000000000001,0.006285393610547,0.877288888888889,0.0078642678001859,0.0859513336117626,0.0034960370369879,plain,False,flat,,,fold_features_D30_qualonly_da_untreated.csv,da_untreated
logistic_l1,1,C=10.0,0.9462295081967212,0.0065977305195901,0.9198636042736612,0.0088994909439772,0.8898469945355192,0.0156296847748473,0.898360655737705,0.0276483292692317,0.8813333333333333,0.0075686161626339,0.8787467763889281,0.0169578588229516,0.0859488035071665,0.0061149230732039,plain,False,flat,,,fold_features_D30_qualonly_da_untreated.csv,da_untreated
logistic_l1,1,C=100.0,0.9442404371584698,0.0076140699454694,0.9125773143112073,0.0124993451194608,0.8905136612021858,0.010690389378702,0.898360655737705,0.0201520097427167,0.8826666666666666,0.0056218269514104,0.8795260424862313,0.0117354567212569,0.0869560952210407,0.0068280806360664,plain,False,flat,,,fold_features_D30_qualonly_da_untreated.csv,da_untreated
logistic_l1,2,C=0.01,0.499344262295082,0.0040304019485433,0.4479312579092014,0.0025408862439615,0.499672131147541,0.003071796573236,0.3393442622950819,0.1922767496933334,0.6599999999999999,0.1897366596101027,0.3536355248948952,0.1551247494951891,0.2498955862943167,0.0009998649563485,plain,False,flat,,,fold_features_D30_qualonly_da_untreated.csv,da_untreated
logistic_l1,2,C=0.1,0.9558688524590164,0.0015264073103128,0.9426021622585958,0.0022927524362299,0.8726338797814208,0.0064406118871953,0.8639344262295081,0.0134962721696486,0.8813333333333333,0.0042163702135578,0.8596641535334679,0.0072783077972653,0.0923267330678674,0.0004499448143513,plain,False,flat,,,fold_features_D30_qualonly_da_untreated.csv,da_untreated
logistic_l1,2,C=1.0,0.9493989071038252,0.0043291811101993,0.9347551907825478,0.0043198771596915,0.888360655737705,0.0072544399541323,0.8967213114754099,0.0110647304542713,0.8800000000000001,0.006285393610547,0.877288888888889,0.0078642678001859,0.0859842540464524,0.0034916548859871,plain,False,flat,,,fold_features_D30_qualonly_da_untreated.csv,da_untreated
logistic_l1,2,C=10.0,0.944415300546448,0.0067165857777993,0.9159985112576206,0.0093559348918072,0.8896939890710384,0.011635116146852,0.8967213114754099,0.0219261231122829,0.8826666666666666,0.0056218269514104,0.8786075591268869,0.0128673507216718,0.0868173729111357,0.0062234814503262,plain,False,flat,,,fold_features_D30_qualonly_da_untreated.csv,da_untreated
logistic_l1,2,C=100.0,0.9415300546448088,0.0079888642175566,0.904556548529838,0.0143272770748516,0.8870819672131148,0.0132021777504328,0.8901639344262294,0.025688872729056,0.884,0.0089993141028073,0.8756659146665295,0.0146622301151797,0.0884955443038085,0.0064426325590661,plain,False,flat,,,fold_features_D30_qualonly_da_untreated.csv,da_untreated
logistic_l1,3,C=0.01,0.499672131147541,0.0044928535062501,0.4483375456105711,0.0031203190748128,0.4998360655737704,0.0029376349848558,0.319672131147541,0.1961512688065308,0.68,0.1932183566158591,0.3391691217328398,0.1552638502693628,0.2498604956730687,0.00097289881221,plain,False,flat,,,fold_features_D30_qualonly_da_untreated.csv,da_untreated
logistic_l1,3,C=0.1,0.9558688524590164,0.0015264073103128,0.9426021622585958,0.0022927524362299,0.8726338797814208,0.0064406118871953,0.8639344262295081,0.0134962721696486,0.8813333333333333,0.0042163702135578,0.8596641535334679,0.0072783077972653,0.0923279402776155,0.00044993395916,plain,False,flat,,,fold_features_D30_qualonly_da_untreated.csv,da_untreated
logistic_l1,3,C=1.0,0.949967213114754,0.0042862961319854,0.935641620364148,0.0041823768938858,0.8875409836065573,0.0083544428900395,0.8950819672131148,0.0138241646346158,0.8800000000000001,0.006285393610547,0.8763709764839585,0.0091195531251203,0.0863129266813329,0.0036949635529936,plain,False,flat,,,fold_features_D30_qualonly_da_untreated.csv,da_untreated
logistic_l1,3,C=10.0,0.9426010928961748,0.006566437779784,0.914814809054606,0.0074040442538752,0.8882076502732239,0.011444599689267,0.8950819672131148,0.0176224213077564,0.8813333333333333,0.0098381971649682,0.8770645386085197,0.0124638105287825,0.0883213962865852,0.0052025416693495,plain,False,flat,,,fold_features_D30_qualonly_da_untreated.csv,da_untreated
logistic_l1,3,C=100.0,0.936087431693989,0.0080556654725244,0.8987603923266633,0.011762113003198,0.8850819672131147,0.0128264454284933,0.8901639344262294,0.02051910749237,0.8800000000000001,0.0153960071783899,0.8736575598536828,0.0139635931090859,0.0919358626668893,0.0047882746502595,plain,False,flat,,,fold_features_D30_qualonly_da_untreated.csv,da_untreated
logistic_l1,4,C=0.01,0.5,0.0046367657782724,0.4485417063705095,0.003140301679187,0.4998360655737704,0.0029376349848558,0.319672131147541,0.1961512688065308,0.68,0.1932183566158591,0.3391691217328398,0.1552638502693628,0.2498532956488946,0.0009664070210728,plain,False,flat,,,fold_features_D30_qualonly_da_untreated.csv,da_untreated
logistic_l1,4,C=0.1,0.9558469945355192,0.0015178627800364,0.9425839540661232,0.0022908572482201,0.8726338797814208,0.0064406118871953,0.8639344262295081,0.0134962721696486,0.8813333333333333,0.0042163702135578,0.8596641535334679,0.0072783077972653,0.0923278882607213,0.0004500003234647,plain,False,flat,,,fold_features_D30_qualonly_da_untreated.csv,da_untreated
logistic_l1,4,C=1.0,0.9496612021857924,0.0052104142726955,0.9339077112752554,0.0054406115699989,0.8890273224043715,0.0125245880446862,0.8967213114754099,0.0190082263725968,0.8813333333333333,0.0075686161626339,0.8779451700323454,0.0136491653159538,0.0866792679112089,0.004331514625148,plain,False,flat,,,fold_features_D30_qualonly_da_untreated.csv,da_untreated
logistic_l1,4,C=10.0,0.9421420765027324,0.0062063930587648,0.912653927030483,0.0079973352891438,0.8863606557377051,0.0075922511307248,0.8967213114754099,0.0155521852139428,0.876,0.0089993141028073,0.8751614726636167,0.0082670528836376,0.0902435445247952,0.005011866506862,plain,False,flat,,,fold_features_D30_qualonly_da_untreated.csv,da_untreated
logistic_l1,4,C=100.0,0.9343606557377048,0.0067779537569385,0.896398886892549,0.0103695414664358,0.882568306010929,0.0127128511312995,0.8918032786885245,0.0207362469519238,0.8733333333333334,0.0129576708774339,0.8710422415235074,0.0138356117534548,0.0963777213046113,0.0040927524163098,plain,False,flat,,,fold_features_D30_qualonly_da_untreated.csv,da_untreated
logistic_l1,5,C=0.01,0.499672131147541,0.0042186358613374,0.4481354186691398,0.0026010642657074,0.5004918032786885,0.0032832391007212,0.3409836065573771,0.1928582448505278,0.6599999999999999,0.1897366596101027,0.3549998427359747,0.1558062817113794,0.249818452258577,0.0009338393433926,plain,False,flat,,,fold_features_D30_qualonly_da_untreated.csv,da_untreated
logistic_l1,5,C=0.1,0.9558032786885244,0.0021111731887127,0.942408718280184,0.003118494135557,0.8741202185792349,0.0073866990338521,0.8655737704918032,0.0129313219302723,0.8826666666666666,0.0056218269514104,0.8613052175379737,0.0082506276793147,0.0923112424674369,0.0006583341510617,plain,False,flat,,,fold_features_D30_qualonly_da_untreated.csv,da_untreated
logistic_l1,5,C=1.0,0.9522841530054644,0.0049373431863054,0.9344846726047484,0.0081369775145455,0.8915956284153005,0.0119166840592069,0.8885245901639344,0.0169310747375187,0.8946666666666667,0.0098381971649682,0.8805482108231976,0.0131371434439632,0.0841370465144977,0.0051088864458163,plain,False,flat,,,fold_features_D30_qualonly_da_untreated.csv,da_untreated
logistic_l1,5,C=10.0,0.9437158469945356,0.0055318254578551,0.905692245379664,0.0106765106968719,0.8923606557377048,0.0118544898623846,0.8967213114754099,0.0244989199688086,0.8879999999999999,0.0128812237743905,0.8814414064934342,0.0130963110173142,0.0862503058931235,0.0059156587225077,plain,False,flat,,,fold_features_D30_qualonly_da_untreated.csv,da_untreated
logistic_l1,5,C=100.0,0.935103825136612,0.0070553293053499,0.8881675382103941,0.0099403280417905,0.886415300546448,0.0128706332228862,0.8901639344262294,0.0219261231122829,0.8826666666666666,0.0175541490294502,0.8750657877636587,0.0139785091422245,0.0920615850186566,0.0066852509810141,plain,False,flat,,,fold_features_D30_qualonly_da_untreated.csv,da_untreated
logistic_l1,6,C=0.01,0.499672131147541,0.0042186358613374,0.4481354186691398,0.0026010642657074,0.5004918032786885,0.0032832391007212,0.3409836065573771,0.1928582448505278,0.6599999999999999,0.1897366596101027,0.3549998427359747,0.1558062817113794,0.2498103622777582,0.0009265898581888,plain,False,flat,,,fold_features_D30_qualonly_da_untreated.csv,da_untreated
logistic_l1,6,C=0.1,0.9558032786885244,0.0021111731887127,0.942408718280184,0.003118494135557,0.8741202185792349,0.0073866990338521,0.8655737704918032,0.0129313219302723,0.8826666666666666,0.0056218269514104,0.8613052175379737,0.0082506276793147,0.0923118761381319,0.0006585289408695,plain,False,flat,,,fold_features_D30_qualonly_da_untreated.csv,da_untreated
logistic_l1,6,C=1.0,0.9537704918032788,0.003533885409917,0.9348639281515484,0.0055084540567238,0.8968196721311475,0.0125418744797488,0.9016393442622952,0.0172802057932698,0.892,0.0116746004769454,0.8863552058746395,0.0136277135427009,0.0824718030680251,0.0038144779990004,plain,False,flat,,,fold_features_D30_qualonly_da_untreated.csv,da_untreated
logistic_l1,6,C=10.0,0.9439344262295082,0.0057455348892855,0.910515763771236,0.0085407869812962,0.8856502732240437,0.0140102156910191,0.8819672131147541,0.0215829701181765,0.8893333333333333,0.0199257882412976,0.8740833817880714,0.0153652167754102,0.0867591287358892,0.0055956652191178,plain,False,flat,,,fold_features_D30_qualonly_da_untreated.csv,da_untreated
logistic_l1,6,C=100.0,0.9348415300546448,0.0063671663839646,0.8952483626297566,0.0099374220046656,0.8821639344262294,0.0117894182038243,0.880327868852459,0.0190082263725968,0.884,0.014124665406285,0.8703081438187654,0.0129552554698447,0.094787563363705,0.0062157738182824,plain,False,flat,,,fold_features_D30_qualonly_da_untreated.csv,da_untreated
logistic_l1,7,C=0.01,0.5,0.0046367657782724,0.4485417063705095,0.003140301679187,0.500655737704918,0.0034732783785946,0.321311475409836,0.1716229813547855,0.6799999999999999,0.1686548085423136,0.3463550392635849,0.147991627918741,0.2497946080546955,0.0009075818410071,plain,False,flat,,,fold_features_D30_qualonly_da_untreated.csv,da_untreated
logistic_l1,7,C=0.1,0.9558032786885244,0.0021111731887127,0.942408718280184,0.003118494135557,0.8741202185792349,0.0073866990338521,0.8655737704918032,0.0129313219302723,0.8826666666666666,0.0056218269514104,0.8613052175379737,0.0082506276793147,0.0923127872823459,0.0006587130421726,plain,False,flat,,,fold_features_D30_qualonly_da_untreated.csv,da_untreated
logistic_l1,7,C=1.0,0.953639344262295,0.0032818442615084,0.9345234612191056,0.0054107157949785,0.8959999999999999,0.0121602892562432,0.9,0.0163021135411763,0.892,0.0116746004769454,0.8854648832939942,0.0132120833351401,0.0828194746102691,0.0037126530701674,plain,False,flat,,,fold_features_D30_qualonly_da_untreated.csv,da_untreated
logistic_l1,7,C=10.0,0.942535519125683,0.0072343893358786,0.908135308068044,0.0124294675171208,0.8915956284153005,0.0130048470972326,0.8885245901639344,0.0265463558502538,0.8946666666666667,0.0132590523468233,0.8804552395742433,0.0144054553714693,0.0863109848062361,0.0060882473799879,plain,False,flat,,,fold_features_D30_qualonly_da_untreated.csv,da_untreated
logistic_l1,7,C=100.0,0.9332021857923496,0.0084656627831987,0.8939818745874402,0.0144396850992391,0.8855956284153006,0.0138355648697806,0.8885245901639344,0.0229247835665607,0.8826666666666666,0.0175541490294501,0.8741506450773505,0.0150770694173192,0.0927023874615397,0.0072046261275461,plain,False,flat,,,fold_features_D30_qualonly_da_untreated.csv,da_untreated
logistic_l1,8,C=0.01,0.499672131147541,0.0042186358613374,0.4481354186691398,0.0026010642657074,0.500655737704918,0.0034732783785946,0.321311475409836,0.1716229813547855,0.6799999999999999,0.1686548085423136,0.3463550392635849,0.147991627918741,0.2497916529238791,0.0009034601963692,plain,False,flat,,,fold_features_D30_qualonly_da_untreated.csv,da_untreated
logistic_l1,8,C=0.1,0.9558907103825136,0.0021036161670083,0.9423771277418472,0.0031737548849249,0.8741202185792349,0.006513066235261,0.8655737704918032,0.0129313219302724,0.8826666666666666,0.0056218269514104,0.861303497795763,0.0073212046660777,0.0922794293577689,0.000678692211808,plain,False,flat,,,fold_features_D30_qualonly_da_untreated.csv,da_untreated
logistic_l1,8,C=1.0,0.9545136612021858,0.0048858964887782,0.936659900804326,0.0070249998578353,0.8956939890710383,0.00560125134907,0.8967213114754099,0.0079187851072073,0.8946666666666667,0.0098381971649682,0.8851251671374462,0.0060831729097333,0.082685177125437,0.0047781442779279,plain,False,flat,,,fold_features_D30_qualonly_da_untreated.csv,da_untreated
logistic_l1,8,C=10.0,0.9384699453551912,0.0077917357255387,0.9041484700668388,0.0116942260665796,0.883551912568306,0.0121684772198731,0.8737704918032787,0.0232481392198717,0.8933333333333333,0.0140545673785261,0.8715427418382365,0.013565212081441,0.0907205761793736,0.0068094535619359,plain,False,flat,,,fold_features_D30_qualonly_da_untreated.csv,da_untreated
logistic_l1,8,C=100.0,0.928896174863388,0.0087970712482379,0.8885657797504981,0.0143815102901498,0.8788852459016393,0.0143514094433071,0.8737704918032787,0.0232481392198717,0.884,0.0166888740937942,0.8666115848941681,0.0157263684699099,0.0968675432538871,0.0084978215618785,plain,False,flat,,,fold_features_D30_qualonly_da_untreated.csv,da_untreated
logistic_l1,9,C=0.01,0.499672131147541,0.0042186358613374,0.4481354186691398,0.0026010642657074,0.500655737704918,0.0034732783785946,0.321311475409836,0.1716229813547855,0.6799999999999999,0.1686548085423136,0.3463550392635849,0.147991627918741,0.2497908842601044,0.0009019803833742,plain,False,flat,,,fold_features_D30_qualonly_da_untreated.csv,da_untreated
logistic_l1,9,C=0.1,0.9558907103825136,0.0021036161670083,0.9423771277418472,0.0031737548849249,0.8741202185792349,0.006513066235261,0.8655737704918032,0.0129313219302724,0.8826666666666666,0.0056218269514104,0.861303497795763,0.0073212046660777,0.09227953117377,0.0006787434095649,plain,False,flat,,,fold_features_D30_qualonly_da_untreated.csv,da_untreated
logistic_l1,9,C=1.0,0.9540546448087432,0.0054764168367467,0.9374348205103836,0.0072723891098976,0.8897486338797813,0.010529783512575,0.8901639344262294,0.0134962721696486,0.8893333333333333,0.0109769680313141,0.8786357886952747,0.0114635899910662,0.0833279432063468,0.0051411036570616,plain,False,flat,,,fold_features_D30_qualonly_da_untreated.csv,da_untreated
logistic_l1,9,C=10.0,0.9369180327868852,0.0080259564779288,0.9038370911578546,0.0113649000948178,0.8825792349726775,0.0128883719820851,0.8704918032786886,0.0210931793066872,0.8946666666666667,0.0132590523468233,0.8704325567098318,0.0141991501988876,0.0940786572774946,0.007155878178474,plain,False,flat,,,fold_features_D30_qualonly_da_untreated.csv,da_untreated
logistic_l1,9,C=100.0,0.928415300546448,0.0088110600336052,0.8908191712483469,0.0132231991098178,0.8771475409836066,0.0118330876821878,0.862295081967213,0.0234400115732537,0.892,0.0132590523468233,0.8643267452466018,0.0131203043522881,0.0998496974859546,0.0078061635688683,plain,False,flat,,,fold_features_D30_qualonly_da_untreated.csv,da_untreated
logistic_l1,10,C=0.01,0.5,0.0046367657782724,0.4485417063705095,0.003140301679187,0.500655737704918,0.0034732783785946,0.321311475409836,0.1716229813547855,0.6799999999999999,0.1686548085423136,0.3463550392635849,0.147991627918741,0.2497901622865685,0.0009003323834575,plain,False,flat,,,fold_features_D30_qualonly_da_untreated.csv,da_untreated
logistic_l1,10,C=0.1,0.9558907103825136,0.0021036161670083,0.9423771277418472,0.0031737548849249,0.8741202185792349,0.006513066235261,0.8655737704918032,0.0129313219302724,0.8826666666666666,0.0056218269514104,0.861303497795763,0.0073212046660777,0.0922793902506982,0.0006785262726624,plain,False,flat,,,fold_features_D30_qualonly_da_untreated.csv,da_untreated
logistic_l1,10,C=1.0,0.9538142076502732,0.0051282599488215,0.9369800079993492,0.0067301414047822,0.8877486338797814,0.0093197055509476,0.8901639344262294,0.0134962721696486,0.8853333333333333,0.0112436539028208,0.8765067564372101,0.0101555440055419,0.083919269481396,0.0052484514661433,plain,False,flat,,,fold_features_D30_qualonly_da_untreated.csv,da_untreated
logistic_l1,10,C=10.0,0.9341857923497268,0.0075728233259838,0.9003791678275099,0.0107663455310091,0.87775956284153,0.0152243091573275,0.8688524590163935,0.0189295170226106,0.8866666666666667,0.0180534186769687,0.8653194429754979,0.0166288542636643,0.0979309250924556,0.007170141578152,plain,False,flat,,,fold_features_D30_qualonly_da_untreated.csv,da_untreated
logistic_l1,10,C=100.0,0.9243715846994536,0.0080687027759021,0.8863050985993519,0.0152148927472554,0.871967213114754,0.0123650575678981,0.8639344262295081,0.0219261231122829,0.8800000000000001,0.0166295883856619,0.8589582549034696,0.0136179730216244,0.1057276614686877,0.0080360346986733,plain,False,flat,,,fold_features_D30_qualonly_da_untreated.csv,da_untreated
logistic_l2,0,C=0.01,0.9367650273224044,0.0036049747222001,0.9209678279805348,0.0045825454011523,0.8578251366120219,0.0075504722823601,0.9409836065573772,0.0084655373687593,0.7746666666666666,0.0132590523468233,0.8485101423847794,0.0072635745391376,0.1591600745609697,0.0008222113833545,plain,False,flat,,,fold_features_D30_qualonly_da_untreated.csv,da_untreated
logistic_l2,0,C=0.1,0.9498360655737704,0.0018668310346548,0.9356333639088056,0.0018738725194477,0.8907103825136613,0.0097837100840809,0.9147540983606556,0.0129313219302723,0.8666666666666668,0.0108866210790363,0.8801230549306336,0.0103701868617295,0.0954761147013722,0.0015700131278264,plain,False,flat,,,fold_features_D30_qualonly_da_untreated.csv,da_untreated
logistic_l2,0,C=1.0,0.9511475409836068,0.0039063288704583,0.9366464914402016,0.0040547501192013,0.8853879781420766,0.0058458425117298,0.8934426229508198,0.0086401028966349,0.8773333333333333,0.0105174751699548,0.8741097048942839,0.0062520796189051,0.0849641039740374,0.0032686789634125,plain,False,flat,,,fold_features_D30_qualonly_da_untreated.csv,da_untreated
logistic_l2,0,C=10.0,0.9493770491803278,0.0058562195638711,0.9315724476782372,0.0062053742953373,0.8842622950819672,0.0065057673548336,0.8885245901639344,0.0150645341552898,0.8800000000000001,0.006285393610547,0.8727386747781626,0.0072245387774471,0.0859322017977284,0.0047744827779159,plain,False,flat,,,fold_features_D30_qualonly_da_untreated.csv,da_untreated
logistic_l2,0,C=100.0,0.946120218579235,0.0065834333559705,0.9242017698673765,0.0089087606454991,0.8865683060109288,0.0087877506393123,0.8918032786885245,0.0176224213077564,0.8813333333333333,0.0042163702135578,0.8752307019844391,0.0096748462379612,0.0862758988305015,0.0054763045270979,plain,False,flat,,,fold_features_D30_qualonly_da_untreated.csv,da_untreated
logistic_l2,1,C=0.01,0.9411584699453552,0.0020343401107807,0.9239739375178226,0.0023479317000434,0.876655737704918,0.0082460688191386,0.9213114754098362,0.0069120823173079,0.8320000000000001,0.0128812237743905,0.865981874211947,0.0084001776478851,0.1463946234014515,0.0007676625648958,plain,False,flat,,,fold_features_D30_qualonly_da_untreated.csv,da_untreated
logistic_l2,1,C=0.1,0.9468196721311476,0.0020966649695833,0.9310572499790958,0.0023037230846951,0.8879453551912568,0.0074504299700663,0.9065573770491804,0.0110647304542713,0.8693333333333333,0.0056218269514104,0.8770636670416199,0.0080196754012325,0.0942254476152862,0.0015158621347218,plain,False,flat,,,fold_features_D30_qualonly_da_untreated.csv,da_untreated
logistic_l2,1,C=1.0,0.9476939890710382,0.0043728595591009,0.9320722196006608,0.0042105469451901,0.8824153005464481,0.007586244328756,0.8901639344262294,0.0134962721696486,0.8746666666666666,0.0093227453170679,0.8708691469034505,0.008291516541389,0.0875015140407506,0.0036629794283816,plain,False,flat,,,fold_features_D30_qualonly_da_untreated.csv,da_untreated
logistic_l2,1,C=10.0,0.9477814207650272,0.0067089940002719,0.9265178910454144,0.0071247483627794,0.8859016393442622,0.0106579637423886,0.8918032786885245,0.0246810705806256,0.8800000000000001,0.006285393610547,0.8744556574323676,0.0117658277710468,0.0867497973622299,0.0056794283252036,plain,False,flat,,,fold_features_D30_qualonly_da_untreated.csv,da_untreated
logistic_l2,1,C=100.0,0.9443934426229508,0.007484508216664,0.9132066591200816,0.0122106353046238,0.8888743169398907,0.009901529437488,0.8950819672131148,0.0192424227996273,0.8826666666666666,0.0056218269514104,0.8777324940991346,0.0108845707155213,0.0871358863585873,0.0067619431465176,plain,False,flat,,,fold_features_D30_qualonly_da_untreated.csv,da_untreated
logistic_l2,2,C=0.01,0.9395409836065574,0.0023274098706323,0.9218580731232862,0.0024402982850681,0.8676284153005465,0.0092149288666924,0.9245901639344264,0.0084655373687593,0.8106666666666668,0.0151372323252679,0.8571857444818474,0.0092010101088426,0.1466721592974862,0.0008871773122591,plain,False,flat,,,fold_features_D30_qualonly_da_untreated.csv,da_untreated
logistic_l2,2,C=0.1,0.9464043715846996,0.0023582258289418,0.9304923396737416,0.0024467386323607,0.8879453551912568,0.0074504299700663,0.9065573770491804,0.0110647304542713,0.8693333333333333,0.0056218269514104,0.8770636670416199,0.0080196754012325,0.0946773265806563,0.0017021084943551,plain,False,flat,,,fold_features_D30_qualonly_da_untreated.csv,da_untreated
logistic_l2,2,C=1.0,0.9467103825136612,0.0046956961016825,0.9307587717458092,0.0043356672592187,0.8815956284153005,0.0078169372910015,0.8885245901639344,0.0129313219302724,0.8746666666666666,0.0093227453170679,0.8699675596018632,0.0085192029397692,0.0883724290453409,0.0041313420813028,plain,False,flat,,,fold_features_D30_qualonly_da_untreated.csv,da_untreated
logistic_l2,2,C=10.0,0.946120218579235,0.0065177918712707,0.9235068890686466,0.0067609322837442,0.8834426229508197,0.0105712246440584,0.8868852459016393,0.0224642675312508,0.8800000000000001,0.006285393610547,0.8717620045143685,0.0117511034632725,0.0873156420465068,0.0056667829746882,plain,False,flat,,,fold_features_D30_qualonly_da_untreated.csv,da_untreated
logistic_l2,2,C=100.0,0.9419890710382516,0.007804635761848,0.9074378153754316,0.0126735264745942,0.8869289617486338,0.0090644082251119,0.8885245901639344,0.0215829701181765,0.8853333333333333,0.0068853037265909,0.8754970714223271,0.0102785311973016,0.0885228971801261,0.0063969121126995,plain,False,flat,,,fold_features_D30_qualonly_da_untreated.csv,da_untreated
logistic_l2,3,C=0.01,0.933792349726776,0.0032656287155757,0.9146761223591202,0.0038061609059931,0.8666010928961748,0.0114453824041971,0.9278688524590164,0.0114623917832803,0.8053333333333332,0.0190645427462464,0.8563411495408401,0.0113859279861493,0.1473041451131928,0.0010437253439107,plain,False,flat,,,fold_features_D30_qualonly_da_untreated.csv,da_untreated
logistic_l2,3,C=0.1,0.9466666666666668,0.0026869346323622,0.9307316091053456,0.0027242353525185,0.8884590163934426,0.0098660004579673,0.9049180327868852,0.0103681234759619,0.8720000000000001,0.0112436539028208,0.8775983002124734,0.0105383256929108,0.0944121665396046,0.0019664167569437,plain,False,flat,,,fold_features_D30_qualonly_da_untreated.csv,da_untreated
logistic_l2,3,C=1.0,0.9483060109289616,0.0048376346851894,0.9331056871005524,0.004400538646204,0.882568306010929,0.0089081653685933,0.8918032786885245,0.0114623917832803,0.8733333333333334,0.0094280904158206,0.8710934971838198,0.0096455778912755,0.0881781945348833,0.0043268010267034,plain,False,flat,,,fold_features_D30_qualonly_da_untreated.csv,da_untreated
logistic_l2,3,C=10.0,0.9452896174863388,0.0073078360546765,0.9228414546575598,0.0077296530250564,0.8870819672131148,0.0112569838648852,0.8901639344262294,0.02051910749237,0.884,0.0089993141028073,0.8757267217099274,0.0124198069443862,0.0884618797947753,0.0051416614330593,plain,False,flat,,,fold_features_D30_qualonly_da_untreated.csv,da_untreated
logistic_l2,3,C=100.0,0.9375737704918032,0.0074254053896234,0.902779174791712,0.0094515059205386,0.8857486338797814,0.0122633145565189,0.8901639344262294,0.0190082263725968,0.8813333333333333,0.0159629199965048,0.8743807750837197,0.0132673299616659,0.0914553156581381,0.0047900744687908,plain,False,flat,,,fold_features_D30_qualonly_da_untreated.csv,da_untreated
logistic_l2,4,C=0.01,0.9315628415300546,0.0037243375977261,0.9118541195881994,0.0046643061236507,0.8651147540983606,0.0132421258602843,0.9262295081967212,0.011591914445681,0.8039999999999999,0.0199257882412976,0.8548402999290186,0.0131718332503828,0.1479350226905723,0.0011984283039176,plain,False,flat,,,fold_features_D30_qualonly_da_untreated.csv,da_untreated
logistic_l2,4,C=0.1,0.9480655737704918,0.0028033491092584,0.9323311787140596,0.0024355490797271,0.8903060109289618,0.0051889363042863,0.90327868852459,0.0051840617379809,0.8773333333333333,0.0084327404271156,0.8795033282130056,0.0055100293423749,0.0922165428869139,0.0021425621740271,plain,False,flat,,,fold_features_D30_qualonly_da_untreated.csv,da_untreated
logistic_l2,4,C=1.0,0.9495300546448088,0.0044942711456342,0.9337015930669677,0.0046461256118477,0.882568306010929,0.009063244177185,0.8918032786885245,0.0138241646346158,0.8733333333333334,0.0094280904158206,0.8710771720804766,0.0098729410316163,0.0867833640929303,0.0045638225338845,plain,False,flat,,,fold_features_D30_qualonly_da_untreated.csv,da_untreated
logistic_l2,4,C=10.0,0.9454644808743168,0.0068280505256267,0.9210725619493854,0.0068218577782643,0.8873879781420765,0.0106877075563429,0.8934426229508198,0.0208081232400653,0.8813333333333333,0.0098381971649682,0.8761257127944972,0.0117182969177425,0.0891534729451357,0.0052042665321738,plain,False,flat,,,fold_features_D30_qualonly_da_untreated.csv,da_untreated
logistic_l2,4,C=100.0,0.9355628415300544,0.0072221613523805,0.8987654070150445,0.0099899277762053,0.8804153005464481,0.0124831517736821,0.8901639344262294,0.0190082263725968,0.8706666666666667,0.0126491106406734,0.8687614326730009,0.0135119337624718,0.0957664980666111,0.0042887199296483,plain,False,flat,,,fold_features_D30_qualonly_da_untreated.csv,da_untreated
logistic_l2,5,C=0.01,0.9372677595628416,0.0031287301353127,0.917581253314356,0.0046186986335325,0.8681967213114754,0.0070874595476662,0.9163934426229507,0.0051840617379809,0.82,0.0157134840263676,0.8574164595279565,0.0069744024857292,0.1423243115435335,0.0009337211141464,plain,False,flat,,,fold_features_D30_qualonly_da_untreated.csv,da_untreated
logistic_l2,5,C=0.1,0.9552568306010928,0.0027340370535086,0.941240012608158,0.0035361718188283,0.8899453551912568,0.007338065156534,0.9065573770491804,0.0079187851072073,0.8733333333333334,0.0113311544746506,0.8791953667081938,0.0077736837285679,0.0884406261651202,0.0020795634330511,plain,False,flat,,,fold_features_D30_qualonly_da_untreated.csv,da_untreated
logistic_l2,5,C=1.0,0.9534863387978142,0.0046525383022503,0.9351302506567718,0.0087407802919996,0.8935409836065574,0.0122007390344173,0.8950819672131148,0.0207362469519238,0.892,0.0116746004769455,0.8827160139635014,0.0134465577318903,0.0832057848078735,0.0047297072449193,plain,False,flat,,,fold_features_D30_qualonly_da_untreated.csv,da_untreated
logistic_l2,5,C=10.0,0.9464699453551912,0.0057170066424384,0.9154100430901037,0.0092456955172393,0.8919016393442624,0.0111539024909625,0.8918032786885245,0.0207362469519238,0.892,0.0098381971649682,0.8808927958399864,0.0123199553621349,0.0852721860922587,0.0059291900137248,plain,False,flat,,,fold_features_D30_qualonly_da_untreated.csv,da_untreated
logistic_l2,5,C=100.0,0.9356721311475408,0.00630988107299,0.8883996064101293,0.0086951383400239,0.886415300546448,0.0135029621059142,0.8901639344262294,0.0219261231122829,0.8826666666666666,0.0151372323252678,0.8750494048811163,0.0147324721480224,0.0921975027832673,0.006166561214182,plain,False,flat,,,fold_features_D30_qualonly_da_untreated.csv,da_untreated
logistic_l2,6,C=0.01,0.936,0.0037489861248755,0.9152025668412688,0.0058555747941635,0.8624590163934427,0.0112827085082577,0.9049180327868852,0.0103681234759619,0.82,0.0144016459964619,0.8512305234265114,0.0115567535629617,0.141734475170132,0.0012361169212484,plain,False,flat,,,fold_features_D30_qualonly_da_untreated.csv,da_untreated
logistic_l2,6,C=0.1,0.9565027322404372,0.0027358809989826,0.9431808969281394,0.0047003005303163,0.885431693989071,0.0083798288831995,0.9081967213114754,0.0084655373687593,0.8626666666666667,0.014124665406285,0.8745449822042592,0.0087635398540868,0.0876625990181043,0.0022983590005186,plain,False,flat,,,fold_features_D30_qualonly_da_untreated.csv,da_untreated
logistic_l2,6,C=1.0,0.9547540983606556,0.0045465882001669,0.9371431686890304,0.0075013077642227,0.8928743169398906,0.0102690634781899,0.8950819672131148,0.0176224213077564,0.8906666666666666,0.0122524877796357,0.8820343563039845,0.0111852763254852,0.0823775754649741,0.004057894916028,plain,False,flat,,,fold_features_D30_qualonly_da_untreated.csv,da_untreated
logistic_l2,6,C=10.0,0.9473879781420764,0.0055898668729135,0.9195693921346774,0.0080648626674164,0.8870819672131148,0.0139115184870179,0.8901639344262294,0.0244989199688086,0.884,0.0109769680313141,0.8756946850996433,0.0153625005148652,0.0865167199521337,0.0049264542256324,plain,False,flat,,,fold_features_D30_qualonly_da_untreated.csv,da_untreated
logistic_l2,6,C=100.0,0.9349071038251366,0.0057874674409705,0.8973385685365105,0.0093852955670357,0.8808306010928961,0.007858422555473,0.880327868852459,0.0155521852139428,0.8813333333333333,0.0116746004769454,0.8689066227067801,0.0086217809737225,0.0952147276759445,0.0057333908712292,plain,False,flat,,,fold_features_D30_qualonly_da_untreated.csv,da_untreated
logistic_l2,7,C=0.01,0.937071038251366,0.003464402344259,0.9182499086403928,0.0050903753484045,0.8685027322404372,0.0057618654588924,0.9196721311475412,0.0051840617379809,0.8173333333333334,0.0109769680313141,0.8578224349767044,0.0057501048308451,0.1407837349535251,0.0011865487784991,plain,False,flat,,,fold_features_D30_qualonly_da_untreated.csv,da_untreated
logistic_l2,7,C=0.1,0.9555628415300548,0.0023225008015981,0.9423247964203368,0.0040675624342545,0.8886120218579234,0.0049994740948569,0.9065573770491804,0.0079187851072073,0.8706666666666667,0.0089993141028073,0.8777842144731908,0.005308259986253,0.0882628991139653,0.0022571427169272,plain,False,flat,,,fold_features_D30_qualonly_da_untreated.csv,da_untreated
logistic_l2,7,C=1.0,0.9551475409836064,0.004808522377224,0.9372881268859734,0.0081227831320261,0.8913879781420764,0.011806179229389,0.8934426229508198,0.0193198574094685,0.8893333333333333,0.0126491106406734,0.8804085498523715,0.0128773570051251,0.0821508486243533,0.0042470833823342,plain,False,flat,,,fold_features_D30_qualonly_da_untreated.csv,da_untreated
logistic_l2,7,C=10.0,0.9496393442622952,0.0061928211668457,0.9235068375243074,0.0091397634661213,0.894415300546448,0.0142308390466222,0.8901639344262294,0.0289669033457892,0.8986666666666666,0.0112436539028208,0.8834706914522054,0.0157054857509187,0.0835965667049207,0.0053910490637155,plain,False,flat,,,fold_features_D30_qualonly_da_untreated.csv,da_untreated
logistic_l2,7,C=100.0,0.9348415300546448,0.0078907137463054,0.8966586836186838,0.0129276987766019,0.8859016393442622,0.0139782517359702,0.8918032786885245,0.0258626438605448,0.8800000000000001,0.0188561808316412,0.8745285978332561,0.0152599393024332,0.0922276024653921,0.0071118428086126,plain,False,flat,,,fold_features_D30_qualonly_da_untreated.csv,da_untreated
logistic_l2,8,C=0.01,0.9419453551912568,0.0034052870813247,0.9239296802805026,0.0052985545540622,0.8747540983606557,0.0071819532593577,0.9295081967213116,0.0079187851072073,0.82,0.0129576708774339,0.8643571979236813,0.0071939307490654,0.1344322909801621,0.0012340446388901,plain,False,flat,,,fold_features_D30_qualonly_da_untreated.csv,da_untreated
logistic_l2,8,C=0.1,0.9571147540983608,0.0032759348890023,0.9447255114083556,0.0046351455289032,0.8871256830601093,0.0091561250336391,0.9049180327868852,0.0103681234759619,0.8693333333333333,0.0122524877796357,0.8762094113235845,0.0097262285106712,0.0852108962208987,0.00259026283622,plain,False,flat,,,fold_features_D30_qualonly_da_untreated.csv,da_untreated
logistic_l2,8,C=1.0,0.9555628415300548,0.004425952152741,0.9394266605369296,0.0068099200921264,0.8932896174863387,0.0090249375351455,0.8852459016393442,0.0154558859275748,0.9013333333333332,0.009322745317068,0.8823189666282246,0.009975019146662,0.0824753313364008,0.0051322095196282,plain,False,flat,,,fold_features_D30_qualonly_da_untreated.csv,da_untreated
logistic_l2,8,C=10.0,0.9464262295081968,0.0070636010320949,0.918279430509744,0.0096554107021716,0.8829398907103825,0.0082594563410094,0.8672131147540985,0.014354016979851,0.8986666666666666,0.0068853037265909,0.8707439558611817,0.0092533624596154,0.0880400411903855,0.0063054317423804,plain,False,flat,,,fold_features_D30_qualonly_da_untreated.csv,da_untreated
logistic_l2,8,C=100.0,0.9306666666666666,0.0080646226545073,0.8923798946201018,0.0119579362784383,0.8818579234972678,0.01539600717839,0.8770491803278688,0.0301785820141728,0.8866666666666667,0.0144016459964619,0.8697461958731253,0.0170006895968131,0.0965354438749944,0.0084787330092508,plain,False,flat,,,fold_features_D30_qualonly_da_untreated.csv,da_untreated
logistic_l2,9,C=0.01,0.9436284153005464,0.0033680594324225,0.9270835629756536,0.0048898024347166,0.8797267759562841,0.0066692043305404,0.9327868852459016,0.0093056756097958,0.8266666666666665,0.01539600717839,0.8694028382473353,0.0066473338118997,0.1338330879570109,0.0013702052288607,plain,False,flat,,,fold_features_D30_qualonly_da_untreated.csv,da_untreated
logistic_l2,9,C=0.1,0.9580765027322404,0.0039771010868011,0.9471082358149664,0.0052438834629484,0.8886120218579234,0.008171148125361,0.9065573770491804,0.0079187851072073,0.8706666666666667,0.0141246654062851,0.8778184523809524,0.0085529713854122,0.0849353207424484,0.0031163025931772,plain,False,flat,,,fold_features_D30_qualonly_da_untreated.csv,da_untreated
logistic_l2,9,C=1.0,0.9552568306010928,0.0055898668729134,0.9401859400888772,0.0079295358665654,0.8868306010928961,0.010588535304919,0.880327868852459,0.0155521852139428,0.8933333333333333,0.0125707872210941,0.8752933897621971,0.0116503372125224,0.0837889219858803,0.0057864800304381,plain,False,flat,,,fold_features_D30_qualonly_da_untreated.csv,da_untreated
logistic_l2,9,C=10.0,0.9450054644808744,0.0080629110213932,0.9188200992040858,0.0106251050693655,0.8852459016393442,0.0097331184168015,0.8704918032786886,0.0163021135411763,0.9,0.0094280904158206,0.873314828338637,0.0108124871851197,0.0907664215597093,0.0069773076981565,plain,False,flat,,,fold_features_D30_qualonly_da_untreated.csv,da_untreated
logistic_l2,9,C=100.0,0.9305573770491804,0.0090815222404741,0.8940386583438811,0.0121215312904453,0.8827322404371584,0.0110362673828846,0.8721311475409836,0.0215829701181765,0.8933333333333333,0.0108866210790363,0.8706183460606693,0.012231902242393,0.099068195694621,0.0079231810039562,plain,False,flat,,,fold_features_D30_qualonly_da_untreated.csv,da_untreated
logistic_l2,10,C=0.01,0.9453770491803276,0.0034918750164851,0.9293659131647432,0.0049178428945932,0.8813661202185793,0.0074900827815973,0.936065573770492,0.0051840617379809,0.8266666666666665,0.014054567378526,0.8711353786162948,0.0074718337097623,0.1327560697044279,0.0012838970038422,plain,False,flat,,,fold_features_D30_qualonly_da_untreated.csv,da_untreated
logistic_l2,10,C=0.1,0.9578579234972676,0.0041750604733867,0.9477905900707814,0.0049025224341069,0.8862513661202186,0.0070939728980496,0.9098360655737704,0.0086401028966348,0.8626666666666667,0.014124665406285,0.8754286243065771,0.0073552592950635,0.0852835837936051,0.0031128705965855,plain,False,flat,,,fold_features_D30_qualonly_da_untreated.csv,da_untreated
logistic_l2,10,C=1.0,0.9537923497267758,0.0051511375959864,0.9385411877256274,0.0073160876447675,0.8803715846994535,0.011763769355737,0.8754098360655738,0.0176224213077564,0.8853333333333333,0.0112436539028208,0.8682558546473883,0.0129596159916787,0.0855410170937519,0.0056743101609653,plain,False,flat,,,fold_features_D30_qualonly_da_untreated.csv,da_untreated
logistic_l2,10,C=10.0,0.9420109289617484,0.0072809089859344,0.9155568920516152,0.0100619418526854,0.8824262295081967,0.010226067018851,0.8688524590163935,0.0172802057932698,0.8959999999999999,0.0084327404271156,0.8702263379727644,0.0113879222974082,0.0939911918940588,0.0069250781377716,plain,False,flat,,,fold_features_D30_qualonly_da_untreated.csv,da_untreated
logistic_l2,10,C=100.0,0.9264043715846996,0.0078594357741308,0.8904443581875551,0.0123729643691728,0.8727868852459016,0.0123056420952404,0.8655737704918032,0.0215829701181764,0.8800000000000001,0.01539600717839,0.8598817143612651,0.0136072520468093,0.1044528206136185,0.0083885005971523,plain,False,flat,,,fold_features_D30_qualonly_da_untreated.csv,da_untreated
logistic_l1,0,C=0.1,0.9339234972677596,0.0140118401525389,0.9077166595403812,0.0224942296923685,0.8813989071038252,0.0113799831390094,0.8721311475409836,0.0201520097427167,0.8906666666666666,0.0137706074531819,0.8692312772189398,0.0125893433506318,0.0938123894790067,0.0076961768650275,plain,False,nested,50.0,"k=0,C=0.1 x19; k=8,C=1.0 x8; k=9,C=1.0 x7; k=10,C=1.0 x4; k=6,C=1.0 x3; k=5,C=1.0 x2; k=9,C=100.0 x1; k=10,C=10.0 x1; k=8,C=10.0 x1; k=4,C=100.0 x1; k=5,C=0.1 x1; k=7,C=100.0 x1; k=6,C=10.0 x1",fold_features_D30_qualonly_da_untreated.csv,da_untreated
logistic_l2,8,C=1.0,0.937792349726776,0.0153722666382441,0.910023801328786,0.0204530532742465,0.8839562841530055,0.0116293830714242,0.8852459016393442,0.0204462152282729,0.8826666666666666,0.0163903012574095,0.8723436238203132,0.0125993714261491,0.0919394741484711,0.0073388294765844,plain,False,nested,50.0,"k=8,C=1.0 x6; k=10,C=0.1 x5; k=10,C=1.0 x4; k=9,C=1.0 x4; k=9,C=0.1 x4; k=5,C=0.1 x3; k=0,C=1.0 x3; k=7,C=1.0 x2; k=8,C=0.1 x2; k=1,C=1.0 x2; k=6,C=1.0 x2; k=6,C=0.1 x2; k=9,C=10.0 x1; k=8,C=100.0 x1; k=9,C=100.0 x1; k=1,C=0.1 x1; k=8,C=10.0 x1; k=5,C=1.0 x1; k=0,C=100.0 x1; k=0,C=0.1 x1; k=6,C=10.0 x1; k=7,C=100.0 x1; k=0,C=10.0 x1",fold_features_D30_qualonly_da_untreated.csv,da_untreated
logistic_l1,0,C=0.01,0.5100437158469945,0.0569877200825892,0.461119032832581,0.0382874081958349,0.5247650273224044,0.0451535065579839,0.6081967213114754,0.2252334133237566,0.4413333333333333,0.2755878117321385,0.513777151272356,0.0928865817592724,0.2502270960645045,0.0026025523118669,donor_grouped,False,flat,,,fold_features_D30_qualonly_da_untreated.csv,da_untreated
logistic_l1,0,C=0.1,0.9558251366120218,0.0020593675134434,0.9425366079617822,0.0031725499331393,0.8703278688524589,0.0043200514483174,0.860655737704918,0.0086401028966349,0.8800000000000001,0.0,0.8571238171398108,0.0049171317297922,0.0926834235472797,0.001201965372859,donor_grouped,False,flat,,,fold_features_D30_qualonly_da_untreated.csv,da_untreated
logistic_l1,0,C=1.0,0.9496830601092896,0.003325789985593,0.934852695841992,0.0045259184629793,0.8819016393442624,0.0078548752609285,0.8918032786885245,0.0114623917832803,0.8720000000000001,0.0068853037265909,0.870383819764465,0.008534368769726,0.0863940202410378,0.003463753137332,donor_grouped,False,flat,,,fold_features_D30_qualonly_da_untreated.csv,da_untreated
logistic_l1,0,C=10.0,0.9490054644808742,0.0037606499324945,0.9284252909616504,0.005442826277934,0.8957377049180328,0.0096212113998136,0.9114754098360656,0.0192424227996273,0.8800000000000001,0.0,0.8852626647475518,0.0104217034593185,0.0846265367744246,0.0037650495800041,donor_grouped,False,flat,,,fold_features_D30_qualonly_da_untreated.csv,da_untreated
logistic_l1,0,C=100.0,0.9480874316939892,0.0042549716793522,0.9258339057284448,0.0056656442975765,0.8942513661202186,0.0094286816060366,0.9098360655737704,0.0177069417989286,0.8786666666666667,0.0042163702135578,0.8836893614104688,0.0101928526508213,0.0847696657405164,0.0039895205068318,donor_grouped,False,flat,,,fold_features_D30_qualonly_da_untreated.csv,da_untreated
logistic_l1,1,C=0.01,0.5231147540983606,0.0518961467012259,0.4694603909821025,0.035349208925626,0.5300765027322404,0.0436958302685893,0.6508196721311476,0.1774147881296541,0.4093333333333334,0.2511052113367897,0.5411480176389183,0.0411489745843918,0.2498569055938628,0.0024086019989595,donor_grouped,False,flat,,,fold_features_D30_qualonly_da_untreated.csv,da_untreated
logistic_l1,1,C=0.1,0.9558251366120218,0.0020593675134434,0.9425366079617822,0.0031725499331393,0.8703278688524589,0.0043200514483174,0.860655737704918,0.0086401028966349,0.8800000000000001,0.0,0.8571238171398108,0.0049171317297922,0.0926833281046648,0.0012019242481208,donor_grouped,False,flat,,,fold_features_D30_qualonly_da_untreated.csv,da_untreated
logistic_l1,1,C=1.0,0.9490928961748636,0.0032345952289687,0.9340360120831214,0.0044846529178058,0.8827213114754098,0.008515781727214,0.8934426229508198,0.0139317473048983,0.8720000000000001,0.0068853037265909,0.8712712088408304,0.0092682462820946,0.087033458343162,0.0030744234757604,donor_grouped,False,flat,,,fold_features_D30_qualonly_da_untreated.csv,da_untreated
logistic_l1,1,C=10.0,0.9461202185792348,0.0037226267661397,0.917906223989007,0.0065895568298713,0.8875409836065573,0.0042327686843796,0.8950819672131148,0.0084655373687593,0.8800000000000001,0.0,0.8763870967741936,0.0046642380083358,0.0875183144914351,0.0026977954010641,donor_grouped,False,flat,,,fold_features_D30_qualonly_da_untreated.csv,da_untreated
logistic_l1,1,C=100.0,0.944743169398907,0.0036426957989061,0.911426267858886,0.005958136462783,0.8868743169398907,0.0056950622876375,0.8950819672131148,0.0114623917832803,0.8786666666666667,0.0042163702135578,0.8756739974773019,0.0062933197514873,0.0876698535993388,0.0027955102840773,donor_grouped,False,flat,,,fold_features_D30_qualonly_da_untreated.csv,da_untreated
logistic_l1,2,C=0.01,0.5231147540983606,0.0518961467012259,0.4694603909821025,0.035349208925626,0.5300765027322404,0.0436958302685893,0.6508196721311476,0.1774147881296541,0.4093333333333334,0.2511052113367897,0.5411480176389183,0.0411489745843918,0.2498576103991562,0.0024072947491458,donor_grouped,False,flat,,,fold_features_D30_qualonly_da_untreated.csv,da_untreated
logistic_l1,2,C=0.1,0.9558251366120218,0.0020593675134434,0.9425366079617822,0.0031725499331393,0.8703278688524589,0.0043200514483174,0.860655737704918,0.0086401028966349,0.8800000000000001,0.0,0.8571238171398108,0.0049171317297922,0.0926834672048688,0.0012017598254435,donor_grouped,False,flat,,,fold_features_D30_qualonly_da_untreated.csv,da_untreated
logistic_l1,2,C=1.0,0.9490928961748636,0.0032345952289687,0.9340360120831214,0.0044846529178058,0.8827213114754098,0.008515781727214,0.8934426229508198,0.0139317473048983,0.8720000000000001,0.0068853037265909,0.8712712088408304,0.0092682462820946,0.0870336370576388,0.0030747049875471,donor_grouped,False,flat,,,fold_features_D30_qualonly_da_untreated.csv,da_untreated
logistic_l1,2,C=10.0,0.9446994535519126,0.0032891958733102,0.9142303283332316,0.0053324573319131,0.8842622950819672,0.0084655373687593,0.8885245901639344,0.0169310747375187,0.8800000000000001,0.0,0.8727154471544715,0.0094043172850998,0.088163243186831,0.0030596523977609,donor_grouped,False,flat,,,fold_features_D30_qualonly_da_untreated.csv,da_untreated
logistic_l1,2,C=100.0,0.9436065573770492,0.0043251940487157,0.9073988425330796,0.0060898096027462,0.8893879781420765,0.0088369965479057,0.8934426229508198,0.0177069417989286,0.8853333333333333,0.0068853037265909,0.8782596667426219,0.0097260145905977,0.0875106645448842,0.0038106663099992,donor_grouped,False,flat,,,fold_features_D30_qualonly_da_untreated.csv,da_untreated
logistic_l1,3,C=0.01,0.5231147540983606,0.0518961467012259,0.4694603909821025,0.035349208925626,0.5300765027322404,0.0436958302685893,0.6508196721311476,0.1774147881296541,0.4093333333333334,0.2511052113367897,0.5411480176389183,0.0411489745843918,0.2499101479465041,0.0023550114636191,donor_grouped,False,flat,,,fold_features_D30_qualonly_da_untreated.csv,da_untreated
logistic_l1,3,C=0.1,0.9558251366120218,0.0020593675134434,0.9425366079617822,0.0031725499331393,0.8703278688524589,0.0043200514483174,0.860655737704918,0.0086401028966349,0.8800000000000001,0.0,0.8571238171398108,0.0049171317297922,0.0926845894177584,0.001202665756211,donor_grouped,False,flat,,,fold_features_D30_qualonly_da_untreated.csv,da_untreated
logistic_l1,3,C=1.0,0.9487650273224044,0.0032782027569714,0.9333581538002984,0.0048792484304712,0.8792349726775956,0.0057311958916401,0.8918032786885245,0.0114623917832803,0.8666666666666668,0.0,0.8675918074756785,0.0063363875279824,0.087826104026659,0.0032333945090987,donor_grouped,False,flat,,,fold_features_D30_qualonly_da_untreated.csv,da_untreated
logistic_l1,3,C=10.0,0.9420109289617484,0.0030393082601282,0.9120782388226284,0.0047083301258283,0.879344262295082,0.0117200057866268,0.8786885245901639,0.0234400115732537,0.8800000000000001,0.0,0.8671764207140391,0.0132066135260248,0.0903605419384845,0.0028380569527551,donor_grouped,False,flat,,,fold_features_D30_qualonly_da_untreated.csv,da_untreated
logistic_l1,3,C=100.0,0.9361530054644808,0.0032313112083962,0.8989927372496795,0.0046523517862512,0.8824699453551913,0.0097815666191091,0.8836065573770492,0.0210931793066872,0.8813333333333333,0.0132590523468233,0.8706919014995597,0.0107270660868184,0.0923060573964918,0.0033868879697017,donor_grouped,False,flat,,,fold_features_D30_qualonly_da_untreated.csv,da_untreated
logistic_l1,4,C=0.01,0.5231147540983606,0.0518961467012259,0.4694603909821025,0.035349208925626,0.5300765027322404,0.0436958302685893,0.6508196721311476,0.1774147881296541,0.4093333333333334,0.2511052113367897,0.5411480176389183,0.0411489745843918,0.2499181455847536,0.0023477655393243,donor_grouped,False,flat,,,fold_features_D30_qualonly_da_untreated.csv,da_untreated
logistic_l1,4,C=0.1,0.9558251366120218,0.0020593675134434,0.9425366079617822,0.0031725499331393,0.8703278688524589,0.0043200514483174,0.860655737704918,0.0086401028966349,0.8800000000000001,0.0,0.8571238171398108,0.0049171317297922,0.0926847859759256,0.0012019096451734,donor_grouped,False,flat,,,fold_features_D30_qualonly_da_untreated.csv,da_untreated
logistic_l1,4,C=1.0,0.94775956284153,0.0028124239075583,0.9306894791706222,0.0046118616591863,0.8775956284153006,0.0075322670776449,0.8885245901639344,0.0150645341552898,0.8666666666666668,0.0,0.8657598929166113,0.0082965979007048,0.0886174384606216,0.0025364362205627,donor_grouped,False,flat,,,fold_features_D30_qualonly_da_untreated.csv,da_untreated
logistic_l1,4,C=10.0,0.9415737704918034,0.0029217575357969,0.9090242078918264,0.0043389791139153,0.8774972677595629,0.0112173782980087,0.8803278688524591,0.025688872729056,0.8746666666666666,0.0068853037265909,0.8652734360064823,0.0126782518042091,0.0915065954797817,0.0030077920680641,donor_grouped,False,flat,,,fold_features_D30_qualonly_da_untreated.csv,da_untreated
logistic_l1,4,C=100.0,0.9343825136612022,0.0044100313018944,0.8926222069640721,0.0049588630719226,0.8778032786885246,0.0099297234318963,0.8836065573770492,0.0196265409793092,0.8720000000000001,0.0093227453170679,0.8657909630896684,0.0109177647205169,0.0964122794632872,0.0040243793484175,donor_grouped,False,flat,,,fold_features_D30_qualonly_da_untreated.csv,da_untreated
logistic_l1,5,C=0.01,0.5216502732240438,0.0503387406041424,0.4682739239831982,0.0343203501682877,0.5300765027322404,0.0436958302685893,0.6508196721311476,0.1774147881296541,0.4093333333333334,0.2511052113367897,0.5411480176389183,0.0411489745843918,0.2499669183375193,0.0022710316998545,donor_grouped,False,flat,,,fold_features_D30_qualonly_da_untreated.csv,da_untreated
logistic_l1,5,C=0.1,0.9564371584699451,0.0025240407648073,0.9434657937469698,0.0038386103352736,0.871967213114754,0.0039593925536036,0.8639344262295081,0.0079187851072073,0.8800000000000001,0.0,0.858989737438358,0.0045066256707684,0.0925823975848152,0.0013003010181475,donor_grouped,False,flat,,,fold_features_D30_qualonly_da_untreated.csv,da_untreated
logistic_l1,5,C=1.0,0.9522841530054644,0.0027821548720309,0.9341801122154524,0.0051203115075181,0.8810819672131147,0.0039678302670701,0.8901639344262294,0.0110647304542713,0.8720000000000001,0.0068853037265909,0.8694755335756122,0.0044205037353557,0.0850233707212713,0.0021850412053668,donor_grouped,False,flat,,,fold_features_D30_qualonly_da_untreated.csv,da_untreated
logistic_l1,5,C=10.0,0.9467540983606556,0.0021983850976345,0.9064229716583826,0.0042746967781502,0.8882076502732239,0.0070539466055153,0.8950819672131148,0.0114623917832803,0.8813333333333333,0.0098381971649682,0.8771034580944888,0.0076087151486333,0.0843258750666387,0.0023108321446168,donor_grouped,False,flat,,,fold_features_D30_qualonly_da_untreated.csv,da_untreated
logistic_l1,5,C=100.0,0.9399781420765028,0.0045712740523139,0.8865432230675914,0.0110216773797036,0.8852349726775957,0.0086049255881205,0.8918032786885245,0.0114623917832803,0.8786666666666667,0.0098381971649682,0.8738934172567532,0.0093149961056435,0.0895504433242764,0.0046494275249226,donor_grouped,False,flat,,,fold_features_D30_qualonly_da_untreated.csv,da_untreated
logistic_l1,6,C=0.01,0.5174316939890711,0.0530473548001012,0.4638665012883825,0.0368424335462783,0.5300765027322404,0.0436958302685893,0.6508196721311476,0.1774147881296541,0.4093333333333334,0.2511052113367897,0.5411480176389183,0.0411489745843918,0.2499362259349718,0.0021946761020933,donor_grouped,False,flat,,,fold_features_D30_qualonly_da_untreated.csv,da_untreated
logistic_l1,6,C=0.1,0.9564371584699451,0.0025240407648073,0.9434657937469698,0.0038386103352736,0.871967213114754,0.0039593925536036,0.8639344262295081,0.0079187851072073,0.8800000000000001,0.0,0.858989737438358,0.0045066256707684,0.0925828239818081,0.0013003947059215,donor_grouped,False,flat,,,fold_features_D30_qualonly_da_untreated.csv,da_untreated
logistic_l1,6,C=1.0,0.9554316939890712,0.0027829179948243,0.935741275644031,0.0057309138702941,0.8898469945355192,0.0067742814781953,0.898360655737705,0.0103681234759619,0.8813333333333333,0.0042163702135578,0.8788903225806453,0.0073668266761037,0.0802691231607593,0.0026859541368115,donor_grouped,False,flat,,,fold_features_D30_qualonly_da_untreated.csv,da_untreated
logistic_l1,6,C=10.0,0.9500109289617484,0.0027802461486502,0.9141134508951708,0.0028833595291588,0.8894426229508197,0.0068600845174142,0.8868852459016393,0.0093056756097958,0.892,0.0098381971649682,0.878253859746424,0.007467742187859,0.0824588255850568,0.0036034076571244,donor_grouped,False,flat,,,fold_features_D30_qualonly_da_untreated.csv,da_untreated
logistic_l1,6,C=100.0,0.941136612021858,0.0054708402582913,0.8970125328789553,0.0096269339556972,0.8880546448087431,0.010124234510271,0.8934426229508198,0.0086401028966349,0.8826666666666666,0.0137706074531818,0.8769516316361321,0.0108593251580514,0.0899559730059577,0.0049025790062319,donor_grouped,False,flat,,,fold_features_D30_qualonly_da_untreated.csv,da_untreated
logistic_l1,7,C=0.01,0.5191147540983606,0.0528845182778744,0.4643784597585141,0.0368258771581221,0.5300765027322404,0.0436958302685893,0.6508196721311476,0.1774147881296541,0.4093333333333334,0.2511052113367897,0.5411480176389183,0.0411489745843918,0.2499483440808615,0.0021535684521255,donor_grouped,False,flat,,,fold_features_D30_qualonly_da_untreated.csv,da_untreated
logistic_l1,7,C=0.1,0.9564371584699451,0.0025240407648073,0.9434657937469698,0.0038386103352736,0.871967213114754,0.0039593925536036,0.8639344262295081,0.0079187851072073,0.8800000000000001,0.0,0.858989737438358,0.0045066256707684,0.0925838547365771,0.0012998059964828,donor_grouped,False,flat,,,fold_features_D30_qualonly_da_untreated.csv,da_untreated
logistic_l1,7,C=1.0,0.9548852459016391,0.002477659879357,0.935406283306886,0.0049471822765413,0.8898469945355192,0.0067742814781953,0.898360655737705,0.0103681234759619,0.8813333333333333,0.0042163702135578,0.8788903225806453,0.0073668266761037,0.080743720647722,0.0025460198484854,donor_grouped,False,flat,,,fold_features_D30_qualonly_da_untreated.csv,da_untreated
logistic_l1,7,C=10.0,0.9494863387978144,0.0034705261765946,0.9108926868123964,0.0065372656583975,0.9029726775956284,0.0062007452809863,0.90327868852459,0.0120961440552888,0.9026666666666664,0.0064406118871952,0.8930063793837304,0.0067759546835179,0.0796499724959109,0.0036058412465028,donor_grouped,False,flat,,,fold_features_D30_qualonly_da_untreated.csv,da_untreated
logistic_l1,7,C=100.0,0.9397814207650272,0.0047624308473183,0.8945477528651262,0.0094434978567006,0.8971803278688524,0.0083674270471116,0.898360655737705,0.0169310747375187,0.8959999999999999,0.0084327404271156,0.8866806454683871,0.0090791684391326,0.0862772334473226,0.0057806724860114,donor_grouped,False,flat,,,fold_features_D30_qualonly_da_untreated.csv,da_untreated
logistic_l1,8,C=0.01,0.5191147540983606,0.0528845182778744,0.4643784597585141,0.0368258771581221,0.5300765027322404,0.0436958302685893,0.6508196721311476,0.1774147881296541,0.4093333333333334,0.2511052113367897,0.5411480176389183,0.0411489745843918,0.2499482280083123,0.002141288463051,donor_grouped,False,flat,,,fold_features_D30_qualonly_da_untreated.csv,da_untreated
logistic_l1,8,C=0.1,0.955344262295082,0.0028778215825271,0.9420602039104125,0.004035453511252,0.871967213114754,0.0039593925536036,0.8639344262295081,0.0079187851072073,0.8800000000000001,0.0,0.858989737438358,0.0045066256707684,0.0928550193000512,0.0016335419873665,donor_grouped,False,flat,,,fold_features_D30_qualonly_da_untreated.csv,da_untreated
logistic_l1,8,C=1.0,0.955016393442623,0.0023310564218236,0.9375876608335554,0.0052944648005689,0.8881639344262295,0.0102608213574165,0.880327868852459,0.0155521852139429,0.8959999999999999,0.0122524877796357,0.8767196222906021,0.0112024373228861,0.0835683606528868,0.0023898311456694,donor_grouped,False,flat,,,fold_features_D30_qualonly_da_untreated.csv,da_untreated
logistic_l1,8,C=10.0,0.9467978142076502,0.0019798554840689,0.9066950910945404,0.0061036052544095,0.8873989071038251,0.0068787953708284,0.8721311475409836,0.0129313219302723,0.9026666666666664,0.0064406118871952,0.8756892394557327,0.0077289629310128,0.0859546478834788,0.0037905267740006,donor_grouped,False,flat,,,fold_features_D30_qualonly_da_untreated.csv,da_untreated
logistic_l1,8,C=100.0,0.9375737704918032,0.0040135073415099,0.8933857888979848,0.0084742513211718,0.8842185792349726,0.0097955314026211,0.8737704918032787,0.0173663918929734,0.8946666666666667,0.0098381971649682,0.8722924097578598,0.0109213526895512,0.0932180194807193,0.0063312873431748,donor_grouped,False,flat,,,fold_features_D30_qualonly_da_untreated.csv,da_untreated
logistic_l1,9,C=0.01,0.5191584699453552,0.0529370811837186,0.4644410603733149,0.0369020414320693,0.5251693989071038,0.0399672411734829,0.6196721311475409,0.2259415817763211,0.4306666666666666,0.2813758086243598,0.5175213074081647,0.0900057631283626,0.2499853627422827,0.0020955356388083,donor_grouped,False,flat,,,fold_features_D30_qualonly_da_untreated.csv,da_untreated
logistic_l1,9,C=0.1,0.955344262295082,0.0028778215825271,0.9420602039104125,0.004035453511252,0.871967213114754,0.0039593925536036,0.8639344262295081,0.0079187851072073,0.8800000000000001,0.0,0.858989737438358,0.0045066256707684,0.0928549957228317,0.0016338123848027,donor_grouped,False,flat,,,fold_features_D30_qualonly_da_untreated.csv,da_untreated
logistic_l1,9,C=1.0,0.9542295081967213,0.0015359414899003,0.9378030711742832,0.0039101313167113,0.8858579234972677,0.0085871322115697,0.8770491803278688,0.0115919144456811,0.8946666666666667,0.0116746004769455,0.8741904588915345,0.0093855364837184,0.0842907796634507,0.0020710585585249,donor_grouped,False,flat,,,fold_features_D30_qualonly_da_untreated.csv,da_untreated
logistic_l1,9,C=10.0,0.9433879781420764,0.0032025152605953,0.9071504780902082,0.0051657031542921,0.8860655737704917,0.0060789330884296,0.8721311475409836,0.0103681234759619,0.9,0.0094280904158206,0.8742783437589152,0.0067032902706123,0.0890914416338142,0.0041621335087381,donor_grouped,False,flat,,,fold_features_D30_qualonly_da_untreated.csv,da_untreated
logistic_l1,9,C=100.0,0.9361967213114756,0.0050008011939333,0.8966422835616001,0.0085436159278446,0.8828852459016394,0.0060784855217071,0.8737704918032787,0.0134962721696486,0.892,0.0098381971649683,0.8708930436534175,0.0067197930082737,0.0948332361768647,0.0055906047893014,donor_grouped,False,flat,,,fold_features_D30_qualonly_da_untreated.csv,da_untreated
logistic_l1,10,C=0.01,0.5191584699453552,0.0529370811837186,0.4644410603733149,0.0369020414320693,0.5251693989071038,0.0399672411734829,0.6196721311475409,0.2259415817763211,0.4306666666666666,0.2813758086243598,0.5175213074081647,0.0900057631283626,0.2499866715724299,0.0020929430402874,donor_grouped,False,flat,,,fold_features_D30_qualonly_da_untreated.csv,da_untreated
logistic_l1,10,C=0.1,0.955344262295082,0.0028778215825271,0.9420602039104125,0.004035453511252,0.871967213114754,0.0039593925536036,0.8639344262295081,0.0079187851072073,0.8800000000000001,0.0,0.858989737438358,0.0045066256707684,0.0928561057954157,0.0016344924662406,donor_grouped,False,flat,,,fold_features_D30_qualonly_da_untreated.csv,da_untreated
logistic_l1,10,C=1.0,0.952174863387978,0.0018993908082113,0.9353100898067874,0.0044313435139708,0.8759125683060109,0.0094288223601483,0.8704918032786886,0.014354016979851,0.8813333333333333,0.0075686161626339,0.8633828189154447,0.0103903070664885,0.0865144337518627,0.0021707431665653,donor_grouped,False,flat,,,fold_features_D30_qualonly_da_untreated.csv,da_untreated
logistic_l1,10,C=10.0,0.936655737704918,0.005452129331536,0.9023136289214786,0.0076963330328514,0.8805792349726775,0.0096697879632466,0.8704918032786886,0.0093056756097958,0.8906666666666666,0.0151372323252678,0.868404023798816,0.0104924167054672,0.0968732586058052,0.0070006267669734,donor_grouped,False,flat,,,fold_features_D30_qualonly_da_untreated.csv,da_untreated
logistic_l1,10,C=100.0,0.927431693989071,0.0071832466558054,0.8862361695368828,0.0117693887906293,0.8677158469945356,0.0128794103417995,0.8540983606557377,0.0180410645018788,0.8813333333333333,0.0171557858361055,0.8541006085577856,0.0141956363862131,0.1068727300121906,0.0091725046854488,donor_grouped,False,flat,,,fold_features_D30_qualonly_da_untreated.csv,da_untreated
logistic_l2,0,C=0.01,0.9358688524590164,0.0027362690396908,0.9186479338614784,0.0043100605622646,0.8617704918032786,0.0049701882651402,0.9475409836065574,0.0069120823173078,0.776,0.0056218269514104,0.8525054466230937,0.0049702073005863,0.1593424582125033,0.0002602747492911,donor_grouped,False,flat,,,fold_features_D30_qualonly_da_untreated.csv,da_untreated
logistic_l2,0,C=0.1,0.9494644808743168,0.0014817601537499,0.9350524388507696,0.0018024155883777,0.8969617486338798,0.0083677442558418,0.9245901639344264,0.0084655373687593,0.8693333333333333,0.0122524877796357,0.8868191621396162,0.0088020084269039,0.0954669152455853,0.0009150218064027,donor_grouped,False,flat,,,fold_features_D30_qualonly_da_untreated.csv,da_untreated
logistic_l2,0,C=1.0,0.951103825136612,0.0025904687796957,0.9357470485324524,0.0035262138707733,0.8813879781420765,0.0064416111879636,0.8934426229508198,0.011591914445681,0.8693333333333333,0.0056218269514104,0.8698885816692268,0.0070565537583023,0.084765414027216,0.0026987879928323,donor_grouped,False,flat,,,fold_features_D30_qualonly_da_untreated.csv,da_untreated
logistic_l2,0,C=10.0,0.9513661202185792,0.0042009819497634,0.9336282016484126,0.0058415982103515,0.8901530054644808,0.0127711983237308,0.9016393442622952,0.0231838288913622,0.8786666666666667,0.0042163702135578,0.8791759548939153,0.0139073607273849,0.0849355023246361,0.0041070247342896,donor_grouped,False,flat,,,fold_features_D30_qualonly_da_untreated.csv,da_untreated
logistic_l2,0,C=100.0,0.9480437158469944,0.004177920343594,0.925889518302104,0.005285668495679,0.8949180327868852,0.0088534708994643,0.9098360655737704,0.0177069417989286,0.8800000000000001,0.0,0.8843877741088816,0.0096024212027004,0.0848825107505147,0.0041934776341325,donor_grouped,False,flat,,,fold_features_D30_qualonly_da_untreated.csv,da_untreated
logistic_l2,1,C=0.01,0.9408087431693988,0.0024094443368824,0.9231115773823406,0.0034294119500118,0.8753224043715848,0.0058941687408182,0.9213114754098362,0.0069120823173079,0.8293333333333333,0.0105174751699548,0.8646328671328671,0.0060235384734437,0.1467030540468576,0.000377468139198,donor_grouped,False,flat,,,fold_features_D30_qualonly_da_untreated.csv,da_untreated
logistic_l2,1,C=0.1,0.946295081967213,0.0017181619396787,0.9299112298016686,0.0022943302436912,0.8898907103825137,0.005055030425567,0.9131147540983606,0.0079187851072073,0.8666666666666668,0.006285393610547,0.879238595175603,0.0053751557162387,0.0946110317906173,0.0010436404918562,donor_grouped,False,flat,,,fold_features_D30_qualonly_da_untreated.csv,da_untreated
logistic_l2,1,C=1.0,0.9460765027322404,0.0022763278050005,0.9291745035538777,0.0033554393128629,0.8805683060109291,0.0055707457535595,0.8918032786885245,0.0114623917832803,0.8693333333333333,0.0056218269514104,0.8689853558627751,0.0061365951122052,0.0887116951965023,0.0020175753718516,donor_grouped,False,flat,,,fold_features_D30_qualonly_da_untreated.csv,da_untreated
logistic_l2,1,C=10.0,0.946928961748634,0.0032137672864618,0.9232536829062228,0.0048387391893477,0.8834426229508197,0.0071770084899255,0.8868852459016393,0.014354016979851,0.8800000000000001,0.0,0.8718269079464989,0.0079701807840141,0.0879243876265096,0.0028368543098568,donor_grouped,False,flat,,,fold_features_D30_qualonly_da_untreated.csv,da_untreated
logistic_l2,1,C=100.0,0.945377049180328,0.0036971564653272,0.912775373919274,0.0063035991894429,0.8860546448087432,0.0056538410976551,0.8934426229508198,0.0115919144456811,0.8786666666666667,0.0042163702135578,0.8747707716708504,0.0062514819245275,0.0877476299623888,0.0028980095176957,donor_grouped,False,flat,,,fold_features_D30_qualonly_da_untreated.csv,da_untreated
logistic_l2,2,C=0.01,0.9395409836065574,0.0023387864653101,0.9209937892571992,0.0033586817204106,0.87424043715847,0.0078419986362749,0.9311475409836064,0.0069120823173079,0.8173333333333334,0.0109769680313141,0.8639007303129441,0.0079134022251453,0.1468232738794476,0.0003714990013434,donor_grouped,False,flat,,,fold_features_D30_qualonly_da_untreated.csv,da_untreated
logistic_l2,2,C=0.1,0.9458797814207648,0.0017062252706403,0.9293741890951338,0.0022552576945919,0.8892240437158471,0.0051336916345169,0.9131147540983606,0.0079187851072073,0.8653333333333334,0.0075686161626339,0.8785496187976503,0.0054387580319077,0.0949106562583893,0.0010245040233742,donor_grouped,False,flat,,,fold_features_D30_qualonly_da_untreated.csv,da_untreated
logistic_l2,2,C=1.0,0.9453989071038252,0.0019353830488462,0.9284503104544548,0.0027954048229566,0.8782622950819672,0.0053749681283965,0.8885245901639344,0.0103681234759619,0.868,0.0042163702135578,0.8664854070660523,0.0059119848512184,0.0894753428565462,0.001970531730668,donor_grouped,False,flat,,,fold_features_D30_qualonly_da_untreated.csv,da_untreated
logistic_l2,2,C=10.0,0.946382513661202,0.0033436987354087,0.9220983333250832,0.0045670820329202,0.8794972677595629,0.0076473582789106,0.880327868852459,0.0134962721696486,0.8786666666666667,0.0042163702135578,0.8674896407028587,0.0084285391147243,0.0881753907729924,0.0030252608677048,donor_grouped,False,flat,,,fold_features_D30_qualonly_da_untreated.csv,da_untreated
logistic_l2,2,C=100.0,0.9436721311475408,0.0041306399330911,0.9082779353558192,0.0055603666096024,0.8869289617486338,0.0068358595424099,0.8885245901639344,0.0150645341552898,0.8853333333333333,0.0068853037265909,0.8755611791125844,0.007546068068814,0.0876490141351854,0.0039895918027848,donor_grouped,False,flat,,,fold_features_D30_qualonly_da_untreated.csv,da_untreated
logistic_l2,3,C=0.01,0.9344043715846994,0.0032444273461659,0.9142933100952162,0.0046013489967669,0.8755737704918033,0.0082661700675729,0.9311475409836064,0.0069120823173079,0.82,0.0113311544746505,0.8652192591123888,0.0083411073023066,0.1473834677485239,0.0004070560872596,donor_grouped,False,flat,,,fold_features_D30_qualonly_da_untreated.csv,da_untreated
logistic_l2,3,C=0.1,0.9460983606557376,0.0016937344345116,0.929597470977581,0.0023859106509031,0.8852240437158472,0.0060807994139369,0.9131147540983606,0.0079187851072073,0.8573333333333334,0.0064406118871952,0.8744094488188976,0.0064491666012103,0.0948717273565309,0.0008972503524688,donor_grouped,False,flat,,,fold_features_D30_qualonly_da_untreated.csv,da_untreated
logistic_l2,3,C=1.0,0.9462295081967212,0.0025281386627172,0.9296864808460594,0.0038477799275596,0.8799016393442622,0.0041837135235557,0.8918032786885245,0.0084655373687593,0.868,0.0042163702135578,0.8683031233998977,0.0045768084790535,0.0896226723427563,0.0020749078559832,donor_grouped,False,flat,,,fold_features_D30_qualonly_da_untreated.csv,da_untreated
logistic_l2,3,C=10.0,0.9441092896174864,0.0032141802131728,0.9194076270414248,0.0049959794543751,0.8819562841530054,0.0058570466679223,0.8852459016393442,0.0109289617486338,0.8786666666666667,0.0042163702135578,0.8702415945449777,0.0064545637210788,0.0902287656835007,0.0029431998468042,donor_grouped,False,flat,,,fold_features_D30_qualonly_da_untreated.csv,da_untreated
logistic_l2,3,C=100.0,0.937071038251366,0.0033617489497,0.900769969902683,0.0043612617742884,0.8842622950819672,0.009951291622174,0.8885245901639344,0.0169310747375187,0.8800000000000001,0.0125707872210941,0.8727594681812315,0.0107856015033678,0.0920690569835846,0.0033808246847528,donor_grouped,False,flat,,,fold_features_D30_qualonly_da_untreated.csv,da_untreated
logistic_l2,4,C=0.01,0.9306666666666666,0.0020343401107807,0.9102645043525148,0.0032672068850069,0.8682950819672131,0.0095399604829251,0.9245901639344264,0.0084655373687593,0.812,0.0132590523468233,0.8578269567582545,0.009620491701796,0.1480815944730197,0.0004209871057427,donor_grouped,False,flat,,,fold_features_D30_qualonly_da_untreated.csv,da_untreated
logistic_l2,4,C=0.1,0.9469071038251368,0.0010580981053877,0.9309314069788271,0.0015140207933049,0.8856393442622951,0.004452559106507,0.90327868852459,0.0051840617379809,0.868,0.0075686161626338,0.8746126734158229,0.0046911037836674,0.093329603495979,0.000844642053597,donor_grouped,False,flat,,,fold_features_D30_qualonly_da_untreated.csv,da_untreated
logistic_l2,4,C=1.0,0.9478469945355192,0.0021346786246679,0.9305904452113164,0.0034565391365062,0.8774426229508198,0.003154162232204,0.8868852459016393,0.0051840617379809,0.868,0.0042163702135578,0.8655983614951357,0.0034040465988866,0.0883791810222795,0.0020158037521111,donor_grouped,False,flat,,,fold_features_D30_qualonly_da_untreated.csv,da_untreated
logistic_l2,4,C=10.0,0.9440437158469944,0.0029107445326685,0.9164488192878112,0.0049046611061956,0.8819562841530054,0.0058570466679223,0.8852459016393442,0.0109289617486338,0.8786666666666667,0.0042163702135578,0.8702415945449777,0.0064545637210788,0.0906285447221531,0.0027781760398521,donor_grouped,False,flat,,,fold_features_D30_qualonly_da_untreated.csv,da_untreated
logistic_l2,4,C=100.0,0.9341420765027324,0.0038664436328067,0.8940708769063119,0.004292840942505,0.8801092896174862,0.0082255715710689,0.8868852459016393,0.014354016979851,0.8733333333333334,0.0094280904158206,0.8683532964359,0.0089159972645195,0.0967441726899217,0.0035947654548554,donor_grouped,False,flat,,,fold_features_D30_qualonly_da_untreated.csv,da_untreated
logistic_l2,5,C=0.01,0.9363497267759564,0.0021706824433496,0.9164267325037628,0.0033234314577762,0.8629180327868852,0.0101242345102709,0.9098360655737704,0.0086401028966349,0.8160000000000001,0.0137706074531819,0.8519168635376694,0.0102815028219952,0.1426335702299458,0.0005762332733324,donor_grouped,False,flat,,,fold_features_D30_qualonly_da_untreated.csv,da_untreated
logistic_l2,5,C=0.1,0.9532677595628416,0.0013623018891098,0.9382833821388512,0.0021005740272506,0.8872240437158471,0.0047784134874539,0.9131147540983606,0.0079187851072073,0.8613333333333333,0.009322745317068,0.8764826896637921,0.0050313297916253,0.0898706023099799,0.0009178805060546,donor_grouped,False,flat,,,fold_features_D30_qualonly_da_untreated.csv,da_untreated
logistic_l2,5,C=1.0,0.9526120218579236,0.0018937928272535,0.9335160750446884,0.0038729067451271,0.8870273224043717,0.0076200373964823,0.8967213114754099,0.0079187851072073,0.8773333333333333,0.0122524877796357,0.8759289298515105,0.0081624613712415,0.0836265224748742,0.0017837076658988,donor_grouped,False,flat,,,fold_features_D30_qualonly_da_untreated.csv,da_untreated
logistic_l2,5,C=10.0,0.9483060109289616,0.001878171038929,0.9132789586347364,0.0031477182769742,0.8923606557377048,0.0096925987219718,0.8967213114754099,0.0110647304542713,0.8879999999999999,0.0128812237743905,0.8815680441597042,0.0104855267082177,0.0837455297610805,0.0021468818471251,donor_grouped,False,flat,,,fold_features_D30_qualonly_da_untreated.csv,da_untreated
logistic_l2,5,C=100.0,0.9398469945355192,0.0041776026769186,0.888398214223173,0.0099502410544957,0.8870273224043717,0.0110598177028022,0.8967213114754099,0.0173663918929734,0.8773333333333333,0.0084327404271156,0.8758519800681878,0.0120026694793919,0.0895390147251014,0.0047018398776837,donor_grouped,False,flat,,,fold_features_D30_qualonly_da_untreated.csv,da_untreated
logistic_l2,6,C=0.01,0.9342295081967212,0.0023909766527058,0.913436626845112,0.0040954126553121,0.8682513661202187,0.005125684354703,0.9098360655737704,0.0086401028966349,0.8266666666666665,0.0088888888888888,0.8571445354640922,0.0053152287611604,0.1420461211599991,0.0005831986180971,donor_grouped,False,flat,,,fold_features_D30_qualonly_da_untreated.csv,da_untreated
logistic_l2,6,C=0.1,0.955344262295082,0.0019578811240786,0.941247167726382,0.0029620014065823,0.885224043715847,0.0066772686856583,0.9131147540983606,0.0079187851072073,0.8573333333333334,0.0109769680313141,0.8744296259842519,0.0069864468527347,0.0881099248005323,0.0010225894650626,donor_grouped,False,flat,,,fold_features_D30_qualonly_da_untreated.csv,da_untreated
logistic_l2,6,C=1.0,0.9556939890710382,0.0021980228558341,0.9368184393364584,0.004458439394593,0.8936939890710383,0.0053324797509376,0.8967213114754099,0.0079187851072073,0.8906666666666666,0.0056218269514104,0.8829645948072384,0.0058070187505944,0.0803180438425777,0.0020378213021408,donor_grouped,False,flat,,,fold_features_D30_qualonly_da_untreated.csv,da_untreated
logistic_l2,6,C=10.0,0.9515628415300544,0.001977172388265,0.9216952582564868,0.0033771786769659,0.8874426229508197,0.0071064307957709,0.8868852459016393,0.0093056756097958,0.8879999999999999,0.0068853037265909,0.8761080514030948,0.0077523064321789,0.0819434761498837,0.0021595156782273,donor_grouped,False,flat,,,fold_features_D30_qualonly_da_untreated.csv,da_untreated
logistic_l2,6,C=100.0,0.9412459016393444,0.0046536791615652,0.89886874316644,0.0085928919295352,0.8896939890710384,0.0085227295464521,0.8967213114754099,0.0079187851072073,0.8826666666666666,0.0122524877796357,0.8787453848363368,0.0091752993858178,0.0898720548236801,0.0042796989564753,donor_grouped,False,flat,,,fold_features_D30_qualonly_da_untreated.csv,da_untreated
logistic_l2,7,C=0.01,0.9344918032786886,0.0019223101707528,0.9144159735103068,0.0033325534241119,0.8610710382513661,0.0040128459524275,0.9114754098360656,0.0084655373687594,0.8106666666666668,0.0056218269514104,0.8501432409829356,0.0042431237926521,0.1414723842804079,0.0004797385116833,donor_grouped,False,flat,,,fold_features_D30_qualonly_da_untreated.csv,da_untreated
logistic_l2,7,C=0.1,0.9540546448087432,0.0018740682160463,0.94041565963915,0.0030611708373037,0.8850710382513661,0.0066831095063858,0.9114754098360656,0.0084655373687593,0.8586666666666668,0.0112436539028208,0.8742312132858393,0.0069966154641895,0.0891667767039335,0.0008484040387702,donor_grouped,False,flat,,,fold_features_D30_qualonly_da_untreated.csv,da_untreated
logistic_l2,7,C=1.0,0.9556939890710384,0.0023270677134936,0.9365855178881344,0.00436579916736,0.8945136612021859,0.0054697727867228,0.898360655737705,0.0103681234759619,0.8906666666666666,0.0056218269514104,0.8838534836961273,0.0059805277020479,0.0801544564617391,0.001866459917507,donor_grouped,False,flat,,,fold_features_D30_qualonly_da_untreated.csv,da_untreated
logistic_l2,7,C=10.0,0.9538360655737704,0.0026225460120735,0.924414496065913,0.0024147919745645,0.9026666666666668,0.0081781939973041,0.9,0.014354016979851,0.9053333333333332,0.0042163702135578,0.8926390734028968,0.0089533094922039,0.0789467612560081,0.0026968646657648,donor_grouped,False,flat,,,fold_features_D30_qualonly_da_untreated.csv,da_untreated
logistic_l2,7,C=100.0,0.941311475409836,0.0042835705835595,0.8994656582989459,0.0086390501558535,0.8958469945355191,0.0089036575927985,0.898360655737705,0.0169310747375187,0.8933333333333333,0.0088888888888888,0.8852512559338784,0.0096514743574236,0.085952439618123,0.0058094196946018,donor_grouped,False,flat,,,fold_features_D30_qualonly_da_untreated.csv,da_untreated
logistic_l2,8,C=0.01,0.9406994535519124,0.002477338474057,0.9219704031538292,0.0050422141586807,0.8656284153005466,0.0059669973783981,0.9245901639344264,0.0084655373687594,0.8066666666666666,0.0129576708774339,0.8552166692411678,0.0059622229833008,0.1349847926770252,0.0004458270792577,donor_grouped,False,flat,,,fold_features_D30_qualonly_da_untreated.csv,da_untreated
logistic_l2,8,C=0.1,0.956,0.001609689275926,0.943940531146596,0.0021456783905854,0.8786666666666667,0.0065781496521848,0.9,0.0093056756097958,0.8573333333333334,0.0109769680313141,0.8673101443714885,0.0069854913655237,0.086862480109378,0.0010681184754763,donor_grouped,False,flat,,,fold_features_D30_qualonly_da_untreated.csv,da_untreated
logistic_l2,8,C=1.0,0.95624043715847,0.0017601322018713,0.939815243824623,0.0032435706828375,0.889191256830601,0.0067797646817557,0.8770491803278688,0.0139317473048983,0.9013333333333332,0.009322745317068,0.8777422849042201,0.0075896131559362,0.0823661765946603,0.0023341158607924,donor_grouped,False,flat,,,fold_features_D30_qualonly_da_untreated.csv,da_untreated
logistic_l2,8,C=10.0,0.9502513661202184,0.0014724159509297,0.9199343216718112,0.0016084017353336,0.8885792349726775,0.0081510567705881,0.8704918032786886,0.0163021135411763,0.9066666666666666,0.0,0.8768932977773078,0.0091866369540574,0.0855975606329579,0.0028837702546498,donor_grouped,False,flat,,,fold_features_D30_qualonly_da_untreated.csv,da_untreated
logistic_l2,8,C=100.0,0.938688524590164,0.0034379455700995,0.8970335291489991,0.0081368272203792,0.883551912568306,0.0082509036971796,0.8737704918032787,0.0155521852139428,0.8933333333333333,0.0088888888888888,0.8715878981740637,0.0091945253251848,0.0929360097439556,0.0062017537337938,donor_grouped,False,flat,,,fold_features_D30_qualonly_da_untreated.csv,da_untreated
logistic_l2,9,C=0.01,0.9412896174863388,0.0020275441464103,0.9235766882051978,0.0034274911626675,0.8682950819672131,0.0063380545174818,0.9245901639344264,0.0084655373687594,0.812,0.0146733991281947,0.8578290441436189,0.0062664602510897,0.1344373038775211,0.0004551309410689,donor_grouped,False,flat,,,fold_features_D30_qualonly_da_untreated.csv,da_untreated
logistic_l2,9,C=0.1,0.9561748633879782,0.0014323936795145,0.9449099282762355,0.0020906262550407,0.8826666666666666,0.0045106008198544,0.9,0.0093056756097958,0.8653333333333334,0.0098381971649682,0.8714312292358803,0.0048220289013593,0.0866212763617266,0.0010626679751098,donor_grouped,False,flat,,,fold_features_D30_qualonly_da_untreated.csv,da_untreated
logistic_l2,9,C=1.0,0.9559562841530054,0.0013833761417885,0.9404843220661728,0.0030656451924595,0.8877049180327867,0.0113894778912386,0.8754098360655738,0.0207362469519237,0.9,0.0094280904158206,0.8760452832641048,0.012799673255168,0.0831234471940529,0.0019704165587714,donor_grouped,False,flat,,,fold_features_D30_qualonly_da_untreated.csv,da_untreated
logistic_l2,9,C=10.0,0.94824043715847,0.0020731126258685,0.9198262799390368,0.0030724041883518,0.8879125683060108,0.0084910835589444,0.8704918032786886,0.0163021135411763,0.9053333333333332,0.0042163702135578,0.8761752378938231,0.0095353591205273,0.0881332256096715,0.0032139726509299,donor_grouped,False,flat,,,fold_features_D30_qualonly_da_untreated.csv,da_untreated
logistic_l2,9,C=100.0,0.9373989071038252,0.0046836973407368,0.8996230106026786,0.0079135297333344,0.8805792349726775,0.0064695699689259,0.8704918032786886,0.0093056756097958,0.8906666666666666,0.0084327404271156,0.8683557981765972,0.0071127718081855,0.0944859225710813,0.0057551441694183,donor_grouped,False,flat,,,fold_features_D30_qualonly_da_untreated.csv,da_untreated
logistic_l2,10,C=0.01,0.9397814207650272,0.0031155528966448,0.922204671208604,0.005047268866642,0.8719344262295083,0.0060284119543159,0.9278688524590164,0.0084655373687593,0.8160000000000001,0.0151372323252678,0.8615285253240161,0.0059272553481617,0.1345184865065474,0.0008980987080902,donor_grouped,False,flat,,,fold_features_D30_qualonly_da_untreated.csv,da_untreated
logistic_l2,10,C=0.1,0.9530491803278688,0.0032302431828478,0.9416383268634388,0.0041968304082817,0.8828196721311474,0.0057643985418947,0.9016393442622952,0.0109289617486338,0.8640000000000001,0.0105174751699548,0.8716315210598676,0.0061765221241654,0.0883649032814483,0.0016421535930292,donor_grouped,False,flat,,,fold_features_D30_qualonly_da_untreated.csv,da_untreated
logistic_l2,10,C=1.0,0.9506448087431696,0.0029122031869984,0.9338120199889576,0.0046367705344047,0.8762732240437158,0.0105234356683435,0.8672131147540985,0.0196265409793092,0.8853333333333333,0.0093227453170679,0.8636002637601317,0.0117709794799843,0.0876619324070104,0.0024808295219935,donor_grouped,False,flat,,,fold_features_D30_qualonly_da_untreated.csv,da_untreated
logistic_l2,10,C=10.0,0.941792349726776,0.0048865483472472,0.912722545350718,0.0067300471008743,0.8825792349726775,0.009824076887279,0.8704918032786886,0.014354016979851,0.8946666666666667,0.0116746004769454,0.8704814478722863,0.0108141545940564,0.0950442135277725,0.004866158968147,donor_grouped,False,flat,,,fold_features_D30_qualonly_da_untreated.csv,da_untreated
logistic_l2,10,C=100.0,0.9294426229508196,0.0071616348440587,0.8910153516998003,0.0127746936290728,0.8709945355191258,0.0135026819913963,0.860655737704918,0.0177069417989285,0.8813333333333333,0.0171557858361055,0.8578522153530839,0.0147481777182805,0.1055930043528006,0.0087970555713809,donor_grouped,False,flat,,,fold_features_D30_qualonly_da_untreated.csv,da_untreated
logistic_l1,0,C=0.1,0.9396065573770492,0.0087516959031123,0.8992030477525462,0.0228502734899214,0.8696612021857923,0.0127502680183997,0.860655737704918,0.0177069417989285,0.8786666666666667,0.0146733991281948,0.8564315111065678,0.014004484118316,0.0931529397078197,0.0048800861068382,donor_grouped,False,nested,50.0,"k=0,C=0.1 x13; k=6,C=1.0 x6; k=8,C=1.0 x6; k=9,C=1.0 x5; k=10,C=1.0 x4; k=7,C=100.0 x3; k=8,C=100.0 x3; k=7,C=10.0 x2; k=3,C=1.0 x2; k=5,C=1.0 x2; k=7,C=1.0 x1; k=6,C=10.0 x1; k=8,C=10.0 x1; k=4,C=1.0 x1",fold_features_D30_qualonly_da_untreated.csv,da_untreated
logistic_l2,9,C=1.0,0.9445683060109292,0.0083856470578627,0.9058551378479772,0.0188606385207833,0.8774972677595627,0.0132634206777346,0.880327868852459,0.0219261231122829,0.8746666666666666,0.009322745317068,0.86534177767705,0.0145994650209154,0.0895333279290806,0.0061657267216337,donor_grouped,False,nested,50.0,"k=9,C=1.0 x9; k=10,C=1.0 x9; k=10,C=0.1 x5; k=8,C=10.0 x4; k=9,C=0.1 x3; k=8,C=1.0 x3; k=7,C=1.0 x3; k=6,C=0.1 x3; k=8,C=0.1 x2; k=6,C=1.0 x2; k=7,C=10.0 x1; k=5,C=1.0 x1; k=9,C=10.0 x1; k=7,C=100.0 x1; k=0,C=1.0 x1; k=1,C=1.0 x1; k=5,C=0.1 x1",fold_features_D30_qualonly_da_untreated.csv,da_untreated
logistic_l1,0,C=0.01,0.4703825136612022,,0.4168029703662371,,0.5,,1.0,,0.0,,0.6192893401015228,,0.2512067302856082,,loco,False,flat,,,fold_features_D30_qualonly_da_untreated.csv,da_untreated
logistic_l1,0,C=0.1,0.9565027322404372,,0.9436579910458636,,0.8662295081967213,,0.8524590163934426,,0.88,,0.8524590163934426,,0.0882088113973217,,loco,False,flat,,,fold_features_D30_qualonly_da_untreated.csv,da_untreated
logistic_l1,0,C=1.0,0.9506010928961748,,0.9353340172716926,,0.8908196721311475,,0.9016393442622952,,0.88,,0.88,,0.0863193047107448,,loco,False,flat,,,fold_features_D30_qualonly_da_untreated.csv,da_untreated
logistic_l1,0,C=10.0,0.9514754098360656,,0.9307446676705996,,0.8826229508196721,,0.8852459016393442,,0.88,,0.8709677419354839,,0.0821060383596676,,loco,False,flat,,,fold_features_D30_qualonly_da_untreated.csv,da_untreated
logistic_l1,0,C=100.0,0.9486338797814208,,0.925539771813232,,0.8826229508196721,,0.8852459016393442,,0.88,,0.8709677419354839,,0.0826574504827743,,loco,False,flat,,,fold_features_D30_qualonly_da_untreated.csv,da_untreated
logistic_l1,1,C=0.01,0.4697267759562841,,0.4156668698245657,,0.5,,1.0,,0.0,,0.6192893401015228,,0.2512158757519012,,loco,False,flat,,,fold_features_D30_qualonly_da_untreated.csv,da_untreated
logistic_l1,1,C=0.1,0.9565027322404372,,0.9436579910458636,,0.8662295081967213,,0.8524590163934426,,0.88,,0.8524590163934426,,0.0882090370787118,,loco,False,flat,,,fold_features_D30_qualonly_da_untreated.csv,da_untreated
logistic_l1,1,C=1.0,0.9506010928961748,,0.9353340172716926,,0.8908196721311475,,0.9016393442622952,,0.88,,0.88,,0.0863000990502012,,loco,False,flat,,,fold_features_D30_qualonly_da_untreated.csv,da_untreated
logistic_l1,1,C=10.0,0.9495081967213116,,0.9228376952823698,,0.8826229508196721,,0.8852459016393442,,0.88,,0.8709677419354839,,0.0831657992066569,,loco,False,flat,,,fold_features_D30_qualonly_da_untreated.csv,da_untreated
logistic_l1,1,C=100.0,0.9473224043715848,,0.9163899258652668,,0.8826229508196721,,0.8852459016393442,,0.88,,0.8709677419354839,,0.0833306281728784,,loco,False,flat,,,fold_features_D30_qualonly_da_untreated.csv,da_untreated
logistic_l1,2,C=0.01,0.4697267759562841,,0.4157645130382809,,0.5,,1.0,,0.0,,0.6192893401015228,,0.2512140844034607,,loco,False,flat,,,fold_features_D30_qualonly_da_untreated.csv,da_untreated
logistic_l1,2,C=0.1,0.9565027322404372,,0.9436579910458636,,0.8662295081967213,,0.8524590163934426,,0.88,,0.8524590163934426,,0.0882090105482279,,loco,False,flat,,,fold_features_D30_qualonly_da_untreated.csv,da_untreated
logistic_l1,2,C=1.0,0.9506010928961748,,0.9353340172716926,,0.8908196721311475,,0.9016393442622952,,0.88,,0.88,,0.0862998054649764,,loco,False,flat,,,fold_features_D30_qualonly_da_untreated.csv,da_untreated
logistic_l1,2,C=10.0,0.9475409836065573,,0.9196065457598672,,0.8744262295081967,,0.8688524590163934,,0.88,,0.8617886178861789,,0.0843076453483293,,loco,False,flat,,,fold_features_D30_qualonly_da_untreated.csv,da_untreated
logistic_l1,2,C=100.0,0.947103825136612,,0.9143561077326308,,0.8908196721311475,,0.9016393442622952,,0.88,,0.88,,0.0837442590739461,,loco,False,flat,,,fold_features_D30_qualonly_da_untreated.csv,da_untreated
logistic_l1,3,C=0.01,0.4719125683060108,,0.4175842585782085,,0.5,,1.0,,0.0,,0.6192893401015228,,0.2511982447364708,,loco,False,flat,,,fold_features_D30_qualonly_da_untreated.csv,da_untreated
logistic_l1,3,C=0.1,0.9565027322404372,,0.9436579910458636,,0.8662295081967213,,0.8524590163934426,,0.88,,0.8524590163934426,,0.0882094720809292,,loco,False,flat,,,fold_features_D30_qualonly_da_untreated.csv,da_untreated
logistic_l1,3,C=1.0,0.9503825136612022,,0.935348640467438,,0.8841530054644808,,0.9016393442622952,,0.8666666666666667,,0.873015873015873,,0.0868444791317601,,loco,False,flat,,,fold_features_D30_qualonly_da_untreated.csv,da_untreated
logistic_l1,3,C=10.0,0.9444808743169398,,0.9151792983930224,,0.8826229508196721,,0.8852459016393442,,0.88,,0.8709677419354839,,0.0863570495685979,,loco,False,flat,,,fold_features_D30_qualonly_da_untreated.csv,da_untreated
logistic_l1,3,C=100.0,0.9398907103825136,,0.9049351971558182,,0.8744262295081967,,0.8688524590163934,,0.88,,0.8617886178861789,,0.0858984989177458,,loco,False,flat,,,fold_features_D30_qualonly_da_untreated.csv,da_untreated
logistic_l1,4,C=0.01,0.4727868852459016,,0.4185172185400326,,0.5,,1.0,,0.0,,0.6192893401015228,,0.2511915591712528,,loco,False,flat,,,fold_features_D30_qualonly_da_untreated.csv,da_untreated
logistic_l1,4,C=0.1,0.9565027322404372,,0.9436579910458636,,0.8662295081967213,,0.8524590163934426,,0.88,,0.8524590163934426,,0.0882099380662785,,loco,False,flat,,,fold_features_D30_qualonly_da_untreated.csv,da_untreated
logistic_l1,4,C=1.0,0.9510382513661202,,0.934254795634752,,0.899016393442623,,0.918032786885246,,0.88,,0.8888888888888888,,0.0861201338808668,,loco,False,flat,,,fold_features_D30_qualonly_da_untreated.csv,da_untreated
logistic_l1,4,C=10.0,0.9455737704918032,,0.9146190540410338,,0.8759562841530055,,0.8852459016393442,,0.8666666666666667,,0.864,,0.085989905496079,,loco,False,flat,,,fold_features_D30_qualonly_da_untreated.csv,da_untreated
logistic_l1,4,C=100.0,0.9372677595628416,,0.9005451373491307,,0.8744262295081967,,0.8688524590163934,,0.88,,0.8617886178861789,,0.0899481321667562,,loco,False,flat,,,fold_features_D30_qualonly_da_untreated.csv,da_untreated
logistic_l1,5,C=0.01,0.4745355191256831,,0.4192378617277956,,0.5,,1.0,,0.0,,0.6192893401015228,,0.2511765406389075,,loco,False,flat,,,fold_features_D30_qualonly_da_untreated.csv,da_untreated
logistic_l1,5,C=0.1,0.9560655737704916,,0.943251598980841,,0.8662295081967213,,0.8524590163934426,,0.88,,0.8524590163934426,,0.088512467429269,,loco,False,flat,,,fold_features_D30_qualonly_da_untreated.csv,da_untreated
logistic_l1,5,C=1.0,0.9549726775956284,,0.9385211705088295,,0.8908196721311475,,0.9016393442622952,,0.88,,0.88,,0.0840238292201071,,loco,False,flat,,,fold_features_D30_qualonly_da_untreated.csv,da_untreated
logistic_l1,5,C=10.0,0.9492896174863388,,0.9012433683944238,,0.8974863387978143,,0.9016393442622952,,0.8933333333333333,,0.8870967741935484,,0.0818381823731136,,loco,False,flat,,,fold_features_D30_qualonly_da_untreated.csv,da_untreated
logistic_l1,5,C=100.0,0.942950819672131,,0.8862964821098658,,0.8892896174863387,,0.8852459016393442,,0.8933333333333333,,0.8780487804878049,,0.0861086203004976,,loco,False,flat,,,fold_features_D30_qualonly_da_untreated.csv,da_untreated
logistic_l1,6,C=0.01,0.4762841530054644,,0.4198271881651751,,0.5,,1.0,,0.0,,0.6192893401015228,,0.251161051538547,,loco,False,flat,,,fold_features_D30_qualonly_da_untreated.csv,da_untreated
logistic_l1,6,C=0.1,0.9560655737704916,,0.943251598980841,,0.8662295081967213,,0.8524590163934426,,0.88,,0.8524590163934426,,0.0885129385584841,,loco,False,flat,,,fold_features_D30_qualonly_da_untreated.csv,da_untreated
logistic_l1,6,C=1.0,0.9547540983606556,,0.9347648949931364,,0.899016393442623,,0.918032786885246,,0.88,,0.8888888888888888,,0.081200136127148,,loco,False,flat,,,fold_features_D30_qualonly_da_untreated.csv,da_untreated
logistic_l1,6,C=10.0,0.9516939890710382,,0.9156448168710803,,0.8892896174863387,,0.8852459016393442,,0.8933333333333333,,0.8780487804878049,,0.0825088647487012,,loco,False,flat,,,fold_features_D30_qualonly_da_untreated.csv,da_untreated
logistic_l1,6,C=100.0,0.9438251366120218,,0.8940750432860725,,0.8744262295081967,,0.8688524590163934,,0.88,,0.8617886178861789,,0.0888803170191744,,loco,False,flat,,,fold_features_D30_qualonly_da_untreated.csv,da_untreated
logistic_l1,7,C=0.01,0.4791256830601092,,0.4209639694427159,,0.5,,1.0,,0.0,,0.6192893401015228,,0.251143087011619,,loco,False,flat,,,fold_features_D30_qualonly_da_untreated.csv,da_untreated
logistic_l1,7,C=0.1,0.9560655737704916,,0.943251598980841,,0.8662295081967213,,0.8524590163934426,,0.88,,0.8524590163934426,,0.088513776883296,,loco,False,flat,,,fold_features_D30_qualonly_da_untreated.csv,da_untreated
logistic_l1,7,C=1.0,0.9530054644808744,,0.9323834249084426,,0.899016393442623,,0.918032786885246,,0.88,,0.8888888888888888,,0.0825495218413905,,loco,False,flat,,,fold_features_D30_qualonly_da_untreated.csv,da_untreated
logistic_l1,7,C=10.0,0.9481967213114754,,0.9046600073305162,,0.9041530054644809,,0.9016393442622952,,0.9066666666666666,,0.8943089430894309,,0.0806242856076235,,loco,False,flat,,,fold_features_D30_qualonly_da_untreated.csv,da_untreated
logistic_l1,7,C=100.0,0.9392349726775956,,0.8884735605625779,,0.8908196721311475,,0.9016393442622952,,0.88,,0.88,,0.0843708697798572,,loco,False,flat,,,fold_features_D30_qualonly_da_untreated.csv,da_untreated
logistic_l1,8,C=0.01,0.4786885245901639,,0.4207950037432449,,0.5,,1.0,,0.0,,0.6192893401015228,,0.251146070022009,,loco,False,flat,,,fold_features_D30_qualonly_da_untreated.csv,da_untreated
logistic_l1,8,C=0.1,0.9554098360655738,,0.942019152619077,,0.8662295081967213,,0.8524590163934426,,0.88,,0.8524590163934426,,0.0891995526212911,,loco,False,flat,,,fold_features_D30_qualonly_da_untreated.csv,da_untreated
logistic_l1,8,C=1.0,0.9543169398907104,,0.9345990186813172,,0.8908196721311475,,0.9016393442622952,,0.88,,0.88,,0.0821901379825396,,loco,False,flat,,,fold_features_D30_qualonly_da_untreated.csv,da_untreated
logistic_l1,8,C=10.0,0.9449180327868852,,0.8996539754037278,,0.8892896174863387,,0.8852459016393442,,0.8933333333333333,,0.8780487804878049,,0.0863291603207478,,loco,False,flat,,,fold_features_D30_qualonly_da_untreated.csv,da_untreated
logistic_l1,8,C=100.0,0.9374863387978142,,0.8866296486689449,,0.8892896174863387,,0.8852459016393442,,0.8933333333333333,,0.8780487804878049,,0.0881278967950728,,loco,False,flat,,,fold_features_D30_qualonly_da_untreated.csv,da_untreated
logistic_l1,9,C=0.01,0.4789071038251365,,0.4207937638848863,,0.5,,1.0,,0.0,,0.6192893401015228,,0.2511486942173009,,loco,False,flat,,,fold_features_D30_qualonly_da_untreated.csv,da_untreated
logistic_l1,9,C=0.1,0.9554098360655738,,0.942019152619077,,0.8662295081967213,,0.8524590163934426,,0.88,,0.8524590163934426,,0.0891995251472509,,loco,False,flat,,,fold_features_D30_qualonly_da_untreated.csv,da_untreated
logistic_l1,9,C=1.0,0.9527868852459016,,0.9333974114789096,,0.8908196721311475,,0.9016393442622952,,0.88,,0.88,,0.0839940364608701,,loco,False,flat,,,fold_features_D30_qualonly_da_untreated.csv,da_untreated
logistic_l1,9,C=10.0,0.9438251366120218,,0.9002261662947526,,0.8810928961748634,,0.8688524590163934,,0.8933333333333333,,0.8688524590163934,,0.0895074820021312,,loco,False,flat,,,fold_features_D30_qualonly_da_untreated.csv,da_untreated
logistic_l1,9,C=100.0,0.9366120218579236,,0.8848228462590499,,0.8892896174863387,,0.8852459016393442,,0.8933333333333333,,0.8780487804878049,,0.0916273933337678,,loco,False,flat,,,fold_features_D30_qualonly_da_untreated.csv,da_untreated
logistic_l1,10,C=0.01,0.479344262295082,,0.4210941452666642,,0.5,,1.0,,0.0,,0.6192893401015228,,0.2511474771102693,,loco,False,flat,,,fold_features_D30_qualonly_da_untreated.csv,da_untreated
logistic_l1,10,C=0.1,0.9554098360655738,,0.942019152619077,,0.8662295081967213,,0.8524590163934426,,0.88,,0.8524590163934426,,0.0891994922049121,,loco,False,flat,,,fold_features_D30_qualonly_da_untreated.csv,da_untreated
logistic_l1,10,C=1.0,0.9525683060109288,,0.9331665770333738,,0.8908196721311475,,0.9016393442622952,,0.88,,0.88,,0.0842441011389579,,loco,False,flat,,,fold_features_D30_qualonly_da_untreated.csv,da_untreated
logistic_l1,10,C=10.0,0.940327868852459,,0.8909119830707742,,0.8728961748633879,,0.8524590163934426,,0.8933333333333333,,0.859504132231405,,0.0931804462591719,,loco,False,flat,,,fold_features_D30_qualonly_da_untreated.csv,da_untreated
logistic_l1,10,C=100.0,0.9326775956284152,,0.8818415834566667,,0.8892896174863387,,0.8852459016393442,,0.8933333333333333,,0.8780487804878049,,0.096002360244235,,loco,False,flat,,,fold_features_D30_qualonly_da_untreated.csv,da_untreated
logistic_l2,0,C=0.01,0.9398907103825136,,0.9248151822106492,,0.8605464480874316,,0.9344262295081968,,0.7866666666666666,,0.8507462686567164,,0.150826180864269,,loco,False,flat,,,fold_features_D30_qualonly_da_untreated.csv,da_untreated
logistic_l2,0,C=0.1,0.9495081967213116,,0.9346127872445772,,0.8923497267759564,,0.918032786885246,,0.8666666666666667,,0.8818897637795275,,0.0922555127076518,,loco,False,flat,,,fold_features_D30_qualonly_da_untreated.csv,da_untreated
logistic_l2,0,C=1.0,0.9508196721311476,,0.9353200127264704,,0.8759562841530055,,0.8852459016393442,,0.8666666666666667,,0.864,,0.0853609159210607,,loco,False,flat,,,fold_features_D30_qualonly_da_untreated.csv,da_untreated
logistic_l2,0,C=10.0,0.9527868852459016,,0.9338728586789572,,0.8826229508196721,,0.8852459016393442,,0.88,,0.8709677419354839,,0.0844764192139386,,loco,False,flat,,,fold_features_D30_qualonly_da_untreated.csv,da_untreated
logistic_l2,0,C=100.0,0.949071038251366,,0.927176177707294,,0.8826229508196721,,0.8852459016393442,,0.88,,0.8709677419354839,,0.0831107880892541,,loco,False,flat,,,fold_features_D30_qualonly_da_untreated.csv,da_untreated
logistic_l2,1,C=0.01,0.9429508196721312,,0.9252997344365608,,0.879016393442623,,0.918032786885246,,0.84,,0.8682170542635659,,0.1384863772470547,,loco,False,flat,,,fold_features_D30_qualonly_da_untreated.csv,da_untreated
logistic_l2,1,C=0.1,0.9475409836065574,,0.9316873510650144,,0.8841530054644808,,0.9016393442622952,,0.8666666666666667,,0.873015873015873,,0.0920380580149057,,loco,False,flat,,,fold_features_D30_qualonly_da_untreated.csv,da_untreated
logistic_l2,1,C=1.0,0.9479781420765028,,0.9318528817061628,,0.8759562841530055,,0.8852459016393442,,0.8666666666666667,,0.864,,0.0874035632904419,,loco,False,flat,,,fold_features_D30_qualonly_da_untreated.csv,da_untreated
logistic_l2,1,C=10.0,0.9519125683060108,,0.9271868493120554,,0.8826229508196721,,0.8852459016393442,,0.88,,0.8709677419354839,,0.0849758521902962,,loco,False,flat,,,fold_features_D30_qualonly_da_untreated.csv,da_untreated
logistic_l2,1,C=100.0,0.947103825136612,,0.9162173633113412,,0.8826229508196721,,0.8852459016393442,,0.88,,0.8709677419354839,,0.0835897690996361,,loco,False,flat,,,fold_features_D30_qualonly_da_untreated.csv,da_untreated
logistic_l2,2,C=0.01,0.9405464480874316,,0.9224438278711518,,0.879016393442623,,0.918032786885246,,0.84,,0.8682170542635659,,0.1388580159734329,,loco,False,flat,,,fold_features_D30_qualonly_da_untreated.csv,da_untreated
logistic_l2,2,C=0.1,0.9473224043715848,,0.9317873997817728,,0.8841530054644808,,0.9016393442622952,,0.8666666666666667,,0.873015873015873,,0.0924754164927262,,loco,False,flat,,,fold_features_D30_qualonly_da_untreated.csv,da_untreated
logistic_l2,2,C=1.0,0.9473224043715848,,0.9307088235191608,,0.8759562841530055,,0.8852459016393442,,0.8666666666666667,,0.864,,0.0881313579361998,,loco,False,flat,,,fold_features_D30_qualonly_da_untreated.csv,da_untreated
logistic_l2,2,C=10.0,0.949071038251366,,0.9212502866758118,,0.8744262295081967,,0.8688524590163934,,0.88,,0.8617886178861789,,0.0854796859720097,,loco,False,flat,,,fold_features_D30_qualonly_da_untreated.csv,da_untreated
logistic_l2,2,C=100.0,0.9466666666666668,,0.914007370154914,,0.8908196721311475,,0.9016393442622952,,0.88,,0.88,,0.0839953282480419,,loco,False,flat,,,fold_features_D30_qualonly_da_untreated.csv,da_untreated
logistic_l2,3,C=0.01,0.9370491803278688,,0.918727816926853,,0.8723497267759563,,0.918032786885246,,0.8266666666666667,,0.8615384615384616,,0.1394857594400322,,loco,False,flat,,,fold_features_D30_qualonly_da_untreated.csv,da_untreated
logistic_l2,3,C=0.1,0.948415300546448,,0.932799208388576,,0.8908196721311475,,0.9016393442622952,,0.88,,0.88,,0.0920636031872221,,loco,False,flat,,,fold_features_D30_qualonly_da_untreated.csv,da_untreated
logistic_l2,3,C=1.0,0.9488524590163936,,0.9331769469910688,,0.8841530054644808,,0.9016393442622952,,0.8666666666666667,,0.873015873015873,,0.088133259729531,,loco,False,flat,,,fold_features_D30_qualonly_da_untreated.csv,da_untreated
logistic_l2,3,C=10.0,0.9479781420765028,,0.920004597632804,,0.8744262295081967,,0.8688524590163934,,0.88,,0.8617886178861789,,0.0867657856805378,,loco,False,flat,,,fold_features_D30_qualonly_da_untreated.csv,da_untreated
logistic_l2,3,C=100.0,0.9401092896174864,,0.904690817254008,,0.8810928961748634,,0.8688524590163934,,0.8933333333333333,,0.8688524590163934,,0.0862165373466269,,loco,False,flat,,,fold_features_D30_qualonly_da_untreated.csv,da_untreated
logistic_l2,4,C=0.01,0.9363934426229508,,0.9178790587602824,,0.8723497267759563,,0.918032786885246,,0.8266666666666667,,0.8615384615384616,,0.1398147395561581,,loco,False,flat,,,fold_features_D30_qualonly_da_untreated.csv,da_untreated
logistic_l2,4,C=0.1,0.9481967213114756,,0.932082356895612,,0.8908196721311475,,0.9016393442622952,,0.88,,0.88,,0.08957033751127,,loco,False,flat,,,fold_features_D30_qualonly_da_untreated.csv,da_untreated
logistic_l2,4,C=1.0,0.9497267759562842,,0.933161884823236,,0.8841530054644808,,0.9016393442622952,,0.8666666666666667,,0.873015873015873,,0.0865864777790569,,loco,False,flat,,,fold_features_D30_qualonly_da_untreated.csv,da_untreated
logistic_l2,4,C=10.0,0.9462295081967214,,0.9168613194284062,,0.8908196721311475,,0.9016393442622952,,0.88,,0.88,,0.087378798806515,,loco,False,flat,,,fold_features_D30_qualonly_da_untreated.csv,da_untreated
logistic_l2,4,C=100.0,0.9366120218579236,,0.8992531634530945,,0.8744262295081967,,0.8688524590163934,,0.88,,0.8617886178861789,,0.0908208349023382,,loco,False,flat,,,fold_features_D30_qualonly_da_untreated.csv,da_untreated
logistic_l2,5,C=0.01,0.9416393442622952,,0.9226393783963408,,0.8723497267759563,,0.918032786885246,,0.8266666666666667,,0.8615384615384616,,0.1343186378509535,,loco,False,flat,,,fold_features_D30_qualonly_da_untreated.csv,da_untreated
logistic_l2,5,C=0.1,0.9565027322404372,,0.942553143004461,,0.8908196721311475,,0.9016393442622952,,0.88,,0.88,,0.0864503834144248,,loco,False,flat,,,fold_features_D30_qualonly_da_untreated.csv,da_untreated
logistic_l2,5,C=1.0,0.953879781420765,,0.9347686173984104,,0.8908196721311475,,0.9016393442622952,,0.88,,0.88,,0.0826908651854399,,loco,False,flat,,,fold_features_D30_qualonly_da_untreated.csv,da_untreated
logistic_l2,5,C=10.0,0.949071038251366,,0.9114162535815038,,0.8974863387978143,,0.9016393442622952,,0.8933333333333333,,0.8870967741935484,,0.082359232213827,,loco,False,flat,,,fold_features_D30_qualonly_da_untreated.csv,da_untreated
logistic_l2,5,C=100.0,0.9412021857923498,,0.8842571257090749,,0.8892896174863387,,0.8852459016393442,,0.8933333333333333,,0.8780487804878049,,0.0882004110394639,,loco,False,flat,,,fold_features_D30_qualonly_da_untreated.csv,da_untreated
logistic_l2,6,C=0.01,0.9377049180327868,,0.916868439789797,,0.8574863387978142,,0.9016393442622952,,0.8133333333333334,,0.8461538461538461,,0.1344310284287592,,loco,False,flat,,,fold_features_D30_qualonly_da_untreated.csv,da_untreated
logistic_l2,6,C=0.1,0.9573770491803278,,0.9443424004055784,,0.8841530054644808,,0.9016393442622952,,0.8666666666666667,,0.873015873015873,,0.0851461744528187,,loco,False,flat,,,fold_features_D30_qualonly_da_untreated.csv,da_untreated
logistic_l2,6,C=1.0,0.9567213114754098,,0.9370419738094108,,0.8908196721311475,,0.9016393442622952,,0.88,,0.88,,0.080618234899047,,loco,False,flat,,,fold_features_D30_qualonly_da_untreated.csv,da_untreated
logistic_l2,6,C=10.0,0.9508196721311476,,0.918758455634018,,0.8826229508196721,,0.8852459016393442,,0.88,,0.8709677419354839,,0.0832107963165384,,loco,False,flat,,,fold_features_D30_qualonly_da_untreated.csv,da_untreated
logistic_l2,6,C=100.0,0.9422950819672132,,0.8929584960111404,,0.8744262295081967,,0.8688524590163934,,0.88,,0.8617886178861789,,0.0905076011487356,,loco,False,flat,,,fold_features_D30_qualonly_da_untreated.csv,da_untreated
logistic_l2,7,C=0.01,0.9381420765027322,,0.9192785515941528,,0.8656830601092896,,0.918032786885246,,0.8133333333333334,,0.8549618320610687,,0.1337010668958708,,loco,False,flat,,,fold_features_D30_qualonly_da_untreated.csv,da_untreated
logistic_l2,7,C=0.1,0.9554098360655738,,0.9425648334920808,,0.8841530054644808,,0.9016393442622952,,0.8666666666666667,,0.873015873015873,,0.0860430142541211,,loco,False,flat,,,fold_features_D30_qualonly_da_untreated.csv,da_untreated
logistic_l2,7,C=1.0,0.9571584699453553,,0.938316807609869,,0.8908196721311475,,0.9016393442622952,,0.88,,0.88,,0.0802076693017976,,loco,False,flat,,,fold_features_D30_qualonly_da_untreated.csv,da_untreated
logistic_l2,7,C=10.0,0.9545355191256832,,0.9266137896123022,,0.88775956284153,,0.8688524590163934,,0.9066666666666666,,0.8760330578512396,,0.0802564443982386,,loco,False,flat,,,fold_features_D30_qualonly_da_untreated.csv,da_untreated
logistic_l2,7,C=100.0,0.9401092896174864,,0.8903840882881671,,0.899016393442623,,0.918032786885246,,0.88,,0.8888888888888888,,0.0853511490749062,,loco,False,flat,,,fold_features_D30_qualonly_da_untreated.csv,da_untreated
logistic_l2,8,C=0.01,0.9433879781420764,,0.927344216261114,,0.8805464480874317,,0.9344262295081968,,0.8266666666666667,,0.8702290076335878,,0.1273831449682807,,loco,False,flat,,,fold_features_D30_qualonly_da_untreated.csv,da_untreated
logistic_l2,8,C=0.1,0.9569398907103824,,0.944707114735904,,0.8841530054644808,,0.9016393442622952,,0.8666666666666667,,0.873015873015873,,0.0835457882627774,,loco,False,flat,,,fold_features_D30_qualonly_da_untreated.csv,da_untreated
logistic_l2,8,C=1.0,0.9575956284153004,,0.9412591734787136,,0.8959562841530054,,0.8852459016393442,,0.9066666666666666,,0.8852459016393442,,0.0811831283385198,,loco,False,flat,,,fold_features_D30_qualonly_da_untreated.csv,da_untreated
logistic_l2,8,C=10.0,0.9514754098360656,,0.9221376884411084,,0.8810928961748634,,0.8688524590163934,,0.8933333333333333,,0.8688524590163934,,0.0843954049019039,,loco,False,flat,,,fold_features_D30_qualonly_da_untreated.csv,da_untreated
logistic_l2,8,C=100.0,0.9363934426229508,,0.8852635465312891,,0.8826229508196721,,0.8852459016393442,,0.88,,0.8709677419354839,,0.0894921777146858,,loco,False,flat,,,fold_features_D30_qualonly_da_untreated.csv,da_untreated
logistic_l2,9,C=0.01,0.9446994535519126,,0.9292048507017128,,0.8805464480874317,,0.9344262295081968,,0.8266666666666667,,0.8702290076335878,,0.1266754232028831,,loco,False,flat,,,fold_features_D30_qualonly_da_untreated.csv,da_untreated
logistic_l2,9,C=0.1,0.9578142076502733,,0.9467433452784276,,0.8841530054644808,,0.9016393442622952,,0.8666666666666667,,0.873015873015873,,0.0832006016657868,,loco,False,flat,,,fold_features_D30_qualonly_da_untreated.csv,da_untreated
logistic_l2,9,C=1.0,0.9571584699453553,,0.9412763172959038,,0.8959562841530054,,0.8852459016393442,,0.9066666666666666,,0.8852459016393442,,0.08208901462373,,loco,False,flat,,,fold_features_D30_qualonly_da_untreated.csv,da_untreated
logistic_l2,9,C=10.0,0.9516939890710384,,0.923906595187333,,0.8795628415300546,,0.8524590163934426,,0.9066666666666666,,0.8666666666666667,,0.0871725483948865,,loco,False,flat,,,fold_features_D30_qualonly_da_untreated.csv,da_untreated
logistic_l2,9,C=100.0,0.93551912568306,,0.8839961244984054,,0.8892896174863387,,0.8852459016393442,,0.8933333333333333,,0.8780487804878049,,0.0919183282060308,,loco,False,flat,,,fold_features_D30_qualonly_da_untreated.csv,da_untreated
logistic_l2,10,C=0.01,0.946448087431694,,0.9314579742769846,,0.8805464480874317,,0.9344262295081968,,0.8266666666666667,,0.8702290076335878,,0.1255511495786313,,loco,False,flat,,,fold_features_D30_qualonly_da_untreated.csv,da_untreated
logistic_l2,10,C=0.1,0.9578142076502733,,0.9474682706991197,,0.8841530054644808,,0.9016393442622952,,0.8666666666666667,,0.873015873015873,,0.083786341307406,,loco,False,flat,,,fold_features_D30_qualonly_da_untreated.csv,da_untreated
logistic_l2,10,C=1.0,0.9556284153005464,,0.9397128595584704,,0.8826229508196721,,0.8852459016393442,,0.88,,0.8709677419354839,,0.084014342190806,,loco,False,flat,,,fold_features_D30_qualonly_da_untreated.csv,da_untreated
logistic_l2,10,C=10.0,0.949071038251366,,0.9211374310628582,,0.8795628415300546,,0.8524590163934426,,0.9066666666666666,,0.8666666666666667,,0.0899741115910222,,loco,False,flat,,,fold_features_D30_qualonly_da_untreated.csv,da_untreated
logistic_l2,10,C=100.0,0.9346448087431696,,0.8843057213000175,,0.8826229508196721,,0.8852459016393442,,0.88,,0.8709677419354839,,0.0960723488040343,,loco,False,flat,,,fold_features_D30_qualonly_da_untreated.csv,da_untreated
logistic_l1,5,C=1.0,0.9427322404371584,,0.9142375631795928,,0.8826229508196721,,0.8852459016393442,,0.88,,0.8709677419354839,,0.0895366765298434,,loco,False,nested,136.0,"k=5,C=1.0 x32; k=6,C=1.0 x30; k=0,C=0.1 x24; k=3,C=1.0 x15; k=4,C=1.0 x13; k=7,C=1.0 x11; k=0,C=1.0 x7; k=8,C=0.1 x2; k=0,C=10.0 x1; k=9,C=1.0 x1",fold_features_D30_qualonly_da_untreated.csv,da_untreated
logistic_l2,0,C=1.0,0.9449180327868852,,0.8855178792499021,,0.8759562841530055,,0.8852459016393442,,0.8666666666666667,,0.864,,0.0868557900404407,,loco,False,nested,136.0,"k=0,C=1.0 x59; k=9,C=0.1 x34; k=10,C=0.1 x27; k=10,C=1.0 x6; k=7,C=1.0 x5; k=8,C=1.0 x2; k=0,C=10.0 x1; k=9,C=1.0 x1; k=6,C=10.0 x1",fold_features_D30_qualonly_da_untreated.csv,da_untreated
logistic_l1,0,C=0.01,0.4709289617486339,,0.4387815468329617,,0.4767213114754098,,0.3934426229508196,,0.56,,0.4067796610169492,,0.2505996401463752,,lodo,False,flat,,,fold_features_D30_qualonly_da_untreated.csv,da_untreated
logistic_l1,0,C=0.1,0.9543169398907104,,0.9405972364163306,,0.8662295081967213,,0.8524590163934426,,0.88,,0.8524590163934426,,0.0904679060816352,,lodo,False,flat,,,fold_features_D30_qualonly_da_untreated.csv,da_untreated
logistic_l1,0,C=1.0,0.9468852459016394,,0.929927841419946,,0.8826229508196721,,0.8852459016393442,,0.88,,0.8709677419354839,,0.0876038559658892,,lodo,False,flat,,,fold_features_D30_qualonly_da_untreated.csv,da_untreated
logistic_l1,0,C=10.0,0.949071038251366,,0.9279757522272528,,0.8908196721311475,,0.9016393442622952,,0.88,,0.88,,0.0834163736119896,,lodo,False,flat,,,fold_features_D30_qualonly_da_untreated.csv,da_untreated
logistic_l1,0,C=100.0,0.948415300546448,,0.9244015947326252,,0.8908196721311475,,0.9016393442622952,,0.88,,0.88,,0.083810394165088,,lodo,False,flat,,,fold_features_D30_qualonly_da_untreated.csv,da_untreated
logistic_l1,1,C=0.01,0.4709289617486339,,0.4387815468329617,,0.4767213114754098,,0.3934426229508196,,0.56,,0.4067796610169492,,0.2505999876972175,,lodo,False,flat,,,fold_features_D30_qualonly_da_untreated.csv,da_untreated
logistic_l1,1,C=0.1,0.9543169398907104,,0.9405972364163306,,0.8662295081967213,,0.8524590163934426,,0.88,,0.8524590163934426,,0.0904689571948742,,lodo,False,flat,,,fold_features_D30_qualonly_da_untreated.csv,da_untreated
logistic_l1,1,C=1.0,0.9466666666666668,,0.9295314139311976,,0.8826229508196721,,0.8852459016393442,,0.88,,0.8709677419354839,,0.0876593128529554,,lodo,False,flat,,,fold_features_D30_qualonly_da_untreated.csv,da_untreated
logistic_l1,1,C=10.0,0.9455737704918032,,0.915113401217727,,0.8908196721311475,,0.9016393442622952,,0.88,,0.88,,0.0859574258891066,,lodo,False,flat,,,fold_features_D30_qualonly_da_untreated.csv,da_untreated
logistic_l1,1,C=100.0,0.9446994535519124,,0.9108009541786434,,0.8908196721311475,,0.9016393442622952,,0.88,,0.88,,0.0863539583224158,,lodo,False,flat,,,fold_features_D30_qualonly_da_untreated.csv,da_untreated
logistic_l1,2,C=0.01,0.4709289617486339,,0.4387815468329617,,0.4767213114754098,,0.3934426229508196,,0.56,,0.4067796610169492,,0.2506045295112458,,lodo,False,flat,,,fold_features_D30_qualonly_da_untreated.csv,da_untreated
logistic_l1,2,C=0.1,0.9543169398907104,,0.9405972364163306,,0.8662295081967213,,0.8524590163934426,,0.88,,0.8524590163934426,,0.0904688897861801,,lodo,False,flat,,,fold_features_D30_qualonly_da_untreated.csv,da_untreated
logistic_l1,2,C=1.0,0.9466666666666668,,0.9295314139311976,,0.8826229508196721,,0.8852459016393442,,0.88,,0.8709677419354839,,0.0876593278281159,,lodo,False,flat,,,fold_features_D30_qualonly_da_untreated.csv,da_untreated
logistic_l1,2,C=10.0,0.9431693989071038,,0.910970177445328,,0.8744262295081967,,0.8688524590163934,,0.88,,0.8617886178861789,,0.0873649489979217,,lodo,False,flat,,,fold_features_D30_qualonly_da_untreated.csv,da_untreated
logistic_l1,2,C=100.0,0.9436065573770492,,0.9077013302416732,,0.8908196721311475,,0.9016393442622952,,0.88,,0.88,,0.0865363163504596,,lodo,False,flat,,,fold_features_D30_qualonly_da_untreated.csv,da_untreated
logistic_l1,3,C=0.01,0.4700546448087432,,0.4385348135703439,,0.4767213114754098,,0.3934426229508196,,0.56,,0.4067796610169492,,0.2506355122216828,,lodo,False,flat,,,fold_features_D30_qualonly_da_untreated.csv,da_untreated
logistic_l1,3,C=0.1,0.9543169398907104,,0.9405972364163306,,0.8662295081967213,,0.8524590163934426,,0.88,,0.8524590163934426,,0.090468561286139,,lodo,False,flat,,,fold_features_D30_qualonly_da_untreated.csv,da_untreated
logistic_l1,3,C=1.0,0.946448087431694,,0.9289915782755152,,0.8826229508196721,,0.8852459016393442,,0.88,,0.8709677419354839,,0.08888087477775,,lodo,False,flat,,,fold_features_D30_qualonly_da_untreated.csv,da_untreated
logistic_l1,3,C=10.0,0.9409836065573768,,0.9108451445224778,,0.8826229508196721,,0.8852459016393442,,0.88,,0.8709677419354839,,0.0897685421304288,,lodo,False,flat,,,fold_features_D30_qualonly_da_untreated.csv,da_untreated
logistic_l1,3,C=100.0,0.9357377049180328,,0.8970980108092117,,0.8744262295081967,,0.8688524590163934,,0.88,,0.8617886178861789,,0.0904807795721001,,lodo,False,flat,,,fold_features_D30_qualonly_da_untreated.csv,da_untreated
logistic_l1,4,C=0.01,0.4700546448087432,,0.4385348135703439,,0.4767213114754098,,0.3934426229508196,,0.56,,0.4067796610169492,,0.2506500884707496,,lodo,False,flat,,,fold_features_D30_qualonly_da_untreated.csv,da_untreated
logistic_l1,4,C=0.1,0.9543169398907104,,0.9405972364163306,,0.8662295081967213,,0.8524590163934426,,0.88,,0.8524590163934426,,0.0904689879095797,,lodo,False,flat,,,fold_features_D30_qualonly_da_untreated.csv,da_untreated
logistic_l1,4,C=1.0,0.9473224043715848,,0.9294955574559796,,0.8826229508196721,,0.8852459016393442,,0.88,,0.8709677419354839,,0.0893811518574022,,lodo,False,flat,,,fold_features_D30_qualonly_da_untreated.csv,da_untreated
logistic_l1,4,C=10.0,0.9429508196721312,,0.9109633308697396,,0.8759562841530055,,0.8852459016393442,,0.8666666666666667,,0.864,,0.0891610095413804,,lodo,False,flat,,,fold_features_D30_qualonly_da_untreated.csv,da_untreated
logistic_l1,4,C=100.0,0.9357377049180328,,0.8930667576704091,,0.8610928961748634,,0.8688524590163934,,0.8533333333333334,,0.848,,0.0930630579063643,,lodo,False,flat,,,fold_features_D30_qualonly_da_untreated.csv,da_untreated
logistic_l1,5,C=0.01,0.4833879781420764,,0.443654119166481,,0.4767213114754098,,0.3934426229508196,,0.56,,0.4067796610169492,,0.2511456421560393,,lodo,False,flat,,,fold_features_D30_qualonly_da_untreated.csv,da_untreated
logistic_l1,5,C=0.1,0.9543169398907104,,0.9405370412762646,,0.8662295081967213,,0.8524590163934426,,0.88,,0.8524590163934426,,0.0907401638488339,,lodo,False,flat,,,fold_features_D30_qualonly_da_untreated.csv,da_untreated
logistic_l1,5,C=1.0,0.9501639344262296,,0.9315773275494093,,0.8892896174863387,,0.8852459016393442,,0.8933333333333333,,0.8780487804878049,,0.0857230585703302,,lodo,False,flat,,,fold_features_D30_qualonly_da_untreated.csv,da_untreated
logistic_l1,5,C=10.0,0.9486338797814208,,0.898985550573519,,0.8974863387978143,,0.9016393442622952,,0.8933333333333333,,0.8870967741935484,,0.0824119482009209,,lodo,False,flat,,,fold_features_D30_qualonly_da_untreated.csv,da_untreated
logistic_l1,5,C=100.0,0.9438251366120218,,0.8874643044597136,,0.8759562841530055,,0.8852459016393442,,0.8666666666666667,,0.864,,0.086858355166049,,lodo,False,flat,,,fold_features_D30_qualonly_da_untreated.csv,da_untreated
logistic_l1,6,C=0.01,0.4833879781420764,,0.443654119166481,,0.4767213114754098,,0.3934426229508196,,0.56,,0.4067796610169492,,0.2511604939722973,,lodo,False,flat,,,fold_features_D30_qualonly_da_untreated.csv,da_untreated
logistic_l1,6,C=0.1,0.9543169398907104,,0.9405370412762646,,0.8662295081967213,,0.8524590163934426,,0.88,,0.8524590163934426,,0.0907402772552712,,lodo,False,flat,,,fold_features_D30_qualonly_da_untreated.csv,da_untreated
logistic_l1,6,C=1.0,0.9530054644808744,,0.9308304749102952,,0.8908196721311475,,0.9016393442622952,,0.88,,0.88,,0.082811923240596,,lodo,False,flat,,,fold_features_D30_qualonly_da_untreated.csv,da_untreated
logistic_l1,6,C=10.0,0.9501639344262294,,0.910004754459886,,0.8892896174863387,,0.8852459016393442,,0.8933333333333333,,0.8780487804878049,,0.0827301413954929,,lodo,False,flat,,,fold_features_D30_qualonly_da_untreated.csv,da_untreated
logistic_l1,6,C=100.0,0.9446994535519124,,0.894307199487468,,0.8826229508196721,,0.8852459016393442,,0.88,,0.8709677419354839,,0.0892317676857169,,lodo,False,flat,,,fold_features_D30_qualonly_da_untreated.csv,da_untreated
logistic_l1,7,C=0.01,0.4833879781420764,,0.443654119166481,,0.4767213114754098,,0.3934426229508196,,0.56,,0.4067796610169492,,0.2511608826531904,,lodo,False,flat,,,fold_features_D30_qualonly_da_untreated.csv,da_untreated
logistic_l1,7,C=0.1,0.9543169398907104,,0.9405370412762646,,0.8662295081967213,,0.8524590163934426,,0.88,,0.8524590163934426,,0.0907411533905288,,lodo,False,flat,,,fold_features_D30_qualonly_da_untreated.csv,da_untreated
logistic_l1,7,C=1.0,0.9523497267759564,,0.9310033878075328,,0.8908196721311475,,0.9016393442622952,,0.88,,0.88,,0.0839318958667864,,lodo,False,flat,,,fold_features_D30_qualonly_da_untreated.csv,da_untreated
logistic_l1,7,C=10.0,0.9468852459016392,,0.9024547145987748,,0.8974863387978143,,0.9016393442622952,,0.8933333333333333,,0.8870967741935484,,0.0827591917105322,,lodo,False,flat,,,fold_features_D30_qualonly_da_untreated.csv,da_untreated
logistic_l1,7,C=100.0,0.9390163934426228,,0.8880507205656984,,0.899016393442623,,0.918032786885246,,0.88,,0.8888888888888888,,0.085729031523419,,lodo,False,flat,,,fold_features_D30_qualonly_da_untreated.csv,da_untreated
logistic_l1,8,C=0.01,0.4833879781420764,,0.443654119166481,,0.4767213114754098,,0.3934426229508196,,0.56,,0.4067796610169492,,0.2511640818536297,,lodo,False,flat,,,fold_features_D30_qualonly_da_untreated.csv,da_untreated
logistic_l1,8,C=0.1,0.9525683060109288,,0.9376189119009802,,0.8662295081967213,,0.8524590163934426,,0.88,,0.8524590163934426,,0.0913606063322365,,lodo,False,flat,,,fold_features_D30_qualonly_da_untreated.csv,da_untreated
logistic_l1,8,C=1.0,0.9527868852459016,,0.9328523071541256,,0.8826229508196721,,0.8852459016393442,,0.88,,0.8709677419354839,,0.0843634096707793,,lodo,False,flat,,,fold_features_D30_qualonly_da_untreated.csv,da_untreated
logistic_l1,8,C=10.0,0.9449180327868852,,0.9007719255022936,,0.8892896174863387,,0.8852459016393442,,0.8933333333333333,,0.8780487804878049,,0.0873374414149392,,lodo,False,flat,,,fold_features_D30_qualonly_da_untreated.csv,da_untreated
logistic_l1,8,C=100.0,0.9385792349726776,,0.8888952131074747,,0.8892896174863387,,0.8852459016393442,,0.8933333333333333,,0.8780487804878049,,0.0897126840284759,,lodo,False,flat,,,fold_features_D30_qualonly_da_untreated.csv,da_untreated
logistic_l1,9,C=0.01,0.4833879781420764,,0.443654119166481,,0.4767213114754098,,0.3934426229508196,,0.56,,0.4067796610169492,,0.2511648909570811,,lodo,False,flat,,,fold_features_D30_qualonly_da_untreated.csv,da_untreated
logistic_l1,9,C=0.1,0.9525683060109288,,0.9376189119009802,,0.8662295081967213,,0.8524590163934426,,0.88,,0.8524590163934426,,0.0913604095995777,,lodo,False,flat,,,fold_features_D30_qualonly_da_untreated.csv,da_untreated
logistic_l1,9,C=1.0,0.951912568306011,,0.9327985660411824,,0.8744262295081967,,0.8688524590163934,,0.88,,0.8617886178861789,,0.085853838878726,,lodo,False,flat,,,fold_features_D30_qualonly_da_untreated.csv,da_untreated
logistic_l1,9,C=10.0,0.9442622950819672,,0.9022017303929972,,0.8892896174863387,,0.8852459016393442,,0.8933333333333333,,0.8780487804878049,,0.0906308876006368,,lodo,False,flat,,,fold_features_D30_qualonly_da_untreated.csv,da_untreated
logistic_l1,9,C=100.0,0.9346448087431694,,0.883353833374817,,0.8826229508196721,,0.8852459016393442,,0.88,,0.8709677419354839,,0.0928495372950127,,lodo,False,flat,,,fold_features_D30_qualonly_da_untreated.csv,da_untreated
logistic_l1,10,C=0.01,0.4833879781420764,,0.443654119166481,,0.4767213114754098,,0.3934426229508196,,0.56,,0.4067796610169492,,0.2511658735693379,,lodo,False,flat,,,fold_features_D30_qualonly_da_untreated.csv,da_untreated
logistic_l1,10,C=0.1,0.9525683060109288,,0.9376189119009802,,0.8662295081967213,,0.8524590163934426,,0.88,,0.8524590163934426,,0.0913598849459747,,lodo,False,flat,,,fold_features_D30_qualonly_da_untreated.csv,da_untreated
logistic_l1,10,C=1.0,0.951912568306011,,0.9324865351914524,,0.8744262295081967,,0.8688524590163934,,0.88,,0.8617886178861789,,0.0864443479019666,,lodo,False,flat,,,fold_features_D30_qualonly_da_untreated.csv,da_untreated
logistic_l1,10,C=10.0,0.9374863387978142,,0.8894761604442746,,0.8744262295081967,,0.8688524590163934,,0.88,,0.8617886178861789,,0.0956889553884116,,lodo,False,flat,,,fold_features_D30_qualonly_da_untreated.csv,da_untreated
logistic_l1,10,C=100.0,0.9300546448087432,,0.8800007492915493,,0.8744262295081967,,0.8688524590163934,,0.88,,0.8617886178861789,,0.0991128272136805,,lodo,False,flat,,,fold_features_D30_qualonly_da_untreated.csv,da_untreated
logistic_l2,0,C=0.01,0.9370491803278688,,0.919257752110048,,0.8672131147540985,,0.9344262295081968,,0.8,,0.8571428571428571,,0.1534084846301642,,lodo,False,flat,,,fold_features_D30_qualonly_da_untreated.csv,da_untreated
logistic_l2,0,C=0.1,0.9479781420765028,,0.9323566513067638,,0.9056830601092896,,0.918032786885246,,0.8933333333333333,,0.896,,0.094076653491354,,lodo,False,flat,,,fold_features_D30_qualonly_da_untreated.csv,da_untreated
logistic_l2,0,C=1.0,0.9486338797814208,,0.9309750027556706,,0.8826229508196721,,0.8852459016393442,,0.88,,0.8709677419354839,,0.0862711515997058,,lodo,False,flat,,,fold_features_D30_qualonly_da_untreated.csv,da_untreated
logistic_l2,0,C=10.0,0.9499453551912568,,0.9308139624853528,,0.8908196721311475,,0.9016393442622952,,0.88,,0.88,,0.0855972500373261,,lodo,False,flat,,,fold_features_D30_qualonly_da_untreated.csv,da_untreated
logistic_l2,0,C=100.0,0.9486338797814208,,0.9250842581702966,,0.8908196721311475,,0.9016393442622952,,0.88,,0.88,,0.0842977833854667,,lodo,False,flat,,,fold_features_D30_qualonly_da_untreated.csv,da_untreated
logistic_l2,1,C=0.01,0.9401092896174864,,0.9216111510908852,,0.8856830601092897,,0.918032786885246,,0.8533333333333334,,0.875,,0.1410967953905993,,lodo,False,flat,,,fold_features_D30_qualonly_da_untreated.csv,da_untreated
logistic_l2,1,C=0.1,0.9446994535519124,,0.9278120697171488,,0.8841530054644808,,0.9016393442622952,,0.8666666666666667,,0.873015873015873,,0.0940956886661476,,lodo,False,flat,,,fold_features_D30_qualonly_da_untreated.csv,da_untreated
logistic_l2,1,C=1.0,0.9453551912568304,,0.9266610002551412,,0.8826229508196721,,0.8852459016393442,,0.88,,0.8709677419354839,,0.0898896339106577,,lodo,False,flat,,,fold_features_D30_qualonly_da_untreated.csv,da_untreated
logistic_l2,1,C=10.0,0.9453551912568304,,0.9179301441995767,,0.8826229508196721,,0.8852459016393442,,0.88,,0.8709677419354839,,0.0881574544374655,,lodo,False,flat,,,fold_features_D30_qualonly_da_untreated.csv,da_untreated
logistic_l2,1,C=100.0,0.9446994535519124,,0.9122954958559284,,0.8908196721311475,,0.9016393442622952,,0.88,,0.88,,0.0867499217556898,,lodo,False,flat,,,fold_features_D30_qualonly_da_untreated.csv,da_untreated
logistic_l2,2,C=0.01,0.9385792349726776,,0.9193084269688844,,0.8723497267759563,,0.918032786885246,,0.8266666666666667,,0.8615384615384616,,0.1415332344362883,,lodo,False,flat,,,fold_features_D30_qualonly_da_untreated.csv,da_untreated
logistic_l2,2,C=0.1,0.9438251366120218,,0.9266632731997172,,0.8841530054644808,,0.9016393442622952,,0.8666666666666667,,0.873015873015873,,0.0948059473410669,,lodo,False,flat,,,fold_features_D30_qualonly_da_untreated.csv,da_untreated
logistic_l2,2,C=1.0,0.9436065573770492,,0.9244400237294056,,0.8826229508196721,,0.8852459016393442,,0.88,,0.8709677419354839,,0.09085004891981,,lodo,False,flat,,,fold_features_D30_qualonly_da_untreated.csv,da_untreated
logistic_l2,2,C=10.0,0.9460109289617488,,0.9184695114825346,,0.8744262295081967,,0.8688524590163934,,0.88,,0.8617886178861789,,0.0885232634425768,,lodo,False,flat,,,fold_features_D30_qualonly_da_untreated.csv,da_untreated
logistic_l2,2,C=100.0,0.9433879781420764,,0.9068201841857968,,0.8908196721311475,,0.9016393442622952,,0.88,,0.88,,0.0869016372631652,,lodo,False,flat,,,fold_features_D30_qualonly_da_untreated.csv,da_untreated
logistic_l2,3,C=0.01,0.9337704918032786,,0.9136567952892846,,0.8723497267759563,,0.918032786885246,,0.8266666666666667,,0.8615384615384616,,0.1421312995295067,,lodo,False,flat,,,fold_features_D30_qualonly_da_untreated.csv,da_untreated
logistic_l2,3,C=0.1,0.9446994535519124,,0.9274271866680424,,0.8841530054644808,,0.9016393442622952,,0.8666666666666667,,0.873015873015873,,0.0946077562634974,,lodo,False,flat,,,fold_features_D30_qualonly_da_untreated.csv,da_untreated
logistic_l2,3,C=1.0,0.9436065573770492,,0.9242864975580026,,0.8908196721311475,,0.9016393442622952,,0.88,,0.88,,0.0909216519324607,,lodo,False,flat,,,fold_features_D30_qualonly_da_untreated.csv,da_untreated
logistic_l2,3,C=10.0,0.9431693989071038,,0.9153280556661384,,0.8744262295081967,,0.8688524590163934,,0.88,,0.8617886178861789,,0.0904099578916827,,lodo,False,flat,,,fold_features_D30_qualonly_da_untreated.csv,da_untreated
logistic_l2,3,C=100.0,0.9355191256830602,,0.8971792937996104,,0.8744262295081967,,0.8688524590163934,,0.88,,0.8617886178861789,,0.0906775885349337,,lodo,False,flat,,,fold_features_D30_qualonly_da_untreated.csv,da_untreated
logistic_l2,4,C=0.01,0.9318032786885244,,0.911454732216924,,0.8723497267759563,,0.918032786885246,,0.8266666666666667,,0.8615384615384616,,0.1426859579194162,,lodo,False,flat,,,fold_features_D30_qualonly_da_untreated.csv,da_untreated
logistic_l2,4,C=0.1,0.94448087431694,,0.926896440793977,,0.8908196721311475,,0.9016393442622952,,0.88,,0.88,,0.0927442322850176,,lodo,False,flat,,,fold_features_D30_qualonly_da_untreated.csv,da_untreated
logistic_l2,4,C=1.0,0.9473224043715848,,0.9287727702607914,,0.8908196721311475,,0.9016393442622952,,0.88,,0.88,,0.0896400153052177,,lodo,False,flat,,,fold_features_D30_qualonly_da_untreated.csv,da_untreated
logistic_l2,4,C=10.0,0.9425136612021858,,0.912668797871234,,0.8759562841530055,,0.8852459016393442,,0.8666666666666667,,0.864,,0.0907500046537845,,lodo,False,flat,,,fold_features_D30_qualonly_da_untreated.csv,da_untreated
logistic_l2,4,C=100.0,0.932896174863388,,0.8905837987400631,,0.8610928961748634,,0.8688524590163934,,0.8533333333333334,,0.848,,0.0946202419042488,,lodo,False,flat,,,fold_features_D30_qualonly_da_untreated.csv,da_untreated
logistic_l2,5,C=0.01,0.9379234972677596,,0.9168869293479186,,0.879016393442623,,0.918032786885246,,0.84,,0.8682170542635659,,0.1374055092159524,,lodo,False,flat,,,fold_features_D30_qualonly_da_untreated.csv,da_untreated
logistic_l2,5,C=0.1,0.9521311475409836,,0.934657630402812,,0.8841530054644808,,0.9016393442622952,,0.8666666666666667,,0.873015873015873,,0.0892443224151926,,lodo,False,flat,,,fold_features_D30_qualonly_da_untreated.csv,da_untreated
logistic_l2,5,C=1.0,0.949071038251366,,0.926869482188992,,0.8908196721311475,,0.9016393442622952,,0.88,,0.88,,0.0847339287636372,,lodo,False,flat,,,fold_features_D30_qualonly_da_untreated.csv,da_untreated
logistic_l2,5,C=10.0,0.9473224043715848,,0.9078641667339806,,0.8974863387978143,,0.9016393442622952,,0.8933333333333333,,0.8870967741935484,,0.0842267303359336,,lodo,False,flat,,,fold_features_D30_qualonly_da_untreated.csv,da_untreated
logistic_l2,5,C=100.0,0.9405464480874316,,0.8832956682994579,,0.8759562841530055,,0.8852459016393442,,0.8666666666666667,,0.864,,0.0888573404182903,,lodo,False,flat,,,fold_features_D30_qualonly_da_untreated.csv,da_untreated
logistic_l2,6,C=0.01,0.9346448087431696,,0.9123850220835246,,0.8723497267759563,,0.918032786885246,,0.8266666666666667,,0.8615384615384616,,0.1370804761942353,,lodo,False,flat,,,fold_features_D30_qualonly_da_untreated.csv,da_untreated
logistic_l2,6,C=0.1,0.9532240437158468,,0.9377365037061964,,0.8841530054644808,,0.9016393442622952,,0.8666666666666667,,0.873015873015873,,0.0876875344271472,,lodo,False,flat,,,fold_features_D30_qualonly_da_untreated.csv,da_untreated
logistic_l2,6,C=1.0,0.9536612021857924,,0.932898144718678,,0.8908196721311475,,0.9016393442622952,,0.88,,0.88,,0.0824021685478296,,lodo,False,flat,,,fold_features_D30_qualonly_da_untreated.csv,da_untreated
logistic_l2,6,C=10.0,0.9499453551912568,,0.9178517524705808,,0.8826229508196721,,0.8852459016393442,,0.88,,0.8709677419354839,,0.0844893165096377,,lodo,False,flat,,,fold_features_D30_qualonly_da_untreated.csv,da_untreated
logistic_l2,6,C=100.0,0.9425136612021856,,0.8922873500427694,,0.8826229508196721,,0.8852459016393442,,0.88,,0.8709677419354839,,0.0910329314227771,,lodo,False,flat,,,fold_features_D30_qualonly_da_untreated.csv,da_untreated
logistic_l2,7,C=0.01,0.9331147540983606,,0.9104361475466762,,0.8656830601092896,,0.918032786885246,,0.8133333333333334,,0.8549618320610687,,0.1365682505678714,,lodo,False,flat,,,fold_features_D30_qualonly_da_untreated.csv,da_untreated
logistic_l2,7,C=0.1,0.9512568306010928,,0.9354816351549792,,0.8841530054644808,,0.9016393442622952,,0.8666666666666667,,0.873015873015873,,0.0888838361772569,,lodo,False,flat,,,fold_features_D30_qualonly_da_untreated.csv,da_untreated
logistic_l2,7,C=1.0,0.9536612021857924,,0.932687044342657,,0.8908196721311475,,0.9016393442622952,,0.88,,0.88,,0.0823131231479367,,lodo,False,flat,,,fold_features_D30_qualonly_da_untreated.csv,da_untreated
logistic_l2,7,C=10.0,0.953224043715847,,0.9224752647395692,,0.88775956284153,,0.8688524590163934,,0.9066666666666666,,0.8760330578512396,,0.0820101349310714,,lodo,False,flat,,,fold_features_D30_qualonly_da_untreated.csv,da_untreated
logistic_l2,7,C=100.0,0.9405464480874316,,0.8900942817107821,,0.899016393442623,,0.918032786885246,,0.88,,0.8888888888888888,,0.086270794185923,,lodo,False,flat,,,fold_features_D30_qualonly_da_untreated.csv,da_untreated
logistic_l2,8,C=0.01,0.9387978142076504,,0.9189032542549552,,0.8723497267759563,,0.918032786885246,,0.8266666666666667,,0.8615384615384616,,0.1305185440619791,,lodo,False,flat,,,fold_features_D30_qualonly_da_untreated.csv,da_untreated
logistic_l2,8,C=0.1,0.9534426229508196,,0.9393238085753376,,0.8841530054644808,,0.9016393442622952,,0.8666666666666667,,0.873015873015873,,0.086863977778815,,lodo,False,flat,,,fold_features_D30_qualonly_da_untreated.csv,da_untreated
logistic_l2,8,C=1.0,0.9554098360655738,,0.9379929626678256,,0.8892896174863387,,0.8852459016393442,,0.8933333333333333,,0.8780487804878049,,0.0840150389171597,,lodo,False,flat,,,fold_features_D30_qualonly_da_untreated.csv,da_untreated
logistic_l2,8,C=10.0,0.9501639344262296,,0.9201208853768292,,0.88775956284153,,0.8688524590163934,,0.9066666666666666,,0.8760330578512396,,0.0865761864754762,,lodo,False,flat,,,fold_features_D30_qualonly_da_untreated.csv,da_untreated
logistic_l2,8,C=100.0,0.9383606557377048,,0.8888149530262013,,0.8826229508196721,,0.8852459016393442,,0.88,,0.8709677419354839,,0.0907959563017106,,lodo,False,flat,,,fold_features_D30_qualonly_da_untreated.csv,da_untreated
logistic_l2,9,C=0.01,0.9394535519125684,,0.920724422835247,,0.879016393442623,,0.918032786885246,,0.84,,0.8682170542635659,,0.1299509629811536,,lodo,False,flat,,,fold_features_D30_qualonly_da_untreated.csv,da_untreated
logistic_l2,9,C=0.1,0.9534426229508196,,0.9407642409636512,,0.8908196721311475,,0.9016393442622952,,0.88,,0.88,,0.0865725131338074,,lodo,False,flat,,,fold_features_D30_qualonly_da_untreated.csv,da_untreated
logistic_l2,9,C=1.0,0.9549726775956284,,0.9385308882320372,,0.8892896174863387,,0.8852459016393442,,0.8933333333333333,,0.8780487804878049,,0.0850560331088601,,lodo,False,flat,,,fold_features_D30_qualonly_da_untreated.csv,da_untreated
logistic_l2,9,C=10.0,0.9501639344262296,,0.9218937905296394,,0.8728961748633879,,0.8524590163934426,,0.8933333333333333,,0.859504132231405,,0.08947754165097,,lodo,False,flat,,,fold_features_D30_qualonly_da_untreated.csv,da_untreated
logistic_l2,9,C=100.0,0.9370491803278688,,0.8868821334134974,,0.8908196721311475,,0.9016393442622952,,0.88,,0.88,,0.093548237415979,,lodo,False,flat,,,fold_features_D30_qualonly_da_untreated.csv,da_untreated
logistic_l2,10,C=0.01,0.9385792349726776,,0.9200744922676308,,0.8872131147540984,,0.9344262295081968,,0.84,,0.8769230769230769,,0.1296386159039279,,lodo,False,flat,,,fold_features_D30_qualonly_da_untreated.csv,da_untreated
logistic_l2,10,C=0.1,0.9530054644808744,,0.9408672879376334,,0.8841530054644808,,0.9016393442622952,,0.8666666666666667,,0.873015873015873,,0.0879025623231955,,lodo,False,flat,,,fold_features_D30_qualonly_da_untreated.csv,da_untreated
logistic_l2,10,C=1.0,0.9512568306010928,,0.9325591329184352,,0.8892896174863387,,0.8852459016393442,,0.8933333333333333,,0.8780487804878049,,0.0881170949094861,,lodo,False,flat,,,fold_features_D30_qualonly_da_untreated.csv,da_untreated
logistic_l2,10,C=10.0,0.9438251366120218,,0.9149173576540812,,0.8728961748633879,,0.8524590163934426,,0.8933333333333333,,0.859504132231405,,0.0942018203294123,,lodo,False,flat,,,fold_features_D30_qualonly_da_untreated.csv,da_untreated
logistic_l2,10,C=100.0,0.9311475409836066,,0.88206496218535,,0.8744262295081967,,0.8688524590163934,,0.88,,0.8617886178861789,,0.0995381391842594,,lodo,False,flat,,,fold_features_D30_qualonly_da_untreated.csv,da_untreated
logistic_l1,0,C=0.1,0.9385792349726776,,0.872822162207069,,0.8759562841530055,,0.8852459016393442,,0.8666666666666667,,0.864,,0.0909705657283767,,lodo,False,nested,20.0,"k=0,C=0.1 x9; k=6,C=1.0 x3; k=7,C=1.0 x2; k=8,C=0.1 x2; k=5,C=1.0 x2; k=5,C=10.0 x1; k=7,C=10.0 x1",fold_features_D30_qualonly_da_untreated.csv,da_untreated
logistic_l2,9,C=1.0,0.9381420765027322,,0.8776851220067076,,0.8841530054644808,,0.9016393442622952,,0.8666666666666667,,0.873015873015873,,0.0896689015900351,,lodo,False,nested,20.0,"k=9,C=1.0 x4; k=10,C=0.1 x3; k=5,C=0.1 x2; k=7,C=1.0 x2; k=0,C=0.1 x1; k=5,C=10.0 x1; k=7,C=10.0 x1; k=6,C=1.0 x1; k=0,C=1.0 x1; k=5,C=1.0 x1; k=8,C=0.1 x1; k=10,C=1.0 x1; k=9,C=0.1 x1",fold_features_D30_qualonly_da_untreated.csv,da_untreated
