model,k,param_str,roc_auc_mean,roc_auc_std,pr_auc_mean,pr_auc_std,balanced_accuracy_mean,balanced_accuracy_std,sensitivity_mean,sensitivity_std,specificity_mean,specificity_std,f1_mean,f1_std,brier_mean,brier_std,scheme,pool_correction,tuning,n_outer_folds,selection_distribution
logistic_l1,0,C=0.01,0.4973214285714286,0.007960412358037551,0.6949227162350307,0.0046820897247119965,0.5006696428571429,0.009135943346864251,0.5822916666666667,0.17308601145416436,0.41904761904761906,0.1800030793947281,0.6229104837447631,0.09217342351296166,0.24926526750561157,0.0022576839506149417,plain,False,flat,,
logistic_l1,0,C=0.1,0.9513144841269842,0.0057610551481081015,0.9667565196340657,0.008301890101691196,0.893452380952381,0.005019488349473653,0.9583333333333334,0.0,0.8285714285714286,0.010038976698947249,0.9426268969126111,0.0020298590248420583,0.0903317480000902,0.0007033036985473123,plain,False,flat,,
logistic_l1,0,C=1.0,0.9472966269841269,0.004984028974767644,0.9617953009174325,0.005874573730864054,0.8919642857142858,0.00729689505890212,0.9291666666666668,0.004392052305789391,0.8547619047619047,0.013515386004703497,0.932569463580417,0.0037869667458651714,0.06869191446892335,0.0016902923936404524,plain,False,flat,,
logistic_l1,0,C=10.0,0.9457093253968253,0.0062650400104228635,0.9607940083091421,0.007718799133156021,0.9017857142857142,0.0069089227565397714,0.925,0.004392052305789436,0.8785714285714284,0.013515386004703506,0.9352317676098332,0.003496668992616886,0.06947060038290592,0.002204426276534789,plain,False,flat,,
logistic_l1,0,C=100.0,0.9455357142857143,0.006552710996372142,0.9607762305270742,0.00799006492093795,0.9024553571428571,0.007452453983321197,0.9239583333333334,0.005031728036871362,0.880952380952381,0.01587301587301589,0.9351645783601132,0.0034686307640513976,0.06964168461239681,0.0022743758683094165,plain,False,flat,,
logistic_l1,1,C=0.01,0.4973214285714286,0.008770867439384766,0.6948068610834075,0.005190758393679993,0.5014880952380952,0.008120389654635386,0.5625,0.18267981163841535,0.4404761904761905,0.18756035393803927,0.6095544587345889,0.09932477060494603,0.2502635566527075,0.002562138231769465,plain,False,flat,,
logistic_l1,1,C=0.1,0.949156746031746,0.003300672086256156,0.9605309582995044,0.0055782417716710156,0.9005952380952381,0.004721430172337583,0.9583333333333334,0.006944444444444468,0.8428571428571429,0.01229518522605525,0.9455235737221589,0.002762883423128418,0.09089655862179401,0.0008330116554266642,plain,False,flat,,
logistic_l1,1,C=1.0,0.9452132936507937,0.004180373571271975,0.958039861937047,0.006396300304728681,0.9047619047619048,0.006873217490352647,0.9333333333333333,0.008784104611578799,0.8761904761904761,0.010038976698947244,0.9391889409387343,0.005224833995431986,0.06989024816828789,0.002065343148652337,plain,False,flat,,
logistic_l1,1,C=10.0,0.9407738095238095,0.005809197931319418,0.9539134315323803,0.007155737557409347,0.9045386904761905,0.005179317322977895,0.928125,0.010358634645955786,0.880952380952381,0.0,0.9373752635296793,0.005544745694401433,0.0704097510062985,0.002628965054664828,plain,False,flat,,
logistic_l1,1,C=100.0,0.9404513888888888,0.005935650816215121,0.9538525183717755,0.0072973528182858115,0.9046875,0.006375985966319722,0.9260416666666667,0.012471031247269422,0.8833333333333334,0.0075292325242104375,0.9367395726476279,0.00646498735937649,0.07055625720063421,0.002837268171302647,plain,False,flat,,
logistic_l1,2,C=0.01,0.49888392857142855,0.009853755220892359,0.6949804143804466,0.005698592058583427,0.5011160714285714,0.008114706423106615,0.5427083333333333,0.23190961564852572,0.4595238095238095,0.23112822629805638,0.5860434636261413,0.1459862111645468,0.25125624726700757,0.0025620669991033317,plain,False,flat,,
logistic_l1,2,C=0.1,0.9570188492063492,0.007682756223649828,0.976436432505736,0.006994066440971947,0.90625,0.008366630849917176,0.9458333333333334,0.011825962754115564,0.8666666666666666,0.012295185226055317,0.9438400166903511,0.006629777034943211,0.08466088492890013,0.003770462872413613,plain,False,flat,,
logistic_l1,2,C=1.0,0.9513144841269842,0.011235511413193754,0.9703342351618399,0.011620559902341744,0.911235119047619,0.010753997997528146,0.934375,0.013932224060929822,0.8880952380952382,0.0196017286273468,0.9421951636518274,0.0076990482376653475,0.06721364452884186,0.0058578642751103095,plain,False,flat,,
logistic_l1,2,C=10.0,0.948983134920635,0.01298189304045949,0.968554476759309,0.01419010705916506,0.9145833333333334,0.014345526243565852,0.9291666666666666,0.014566789557918779,0.9,0.021879442463635268,0.9418905502039628,0.009884284806845297,0.06844890939915385,0.006599272207545275,plain,False,flat,,
logistic_l1,2,C=100.0,0.9493799603174603,0.014039855118475454,0.9693658364613832,0.01457918932874366,0.9125,0.010845981119169885,0.925,0.011825962754115564,0.9,0.018781205660633724,0.9396626550936482,0.00733410346999032,0.06946096000378359,0.0070518025448781585,plain,False,flat,,
logistic_l1,3,C=0.01,0.4989335317460317,0.010426536696682266,0.6944769984050436,0.0056551223139963145,0.5014136904761906,0.009997531839053594,0.521875,0.253850079850536,0.4809523809523809,0.2499181019797344,0.5657369054948793,0.17029654167987263,0.250890791605375,0.0025469399327748207,plain,False,flat,,
logistic_l1,3,C=0.1,0.965500992063492,0.0035470990885940043,0.9826596106534586,0.0022994003690630666,0.905877976190476,0.010148971957147866,0.9427083333333334,0.005490065382236741,0.869047619047619,0.020234204419018974,0.9427176071299759,0.0047855095724444515,0.07972440893054189,0.0020568461251198327,plain,False,flat,,
logistic_l1,3,C=1.0,0.959920634920635,0.004489018788392368,0.9779963238365703,0.0036078395624249827,0.9163690476190476,0.01003897669894722,0.9375,0.0,0.8952380952380953,0.020077953397894505,0.9453948188534163,0.0041815236468803,0.06416596075094981,0.00217858469694363,plain,False,flat,,
logistic_l1,3,C=10.0,0.953125,0.007321020801365879,0.9732233413668656,0.006135619175731457,0.9177827380952381,0.015485607444805599,0.9260416666666667,0.010358634645955775,0.9095238095238095,0.02703077200940702,0.9422413249386377,0.008801298889637273,0.06802756622201656,0.003709586149047301,plain,False,flat,,
logistic_l1,3,C=100.0,0.9532490079365079,0.007737892088524005,0.9734497193267264,0.006410534871833666,0.9162202380952381,0.015947247061436604,0.9229166666666666,0.00878410461157885,0.9095238095238095,0.02703077200940702,0.9405648769399511,0.008874156833536576,0.06982407378769041,0.0040662054158034045,plain,False,flat,,
logistic_l1,4,C=0.01,0.4989335317460317,0.010426536696682266,0.6944769984050436,0.0056551223139963145,0.5014136904761906,0.009997531839053594,0.521875,0.253850079850536,0.4809523809523809,0.2499181019797344,0.5657369054948793,0.17029654167987263,0.2511931219116114,0.0028687824144662507,plain,False,flat,,
logistic_l1,4,C=0.1,0.9656498015873016,0.003389046129756852,0.9828143917718334,0.0022495429980531898,0.905877976190476,0.010148971957147866,0.9427083333333334,0.005490065382236741,0.869047619047619,0.020234204419018974,0.9427176071299759,0.0047855095724444515,0.07974410686831847,0.0021022062900907007,plain,False,flat,,
logistic_l1,4,C=1.0,0.9578869047619047,0.00510267503266788,0.9772807473000611,0.004174817230384412,0.9232886904761906,0.011319146647585852,0.9322916666666666,0.007365695637359856,0.9142857142857143,0.02007795339789451,0.9465929843381922,0.006278262841066451,0.06631949523796346,0.0031388179321255177,plain,False,flat,,
logistic_l1,4,C=10.0,0.9493055555555555,0.010419422034170659,0.9702752360039366,0.011045524270195292,0.9216517857142857,0.014329437677568835,0.921875,0.010123180372995318,0.9214285714285714,0.02522261679693762,0.9424939494063038,0.00821885494386671,0.07147450834832819,0.004643819281353941,plain,False,flat,,
logistic_l1,4,C=100.0,0.9482390873015873,0.011369152701882225,0.9695702044355041,0.012226764590940695,0.919047619047619,0.015630116949994232,0.9166666666666666,0.010980130764473543,0.9214285714285714,0.02522261679693762,0.9396671419966667,0.009443339432621302,0.07386144881093312,0.004701923517791397,plain,False,flat,,
logistic_l1,5,C=0.01,0.49915674603174603,0.01041089115104671,0.6950377981516491,0.005733297975677515,0.5030505952380953,0.009582853207763132,0.4822916666666666,0.25421077713771884,0.5238095238095238,0.24946402611907478,0.5277977437066728,0.22793696097149949,0.2512289747204754,0.0026358536975671716,plain,False,flat,,
logistic_l1,5,C=0.1,0.965625,0.0034150623964401554,0.9828051708504552,0.0022622511922962565,0.905877976190476,0.010148971957147866,0.9427083333333334,0.005490065382236741,0.869047619047619,0.020234204419018974,0.9427176071299759,0.0047855095724444515,0.07974425332256352,0.0021026496989494346,plain,False,flat,,
logistic_l1,5,C=1.0,0.9563988095238095,0.004605651719765654,0.9758807791049051,0.0038515762697325195,0.9195684523809524,0.015382783404637768,0.934375,0.005031728036871308,0.9047619047619048,0.027492869961410777,0.9457299397541419,0.007638284768113596,0.06706533736160461,0.0032993941813459354,plain,False,flat,,
logistic_l1,5,C=10.0,0.946577380952381,0.00961997556473953,0.9687196970412508,0.010040532107703264,0.9105654761904761,0.01325342617226217,0.91875,0.00957225607784045,0.9023809523809524,0.020847500851688426,0.93679943306516,0.008113406101884262,0.07615719793150078,0.005960426399355622,plain,False,flat,,
logistic_l1,5,C=100.0,0.9444940476190476,0.01174744955901599,0.967039193065041,0.0139448878612255,0.9057291666666666,0.016648683195140363,0.9114583333333334,0.010123180372995297,0.9,0.027030772009406987,0.9323458684883089,0.009702573505444036,0.07938075496452049,0.006344513002977107,plain,False,flat,,
logistic_l1,6,C=0.01,0.4989583333333333,0.01036984522142428,0.6949310236510493,0.0057663601303890215,0.5026785714285714,0.009432432003178347,0.4625,0.2333994615288889,0.5428571428571429,0.22969301541472675,0.5178449314270177,0.2192829185788362,0.25134561803575406,0.002599936660839471,plain,False,flat,,
logistic_l1,6,C=0.1,0.965625,0.0034150623964401554,0.9828051708504552,0.0022622511922962565,0.905877976190476,0.010148971957147866,0.9427083333333334,0.005490065382236741,0.869047619047619,0.020234204419018974,0.9427176071299759,0.0047855095724444515,0.07974399213230596,0.002102012797596843,plain,False,flat,,
logistic_l1,6,C=1.0,0.9582093253968254,0.004707585475366384,0.9771699037802483,0.0030262225654100407,0.9120535714285714,0.012128965170505341,0.93125,0.0072833947789593834,0.8928571428571429,0.023138697995417887,0.941557392437395,0.00617639792837817,0.06688923441518821,0.0031092737621968296,plain,False,flat,,
logistic_l1,6,C=10.0,0.9542162698412697,0.007156928135406759,0.9746543355792214,0.00709813874858577,0.8998511904761906,0.01413995024283116,0.91875,0.008216777476527291,0.8809523809523808,0.031746031746031744,0.9323701516212821,0.005685207838090529,0.07696207714104272,0.005200883294380527,plain,False,flat,,
logistic_l1,6,C=100.0,0.9527777777777778,0.008441612506832907,0.9734770737567464,0.009345491009209703,0.8932291666666666,0.018784644287313006,0.9197916666666666,0.011034894848660232,0.8666666666666666,0.037562411321267405,0.9299902429937201,0.009044962046212131,0.0805262731731026,0.0064702279498246,plain,False,flat,,
logistic_l1,7,C=0.01,0.4998263888888889,0.010678484311859861,0.6954521690906729,0.006193119948335793,0.5014880952380952,0.009920634920634917,0.4625,0.2333994615288889,0.5404761904761906,0.23140059055269946,0.5174849065977192,0.21904823114157015,0.25175895505456164,0.00235609655833111,plain,False,flat,,
logistic_l1,7,C=0.1,0.9656001984126984,0.003430736832980488,0.9827847460138539,0.002271352361475002,0.905877976190476,0.010148971957147866,0.9427083333333334,0.005490065382236741,0.869047619047619,0.020234204419018974,0.9427176071299759,0.0047855095724444515,0.07974365165005523,0.0021019376138770216,plain,False,flat,,
logistic_l1,7,C=1.0,0.958234126984127,0.004583934544503165,0.9772926015654336,0.002889239753267117,0.9120535714285714,0.012128965170505341,0.93125,0.0072833947789593834,0.8928571428571429,0.023138697995417887,0.941557392437395,0.00617639792837817,0.06701079016675536,0.003389458625015516,plain,False,flat,,
logistic_l1,7,C=10.0,0.9548859126984126,0.005242275706245263,0.9756180109264804,0.004441683778015516,0.8991815476190477,0.011015088289286951,0.9197916666666666,0.008575756274464247,0.8785714285714284,0.023676879190756048,0.9324223080101687,0.005362829872820941,0.07381072725079886,0.004588100480417698,plain,False,flat,,
logistic_l1,7,C=100.0,0.9501984126984127,0.0062926340445218325,0.9724766456493711,0.005592898236371652,0.8989583333333334,0.013178957673466914,0.9145833333333334,0.00957225607784042,0.8833333333333334,0.02850521427947298,0.9305869643493832,0.006198361321353907,0.0773444435934885,0.005280972507295965,plain,False,flat,,
logistic_l1,8,C=0.01,0.4998263888888889,0.010678484311859861,0.6954521690906729,0.006193119948335793,0.5014880952380952,0.009920634920634917,0.4625,0.2333994615288889,0.5404761904761906,0.23140059055269946,0.5174849065977192,0.21904823114157015,0.2518458163977641,0.0023732455399376813,plain,False,flat,,
logistic_l1,8,C=0.1,0.9657986111111111,0.0032367945483190116,0.9829018155378598,0.0021600348111427497,0.905877976190476,0.010148971957147866,0.9427083333333334,0.005490065382236741,0.869047619047619,0.020234204419018974,0.9427176071299759,0.0047855095724444515,0.07959130967881269,0.002093790740942004,plain,False,flat,,
logistic_l1,8,C=1.0,0.9608382936507937,0.005391390727825401,0.9780089176724032,0.0048145476271211326,0.9166666666666666,0.015551999411300475,0.9333333333333333,0.00537914353639915,0.9,0.03134669469544685,0.9441851882717573,0.006777923488289044,0.06489065055906232,0.0032192536509649213,plain,False,flat,,
logistic_l1,8,C=10.0,0.9546626984126985,0.007703855475658395,0.9728778936105418,0.0072183079492612575,0.9075892857142858,0.01491728369153329,0.9270833333333334,0.009820927516479843,0.8880952380952382,0.031845083567839494,0.9383410495067854,0.006875845937158229,0.07018880917131849,0.005206250612497917,plain,False,flat,,
logistic_l1,8,C=100.0,0.9472966269841269,0.015155485875033967,0.9676502953642776,0.014622140547718763,0.9055059523809523,0.014913984502354092,0.9229166666666666,0.008784104611578854,0.8880952380952382,0.025222616796937655,0.9360888872159538,0.008325290919335468,0.07384762448339306,0.00744365852362182,plain,False,flat,,
logistic_l1,9,C=0.01,0.49955357142857143,0.009540501520893826,0.694903574533858,0.005601944825319164,0.49970238095238095,0.009664348315839323,0.4208333333333333,0.19977804041510358,0.5785714285714285,0.20110866813013645,0.4922992254186174,0.2029862686860049,0.25201192865901795,0.0022829077883726283,plain,False,flat,,
logistic_l1,9,C=0.1,0.9657738095238095,0.0032547982283448094,0.9828813907012586,0.0021705755085153155,0.905877976190476,0.010148971957147866,0.9427083333333334,0.005490065382236741,0.869047619047619,0.020234204419018974,0.9427176071299759,0.0047855095724444515,0.07959113508698357,0.0020931907821284284,plain,False,flat,,
logistic_l1,9,C=1.0,0.9610367063492063,0.005545125653767364,0.9781299617676465,0.004974312744453028,0.9178571428571429,0.014312901268826197,0.9333333333333333,0.00537914353639915,0.9023809523809524,0.028505214279473005,0.9446760259680925,0.006407619778854582,0.06480873936609396,0.0032492233219166295,plain,False,flat,,
logistic_l1,9,C=10.0,0.9540426587301587,0.007005247249584622,0.9725602209390326,0.007604743490137571,0.9065476190476189,0.014951881226273353,0.925,0.008216777476527274,0.8880952380952382,0.0318450835678395,0.9372277031318312,0.006552835271563633,0.07050506780971424,0.004934895803352441,plain,False,flat,,
logistic_l1,9,C=100.0,0.9495287698412698,0.008449745453709351,0.9701260408327064,0.009428913966098037,0.8991815476190477,0.011115151706496313,0.9197916666666666,0.011034894848660173,0.8785714285714284,0.026202498443205047,0.9324140708142303,0.005476068821905087,0.07624904460632982,0.004969263097073212,plain,False,flat,,
logistic_l1,10,C=0.01,0.4993551587301587,0.009117333963589477,0.6946887276523445,0.005181660885788934,0.49970238095238095,0.009664348315839323,0.4208333333333333,0.19977804041510358,0.5785714285714285,0.20110866813013645,0.4922992254186174,0.2029862686860049,0.2521378372664518,0.0022006256128587354,plain,False,flat,,
logistic_l1,10,C=0.1,0.9657738095238095,0.0032547982283448094,0.9828813907012586,0.0021705755085153155,0.905877976190476,0.010148971957147866,0.9427083333333334,0.005490065382236741,0.869047619047619,0.020234204419018974,0.9427176071299759,0.0047855095724444515,0.0795906799638918,0.002093293946188452,plain,False,flat,,
logistic_l1,10,C=1.0,0.9605654761904763,0.005367950754215572,0.9777610097158995,0.004706421226279108,0.9178571428571429,0.014312901268826197,0.9333333333333333,0.00537914353639915,0.9023809523809524,0.028505214279473005,0.9446760259680925,0.006407619778854582,0.06489640670572017,0.003243712505605093,plain,False,flat,,
logistic_l1,10,C=10.0,0.9547371031746031,0.00583320819926618,0.9733551464831546,0.007227484580384138,0.9060267857142857,0.015393176638205367,0.9239583333333334,0.007030714142818283,0.8880952380952382,0.0318450835678395,0.9366711022902203,0.006693291283381014,0.0711549305010162,0.00438936091806025,plain,False,flat,,
logistic_l1,10,C=100.0,0.9505208333333333,0.006878436052027775,0.9710367312380613,0.00824565146916588,0.8858630952380953,0.01428278602043091,0.9145833333333334,0.009572256077840438,0.8571428571428571,0.02244783432338245,0.9251838947187879,0.008551352872451092,0.08018687361979178,0.004131123297438814,plain,False,flat,,
logistic_l2,0,C=0.01,0.9478670634920634,0.0061051995331248615,0.9666419514540092,0.010963516991685223,0.8800595238095237,0.007529232524210485,0.9791666666666666,0.0,0.780952380952381,0.015058465048420882,0.9437836658037663,0.0029975583388340945,0.18842680666254516,0.0006740958770819163,plain,False,flat,,
logistic_l2,0,C=0.1,0.9512152777777777,0.0038494428519227405,0.9675554419065728,0.0052354523042132655,0.8914434523809524,0.007251655015006187,0.9614583333333334,0.005031728036871313,0.8214285714285715,0.012548720873684076,0.942799289180725,0.00401231570867883,0.10243401010436785,0.0012026446072788935,plain,False,flat,,
logistic_l2,0,C=1.0,0.949875992063492,0.004381535763506695,0.9655510738331292,0.0056074363107193196,0.8936011904761905,0.008570016142445895,0.9395833333333334,0.006588078458684094,0.8476190476190476,0.012295185226055246,0.936652633851468,0.00540610777854404,0.07220973190025423,0.0013263202229647543,plain,False,flat,,
logistic_l2,0,C=10.0,0.9465029761904761,0.005850523362273712,0.961599841058994,0.007282358473645232,0.8975446428571429,0.0076768825559535665,0.9260416666666667,0.005912981377057785,0.869047619047619,0.01683587574253687,0.9338260773370308,0.003615027110540704,0.06947278127942999,0.002017060213214086,plain,False,flat,,
logistic_l2,0,C=100.0,0.9455605158730158,0.006580864389032939,0.9608597051542989,0.0079519227856234,0.9029761904761905,0.007350648235255058,0.925,0.004392052305789436,0.880952380952381,0.01587301587301589,0.9357270957647359,0.003203271151568616,0.06963024296723194,0.002252938747539648,plain,False,flat,,
logistic_l2,1,C=0.01,0.9433531746031747,0.003386927944198271,0.9621554977441745,0.0025881905454143176,0.908110119047619,0.009360751223594053,0.9614583333333334,0.00503172803687133,0.8547619047619047,0.017568209223157667,0.9495950428097674,0.004643670497156277,0.1702836137182036,0.0004994924541174526,plain,False,flat,,
logistic_l2,1,C=0.1,0.9446924603174602,0.0030644432858549313,0.9607155076639445,0.002826220923400973,0.9180803571428571,0.0025158640184357304,0.9552083333333334,0.005031728036871362,0.880952380952381,0.0,0.9517325129533678,0.0026331841021969174,0.09122606061227667,0.0009426369974279421,plain,False,flat,,
logistic_l2,1,C=1.0,0.9423859126984127,0.0039838105838954615,0.9533237810424058,0.004533452843899911,0.9118303571428571,0.002745032691118371,0.9427083333333334,0.005490065382236757,0.880952380952381,0.0,0.9451625218150086,0.002903123579088531,0.0714794172199283,0.0014244913960973428,plain,False,flat,,
logistic_l2,1,C=10.0,0.9405753968253968,0.00525367119265494,0.9523810122372467,0.006089997139617623,0.9066220238095237,0.005625642967367917,0.9322916666666666,0.01125128593473587,0.880952380952381,0.0,0.9396018642446722,0.00601262035889211,0.06978084117953784,0.0022945527439931024,plain,False,flat,,
logistic_l2,1,C=100.0,0.9403273809523809,0.005872852016399562,0.9536003342100855,0.006985701133208644,0.9057291666666666,0.00662764126221042,0.928125,0.01340295768445748,0.8833333333333334,0.0075292325242104375,0.9378529190225822,0.006880505354595157,0.0704690817402491,0.002794525520756354,plain,False,flat,,
logistic_l2,2,C=0.01,0.9510912698412698,0.003731794220992882,0.9675430634562542,0.0070063588281062865,0.9136904761904763,0.01071359675915435,0.9583333333333334,0.010980130764473559,0.869047619047619,0.01683587574253684,0.9508879374458136,0.007126078643872204,0.1489973878159676,0.002232859741709193,plain,False,flat,,
logistic_l2,2,C=0.1,0.9505456349206349,0.00507231369220752,0.967028602022646,0.007850050426225932,0.9149553571428571,0.00670147884222875,0.9489583333333333,0.013402957684457475,0.880952380952381,0.0,0.9484218292008488,0.007052351766951096,0.07913468424243639,0.0028689279035141986,plain,False,flat,,
logistic_l2,2,C=1.0,0.948015873015873,0.00843675327863117,0.9655315157052125,0.010733755829908032,0.9143601190476189,0.00559494345869518,0.940625,0.009882117688026172,0.8880952380952382,0.011501092655705944,0.9455312518741733,0.0046448270783179795,0.06647592351699942,0.004302687862625145,plain,False,flat,,
logistic_l2,2,C=10.0,0.9486111111111111,0.012388000455666983,0.9673699869243837,0.014115775006718881,0.9154761904761906,0.011447484213126297,0.9333333333333333,0.01489417402050501,0.8976190476190476,0.01607020375501319,0.9436114296756148,0.00895580994792613,0.0673113267476884,0.00609685829754925,plain,False,flat,,
logistic_l2,2,C=100.0,0.9493303571428571,0.013944899383739238,0.9692978364381167,0.014557336535757415,0.9125,0.010845981119169885,0.925,0.011825962754115564,0.9,0.018781205660633724,0.9396626550936482,0.00733410346999032,0.06930521419800366,0.006996739499413418,plain,False,flat,,
logistic_l2,3,C=0.01,0.9605654761904763,0.0030058959925096176,0.9770386763088645,0.0032956746911677348,0.9047619047619048,0.005319347864466064,0.95,0.008216777476527253,0.8595238095238095,0.0075292325242104375,0.9445747516843145,0.004434789731800454,0.14085841856675557,0.0019146542461708459,plain,False,flat,,
logistic_l2,3,C=0.1,0.9602430555555556,0.0023031226349159166,0.9775955669669539,0.0020577607859655392,0.9039434523809524,0.0069837500180102915,0.9364583333333334,0.0032940392293420617,0.8714285714285713,0.0122951852260553,0.9398887434554973,0.003627626715161148,0.07289505322407921,0.0014966297591297796,plain,False,flat,,
logistic_l2,3,C=1.0,0.9569940476190476,0.0042817370417677645,0.9759648655613749,0.0029744649369049156,0.912797619047619,0.005750546327852922,0.9375,0.0,0.8880952380952382,0.011501092655705931,0.9438963901901349,0.00239592891918257,0.06481008281967485,0.0021475423456208363,plain,False,flat,,
logistic_l2,3,C=10.0,0.9545138888888889,0.007450757153400871,0.9746450787510728,0.0060488391213403105,0.9162946428571429,0.011713335704396297,0.9302083333333334,0.009882117688026179,0.9023809523809524,0.02084750085168844,0.9429720026127253,0.007026020912387038,0.06679393081253185,0.0034030684621138693,plain,False,flat,,
logistic_l2,3,C=100.0,0.9535962301587302,0.007729231189644351,0.9738177426164805,0.006345233412436495,0.9162202380952381,0.015947247061436604,0.9229166666666666,0.00878410461157885,0.9095238095238095,0.02703077200940702,0.9405648769399511,0.008874156833536576,0.06953139748696423,0.0040153752523059095,plain,False,flat,,
logistic_l2,4,C=0.01,0.9643105158730159,0.002589229754373813,0.9803016402972615,0.0026341306814040397,0.923735119047619,0.005625642967367939,0.9427083333333334,0.011251285934735877,0.9047619047619048,0.0,0.9501006715016349,0.005989265148669089,0.1353006413982701,0.001779913528324446,plain,False,flat,,
logistic_l2,4,C=0.1,0.9625248015873016,0.002166730915654342,0.9794920573462917,0.001652071016351373,0.9203869047619048,0.005784674498854461,0.93125,0.008784104611578834,0.9095238095238095,0.010038976698947245,0.9450167624596186,0.00466191194249643,0.0718693269840964,0.0016452558998401013,plain,False,flat,,
logistic_l2,4,C=1.0,0.9574652777777777,0.004970296949842864,0.9764446191105047,0.0038892079202226698,0.9217261904761905,0.010614383970695094,0.9291666666666666,0.009572256077840421,0.9142857142857143,0.02007795339789451,0.9449092360276119,0.006267772142723567,0.06561240610566894,0.002949658731070672,plain,False,flat,,
logistic_l2,4,C=10.0,0.9527777777777778,0.008878829696533504,0.9737640267403149,0.008521711030127813,0.9204613095238094,0.01303653154223454,0.921875,0.012276159395599782,0.919047619047619,0.023002185311411835,0.9419752770090735,0.008198076138028164,0.06960976277629462,0.0043736703408296445,plain,False,flat,,
logistic_l2,4,C=100.0,0.9487599206349205,0.011066437497437418,0.9702129363259104,0.011522554416983246,0.919047619047619,0.015630116949994232,0.9166666666666666,0.010980130764473543,0.9214285714285714,0.02522261679693762,0.9396671419966667,0.009443339432621302,0.07349481672922112,0.004655235813701114,plain,False,flat,,
logistic_l2,5,C=0.01,0.9639136904761905,0.0026332024319829666,0.9796787517551842,0.002887794898059376,0.9203125,0.006028877666196121,0.940625,0.011034894848660222,0.9,0.010038976698947247,0.9480058565847613,0.005502928126861658,0.13523591494467183,0.0017505482871336443,plain,False,flat,,
logistic_l2,5,C=0.1,0.9619295634920635,0.0019291107621656654,0.9787741409254483,0.0015345548136835928,0.9191964285714285,0.003764616262105215,0.93125,0.008784104611578834,0.9071428571428571,0.0075292325242104375,0.9445155093267866,0.00400537506282627,0.07235550914443181,0.001530009566602297,plain,False,flat,,
logistic_l2,5,C=1.0,0.9546378968253968,0.004250094506917034,0.9741746899796242,0.003145856120997856,0.9180059523809524,0.012370001452750204,0.93125,0.007283394778959381,0.9047619047619048,0.02244783432338248,0.9440420800143945,0.006573606231539059,0.06698996174493456,0.002974868683354395,plain,False,flat,,
logistic_l2,5,C=10.0,0.9493055555555555,0.007370519154653195,0.9710172561144704,0.0072355573030205775,0.9143601190476189,0.015266379289945136,0.9239583333333334,0.009882117688026193,0.9047619047619048,0.02244783432338248,0.9401155370696245,0.009359632663519208,0.0724087689278462,0.005222215380005089,plain,False,flat,,
logistic_l2,5,C=100.0,0.9452876984126984,0.010839299414749128,0.9680861718461438,0.011745086969159158,0.9067708333333334,0.017530529656384703,0.9135416666666666,0.0120781438409209,0.9,0.027030772009406987,0.9334719453966136,0.010752272999987616,0.07868338185790916,0.006043570353922018,plain,False,flat,,
logistic_l2,6,C=0.01,0.9645833333333333,0.0026987044660189896,0.9806574308247216,0.002303584471873255,0.9206845238095237,0.009759353696218918,0.94375,0.012226956153929878,0.8976190476190476,0.011501092655705914,0.9491581683873876,0.007682266776119073,0.13542977620743332,0.0017027772845026603,plain,False,flat,,
logistic_l2,6,C=0.1,0.9644345238095238,0.0019289336088743137,0.9807428492142183,0.0013682722501698115,0.917485119047619,0.006008437269447577,0.9302083333333334,0.008575756274464219,0.9047619047619048,0.011223917161691282,0.9434628777478391,0.004522154805245854,0.07175784707363264,0.0017209766797543883,plain,False,flat,,
logistic_l2,6,C=1.0,0.960218253968254,0.003596372693763548,0.9785585038942888,0.0024072497826639785,0.9154017857142858,0.012973150598374231,0.9260416666666667,0.007686091535131476,0.9047619047619048,0.022447834323382515,0.9412458807831777,0.007170382443321503,0.06559962534732092,0.0027056045034039413,plain,False,flat,,
logistic_l2,6,C=10.0,0.9574652777777779,0.005231573977101896,0.9771064157234239,0.0041337664504858505,0.9085565476190476,0.012788820111011876,0.921875,0.007365695637359896,0.8952380952380953,0.025594469042217644,0.9370172246753542,0.0061742651492308915,0.07206918363835077,0.004007096629861571,plain,False,flat,,
logistic_l2,6,C=100.0,0.9537698412698413,0.007793295627277003,0.9744238653360029,0.00793679536549727,0.8950892857142858,0.019566550519162694,0.91875,0.01075828707279839,0.8714285714285713,0.03920345725469357,0.9304136062426084,0.009270561058157288,0.0794623731867029,0.005764952924315714,plain,False,flat,,
logistic_l2,7,C=0.01,0.9640376984126984,0.002637740762821362,0.9803256745534332,0.002161054311966391,0.9201636904761905,0.008811023507591114,0.9427083333333334,0.012276159395599794,0.8976190476190476,0.011501092655705914,0.9486067653378791,0.007170965838538945,0.1351003619365152,0.0017749084449384838,plain,False,flat,,
logistic_l2,7,C=0.1,0.963219246031746,0.002545571471425636,0.9800649930585947,0.0014314886450285606,0.9161458333333334,0.007128461159784106,0.9322916666666666,0.010123180372995306,0.9,0.010038976698947284,0.9435743114919724,0.005808465185918605,0.07176942625112562,0.0016654048153522361,plain,False,flat,,
logistic_l2,7,C=1.0,0.9594742063492063,0.003840822065670524,0.9781198579117151,0.002419452981118995,0.915922619047619,0.012563417799517813,0.9270833333333334,0.008505172717997162,0.9047619047619048,0.022447834323382515,0.941802497606839,0.00699536590233338,0.06624849172208454,0.0027531788200158922,plain,False,flat,,
logistic_l2,7,C=10.0,0.9593005952380953,0.005041566175259824,0.9784121119030624,0.003890283535027402,0.9068452380952381,0.010302664146275956,0.9208333333333334,0.011197580205970224,0.8928571428571429,0.020234204419019013,0.9359302864141787,0.006454004628201199,0.07119069739687583,0.003817957848044142,plain,False,flat,,
logistic_l2,7,C=100.0,0.9544890873015873,0.0058589284523485425,0.9758596619890263,0.004960344694819674,0.9,0.010529434950553111,0.9166666666666666,0.006944444444444445,0.8833333333333334,0.023676879190756055,0.931720093081253,0.004438069835100815,0.07539957782064396,0.00461440819900752,plain,False,flat,,
logistic_l2,8,C=0.01,0.9676339285714286,0.003049351544561497,0.9811644921506224,0.003133345473285982,0.9234375,0.008666016736234024,0.946875,0.012471031247269424,0.9,0.010038976698947273,0.9513017890805738,0.007235336234420887,0.13160561675653254,0.0019299321689821766,plain,False,flat,,
logistic_l2,8,C=0.1,0.9674107142857142,0.002082283266062301,0.9811472720096454,0.0021131352488287266,0.9207589285714285,0.009053428694664668,0.934375,0.008575756274464198,0.9071428571428571,0.01351538600470351,0.9461925846760776,0.0060931928055162135,0.06724678710289614,0.0017966761705316113,plain,False,flat,,
logistic_l2,8,C=1.0,0.963764880952381,0.003939646247569633,0.97977832892172,0.0032360979344371156,0.9191964285714285,0.008068715304598795,0.93125,0.005379143536399167,0.9071428571428571,0.017568209223157733,0.944537916089718,0.003625013032119843,0.06213722400356152,0.0031417847857376454,plain,False,flat,,
logistic_l2,8,C=10.0,0.9603174603174602,0.0051602138010341195,0.9772644387639999,0.004211762292908692,0.9045386904761905,0.00869860651522718,0.928125,0.005912981377057787,0.880952380952381,0.019440394783993484,0.9374077134666404,0.0037405540523767064,0.06736449470482195,0.004482520317153444,plain,False,flat,,
logistic_l2,8,C=100.0,0.9512400793650795,0.013108237862345471,0.9704102075783707,0.01260637813859263,0.9077380952380952,0.016331426223367394,0.925,0.0107582870727984,0.8904761904761905,0.03011693009684173,0.9377074975683914,0.008768508756552601,0.07146038266671725,0.005803160464202952,plain,False,flat,,
logistic_l2,9,C=0.01,0.9675347222222221,0.0029703287734494195,0.9810231384573918,0.003055974184613513,0.9227678571428571,0.008216777476527218,0.9479166666666666,0.013888888888888892,0.8976190476190476,0.01150109265570591,0.9513445640482502,0.007311557457630306,0.13171700606105108,0.001933406346104107,plain,False,flat,,
logistic_l2,9,C=0.1,0.9673363095238094,0.0020420140896428877,0.9810675843766944,0.002040480008228873,0.9207589285714285,0.009053428694664668,0.934375,0.008575756274464198,0.9071428571428571,0.01351538600470351,0.9461925846760776,0.0060931928055162135,0.0672899350531802,0.0017190846219236103,plain,False,flat,,
logistic_l2,9,C=1.0,0.9631696428571429,0.004281816852704536,0.9792623681439213,0.0033309295897702533,0.9186755952380953,0.008908224722290145,0.9302083333333334,0.005031728036871293,0.9071428571428571,0.017568209223157733,0.9439812889196988,0.004344328418509026,0.06254341326306125,0.002907584860421771,plain,False,flat,,
logistic_l2,9,C=10.0,0.9591021825396826,0.005362154414147113,0.976404781144042,0.004638466852137626,0.902827380952381,0.01116457164381699,0.9270833333333334,0.006944444444444462,0.8785714285714284,0.02367687919075602,0.9363598121178642,0.005051035219539547,0.06800916246034701,0.0035520121518536484,plain,False,flat,,
logistic_l2,9,C=100.0,0.9527281746031747,0.007795926157272471,0.9728093630828324,0.00742602354082726,0.9014136904761905,0.01238714526703356,0.921875,0.008852464433320837,0.880952380952381,0.027492869961410777,0.9340474938335859,0.0055410199013179945,0.07375231858577433,0.004049593713783201,plain,False,flat,,
logistic_l2,10,C=0.01,0.9666914682539683,0.003446637442281127,0.9807818397442105,0.003183026026674727,0.9238095238095237,0.012627881067681581,0.95,0.015372183070262934,0.8976190476190476,0.01607020375501319,0.9524357154476233,0.009611077142224313,0.13145343621074945,0.0018766675347594661,plain,False,flat,,
logistic_l2,10,C=0.1,0.966641865079365,0.002095534367664768,0.9808536503846039,0.0019121842218975916,0.9202380952380953,0.008027442832893568,0.9333333333333333,0.0072833947789593635,0.9071428571428571,0.01351538600470351,0.9456412062299622,0.005082194787383977,0.06767371628942845,0.0016229193672834203,plain,False,flat,,
logistic_l2,10,C=1.0,0.9624751984126985,0.004283093625434901,0.978839829226444,0.0035139473182101695,0.9198660714285714,0.010001222781280844,0.9302083333333334,0.005031728036871293,0.9095238095238095,0.018781205660633783,0.9444825420525309,0.005015839796921341,0.06310392012439182,0.0026173731896728682,plain,False,flat,,
logistic_l2,10,C=10.0,0.9585069444444445,0.004702937298256735,0.9760907623460687,0.0048813524596595615,0.9046875,0.011682837651614346,0.9260416666666667,0.005912981377057789,0.8833333333333334,0.023676879190756044,0.9367898812746098,0.005377702282486794,0.06864648953849645,0.0040210597630971415,plain,False,flat,,
logistic_l2,10,C=100.0,0.9535962301587302,0.006402087791405951,0.9731632295935556,0.00813586117913011,0.8932291666666666,0.01797131299022747,0.9197916666666666,0.007030714142818281,0.8666666666666666,0.03214040751002631,0.9299947666507933,0.009033735704579257,0.07631255309624163,0.004044075347540346,plain,False,flat,,
logistic_l1,8,C=1.0,0.9458829365079365,0.00982565868321872,0.9637650660015303,0.014378775411764792,0.9023809523809524,0.013606106488883857,0.9333333333333333,0.013176156917368263,0.8714285714285713,0.02559446904221761,0.9382042296238533,0.008203087698507298,0.07880504211446746,0.005510737997132825,plain,False,nested,50.0,"k=8,C=1.0 x9; k=2,C=0.1 x8; k=3,C=0.1 x7; k=3,C=100.0 x4; k=0,C=0.1 x4; k=3,C=10.0 x2; k=1,C=0.1 x2; k=6,C=1.0 x2; k=4,C=1.0 x2; k=9,C=10.0 x1; k=0,C=10.0 x1; k=0,C=1.0 x1; k=10,C=10.0 x1; k=7,C=100.0 x1; k=2,C=10.0 x1; k=2,C=100.0 x1; k=8,C=10.0 x1; k=10,C=100.0 x1; k=3,C=1.0 x1"
logistic_l2,6,C=0.01,0.9410962301587302,0.015290625002422656,0.9636216188930347,0.013131865306565137,0.9178571428571429,0.014004444177729277,0.9333333333333333,0.015682763598105845,0.9023809523809524,0.02367687919075606,0.9446126547555211,0.009593311223374907,0.10263528769030798,0.016750009049115895,plain,False,nested,50.0,"k=6,C=0.01 x5; k=8,C=0.01 x5; k=4,C=0.01 x4; k=8,C=0.1 x4; k=9,C=10.0 x3; k=3,C=1.0 x3; k=10,C=0.01 x3; k=2,C=100.0 x3; k=10,C=0.1 x3; k=3,C=100.0 x2; k=7,C=0.01 x2; k=6,C=0.1 x2; k=6,C=1.0 x2; k=9,C=1.0 x1; k=9,C=0.01 x1; k=3,C=0.01 x1; k=4,C=100.0 x1; k=5,C=0.1 x1; k=7,C=100.0 x1; k=5,C=0.01 x1; k=3,C=10.0 x1; k=3,C=0.1 x1"
logistic_l1,0,C=0.01,0.49774305555555554,0.018632560995696452,0.6944051783010188,0.010689983025086622,0.49747023809523805,0.01235706576012488,0.61875,0.12511568720662164,0.3761904761904762,0.12181958002761838,0.6480399556524397,0.07370834932619716,0.24757032909297383,0.004356931141043285,donor_grouped,False,flat,,
logistic_l1,0,C=0.1,0.9532242063492063,0.004905171858491735,0.9691902232230504,0.008021876045813033,0.8962053571428571,0.004963416690523218,0.9614583333333334,0.005031728036871312,0.830952380952381,0.0075292325242104375,0.9447252747252748,0.0032902874894789633,0.09013264976678237,0.00044955351376092995,donor_grouped,False,flat,,
logistic_l1,0,C=1.0,0.949454365079365,0.002701235846808066,0.9652373313980835,0.0049243705658426435,0.8992559523809524,0.0061475926130276914,0.9270833333333334,0.0,0.8714285714285713,0.012295185226055315,0.9348801322678424,0.0025328962455218973,0.06862107719999275,0.0014183275792828993,donor_grouped,False,flat,,
logistic_l1,0,C=10.0,0.9478918650793651,0.002182445735111238,0.9619377933385614,0.0030792622883855244,0.902827380952381,0.00512139265838902,0.9270833333333334,0.006944444444444458,0.8785714285714284,0.0075292325242104375,0.9363398315451222,0.004038529727206847,0.06943909403394426,0.001986592705669856,donor_grouped,False,flat,,
logistic_l1,0,C=100.0,0.9477430555555555,0.0020850713439875784,0.9619651031240736,0.0024572493995118285,0.9023065476190476,0.00642978460162592,0.9260416666666667,0.007686091535131496,0.8785714285714284,0.0075292325242104375,0.9357776932150038,0.004996949307089382,0.06961665006572373,0.002061425811151322,donor_grouped,False,flat,,
logistic_l1,1,C=0.01,0.5008184523809524,0.020452263713135622,0.695796622540217,0.011490754564833748,0.49813988095238093,0.01650470632173037,0.584375,0.17385052935968293,0.41190476190476194,0.1884983290520889,0.6220660198033825,0.10106190952027345,0.24750455999753326,0.004783755539994409,donor_grouped,False,flat,,
logistic_l1,1,C=0.1,0.949875992063492,0.0025060650950533914,0.9626106570681101,0.005398188967318352,0.9041666666666666,0.007674879141802173,0.9583333333333334,0.006944444444444448,0.85,0.011501092655705864,0.9469835739105543,0.0049422219605437506,0.09147351130093778,0.0010852617427486169,donor_grouped,False,flat,,
logistic_l1,1,C=1.0,0.9478422619047618,0.003086776501333741,0.9616512087888769,0.006553997335302616,0.9040178571428571,0.003472222222222258,0.9270833333333334,0.006944444444444448,0.880952380952381,0.0,0.9368303247939511,0.0037305129165791525,0.07085336553834351,0.002440915023648488,donor_grouped,False,flat,,
logistic_l1,1,C=10.0,0.9424107142857142,0.0048089219673091215,0.9553989935433327,0.009646634616134466,0.9034970238095237,0.003843045767565796,0.9260416666666667,0.007686091535131482,0.880952380952381,0.0,0.9362678073893285,0.00413113288138464,0.07103097580530973,0.0033938246361845167,donor_grouped,False,flat,,
logistic_l1,1,C=100.0,0.9414930555555555,0.005167427230795118,0.9532224908778826,0.011293187922552017,0.9029761904761905,0.00410838873826365,0.925,0.00821677747652729,0.880952380952381,0.0,0.9357052899847058,0.004417309433843256,0.07125293374658728,0.003553375619456861,donor_grouped,False,flat,,
logistic_l1,2,C=0.01,0.5038690476190476,0.023880521579878574,0.6968499316849522,0.012440905165151069,0.49970238095238095,0.017642978305391216,0.6041666666666667,0.26053238169866766,0.3952380952380953,0.2774828366147576,0.6188188610540478,0.15447244407288124,0.24801967509531503,0.005795367340601562,donor_grouped,False,flat,,
logistic_l1,2,C=0.1,0.957688492063492,0.00773608117188824,0.9778118248920566,0.007409815978605914,0.9074404761904761,0.006516732103140841,0.9458333333333334,0.008216777476527241,0.869047619047619,0.012548720873684069,0.944347882549326,0.0044037933117907916,0.08792606197883582,0.004337650821536833,donor_grouped,False,flat,,
logistic_l1,2,C=1.0,0.9515376984126984,0.00883329654064538,0.9714054639021343,0.00939855576280287,0.9074404761904763,0.009778244004293836,0.9291666666666666,0.008216777476527258,0.8857142857142858,0.01505846504842087,0.9389408366757499,0.0062476048266858425,0.06995209568174032,0.003667507674366486,donor_grouped,False,flat,,
logistic_l1,2,C=10.0,0.9462301587301587,0.01381675729510928,0.9669672440812969,0.0180780991156641,0.9048363095238094,0.008594743079774527,0.9239583333333334,0.012078143840920904,0.8857142857142858,0.01505846504842087,0.9361204856800374,0.006625038533230791,0.0728782823854561,0.004850770037846417,donor_grouped,False,flat,,
logistic_l1,2,C=100.0,0.9459573412698413,0.014103966818959309,0.9668614863721187,0.019622906858900883,0.9043154761904763,0.008455850133873028,0.9229166666666666,0.011197580205970167,0.8857142857142858,0.01505846504842087,0.9355638585100181,0.006261922318169281,0.07422946692840847,0.005135794817472336,donor_grouped,False,flat,,
logistic_l1,3,C=0.01,0.5051835317460318,0.024616246967169415,0.6975673084439957,0.01308538258215039,0.49970238095238095,0.017642978305391216,0.6041666666666667,0.26053238169866766,0.3952380952380953,0.2774828366147576,0.6188188610540478,0.15447244407288124,0.24789852078737984,0.00584389439282224,donor_grouped,False,flat,,
logistic_l1,3,C=0.1,0.961111111111111,0.0037537074699400042,0.9798788945960784,0.0031333025485586986,0.9037946428571428,0.005932195436473991,0.9385416666666666,0.00329403922934206,0.869047619047619,0.01254872087368407,0.9405047066163904,0.002592408258978321,0.08291725116955276,0.002140040446469073,donor_grouped,False,flat,,
logistic_l1,3,C=1.0,0.9591765873015874,0.003452878215318567,0.978133711949658,0.002598216515152979,0.9171875,0.006085745549606687,0.934375,0.005031728036871317,0.9,0.010038976698947242,0.9447058892140181,0.003749856321182231,0.06565806087174415,0.0015633143476455726,donor_grouped,False,flat,,
logistic_l1,3,C=10.0,0.9520833333333334,0.00503118468305118,0.9736073326704329,0.003048041317454868,0.9141369047619048,0.009977515507211654,0.91875,0.008216777476527274,0.9095238095238095,0.018781205660633727,0.9382957165356217,0.005743837745939879,0.07158838766769664,0.004764625125401767,donor_grouped,False,flat,,
logistic_l1,3,C=100.0,0.9519345238095239,0.006716098063759774,0.9738029471020715,0.004107410811984565,0.9103422619047619,0.01276860290307328,0.9135416666666666,0.012078143840920886,0.9071428571428571,0.020847500851688433,0.9349501504276467,0.008410842805947429,0.07356520989109552,0.006082170905262986,donor_grouped,False,flat,,
logistic_l1,4,C=0.01,0.5043650793650795,0.023682218864779402,0.6972590729632481,0.012824602513863016,0.5023065476190476,0.015169369357610376,0.6260416666666667,0.28507980594242877,0.3785714285714286,0.29705237056646844,0.6280546091247473,0.16419115589685554,0.2478394303035422,0.005833381050433914,donor_grouped,False,flat,,
logistic_l1,4,C=0.1,0.9603670634920635,0.003746417295123557,0.9796635830954654,0.0033071340694692383,0.9027529761904762,0.006997828399476219,0.9364583333333334,0.00329403922934206,0.869047619047619,0.01254872087368407,0.9393979057591624,0.003580586638803541,0.08311176549782753,0.0021318482078792177,donor_grouped,False,flat,,
logistic_l1,4,C=1.0,0.9584821428571428,0.002240394799729451,0.9782631207370411,0.0014878302977222669,0.9209077380952382,0.00916686260784882,0.9322916666666666,0.007365695637359864,0.9095238095238095,0.015058465048420877,0.9455855114374254,0.005643560220517144,0.06717061043388942,0.0022950920487522916,donor_grouped,False,flat,,
logistic_l1,4,C=10.0,0.9473958333333334,0.008669486202505827,0.9706991925649276,0.006685784906875143,0.9173363095238095,0.006130057371616882,0.915625,0.011463593068902224,0.919047619047619,0.01229518522605532,0.938573667303935,0.005526089878078625,0.07439956532120073,0.006307055327976091,donor_grouped,False,flat,,
logistic_l1,4,C=100.0,0.94640376984127,0.010115379399186008,0.9705739788219825,0.00742329797717924,0.9162946428571429,0.006629497224515667,0.9135416666666666,0.012078143840920886,0.919047619047619,0.01229518522605532,0.9374353802768353,0.006017794345569054,0.07623216005771202,0.007778339803114853,donor_grouped,False,flat,,
logistic_l1,5,C=0.01,0.5027281746031746,0.022127840967082164,0.6964410635399293,0.012019688613635613,0.5023065476190476,0.015169369357610376,0.6260416666666667,0.28507980594242877,0.3785714285714286,0.29705237056646844,0.6280546091247473,0.16419115589685554,0.2477527693359781,0.0058619533629514645,donor_grouped,False,flat,,
logistic_l1,5,C=0.1,0.9603670634920635,0.003746417295123557,0.9796635830954654,0.0033071340694692383,0.9027529761904762,0.006997828399476219,0.9364583333333334,0.00329403922934206,0.869047619047619,0.01254872087368407,0.9393979057591624,0.003580586638803541,0.08311167279638419,0.0021315432440077737,donor_grouped,False,flat,,
logistic_l1,5,C=1.0,0.9565972222222221,0.003071126921462781,0.9764014099156373,0.0023243027048695923,0.9214285714285714,0.008657139619384625,0.9333333333333333,0.005379143536399171,0.9095238095238095,0.015058465048420877,0.9461483843407239,0.00482090297172285,0.06828606916469075,0.0023090044803496324,donor_grouped,False,flat,,
logistic_l1,5,C=10.0,0.9425843253968255,0.006374056188440658,0.9654551586069242,0.005362254987494233,0.9126488095238094,0.01432149399414177,0.9229166666666666,0.008784104611578863,0.9023809523809524,0.020847500851688447,0.9390577507598785,0.008725399485474428,0.07755524155000584,0.005382661126092442,donor_grouped,False,flat,,
logistic_l1,5,C=100.0,0.9403521825396826,0.0069859027180052885,0.9645123238027619,0.005791146676903836,0.9069196428571429,0.010077199590057453,0.9114583333333334,0.007365695637359842,0.9023809523809524,0.020847500851688447,0.9328398286652556,0.005092488482231225,0.08076559606454237,0.006294350422537263,donor_grouped,False,flat,,
logistic_l1,6,C=0.01,0.5040178571428571,0.023678062681833936,0.6969020819253978,0.012526008259049816,0.5023065476190476,0.015169369357610376,0.6260416666666667,0.28507980594242877,0.3785714285714286,0.29705237056646844,0.6280546091247473,0.16419115589685554,0.24778772632449955,0.005830085195022,donor_grouped,False,flat,,
logistic_l1,6,C=0.1,0.9603670634920635,0.003746417295123557,0.9796635830954654,0.0033071340694692383,0.9027529761904762,0.006997828399476219,0.9364583333333334,0.00329403922934206,0.869047619047619,0.01254872087368407,0.9393979057591624,0.003580586638803541,0.08311172097792567,0.0021315795722098778,donor_grouped,False,flat,,
logistic_l1,6,C=1.0,0.9559275793650794,0.0038423343229782476,0.9768488021832121,0.002791025550885237,0.9173363095238095,0.010554233809268485,0.9322916666666666,0.007365695637359864,0.9023809523809524,0.01756820922315768,0.9440929257407626,0.006201202763029421,0.07072447491426208,0.00255355998604725,donor_grouped,False,flat,,
logistic_l1,6,C=10.0,0.9478422619047618,0.0075290963606433215,0.9701593732478659,0.005775160765472052,0.8923363095238095,0.014169717905925638,0.915625,0.007686091535131504,0.869047619047619,0.02571722499368198,0.9282074702059692,0.007394217248654259,0.08046623728552729,0.004485345040247003,donor_grouped,False,flat,,
logistic_l1,6,C=100.0,0.9467757936507937,0.007616775236619432,0.9697678906623173,0.006019533393109794,0.8845238095238095,0.013075871020136565,0.9166666666666666,0.00491046375823992,0.8523809523809524,0.02459037045211058,0.925360819697586,0.00619415814974456,0.08476515839209178,0.004645760114558099,donor_grouped,False,flat,,
logistic_l1,7,C=0.01,0.5040178571428571,0.023678062681833936,0.6969020819253978,0.012526008259049816,0.5023065476190476,0.015169369357610376,0.6260416666666667,0.28507980594242877,0.3785714285714286,0.29705237056646844,0.6280546091247473,0.16419115589685554,0.24798471364006022,0.005842467804500528,donor_grouped,False,flat,,
logistic_l1,7,C=0.1,0.960391865079365,0.0037614377991479144,0.9796708263230476,0.0033131773677663864,0.9027529761904762,0.006997828399476219,0.9364583333333334,0.00329403922934206,0.869047619047619,0.01254872087368407,0.9393979057591624,0.003580586638803541,0.08311083651170244,0.0021303278312625623,donor_grouped,False,flat,,
logistic_l1,7,C=1.0,0.9560763888888889,0.003885494060695555,0.976958255005352,0.0028638818715122838,0.9173363095238095,0.010554233809268485,0.9322916666666666,0.007365695637359864,0.9023809523809524,0.01756820922315768,0.9440929257407626,0.006201202763029421,0.07056611861726436,0.0025791146854307083,donor_grouped,False,flat,,
logistic_l1,7,C=10.0,0.9544642857142858,0.0048208456365145804,0.9753580960416638,0.0032552477085703016,0.8999255952380952,0.014244188779074901,0.9260416666666668,0.003294039229342089,0.8738095238095237,0.02760718592210489,0.9348342770101519,0.006313353470249585,0.07549000060821062,0.005603921797274767,donor_grouped,False,flat,,
logistic_l1,7,C=100.0,0.9509920634920634,0.007304384432790679,0.9730094286730988,0.0044372669570044146,0.8894345238095237,0.01611225340973544,0.9145833333333334,0.013714178929257973,0.8642857142857142,0.027607185922104895,0.9266343146560768,0.009866921314941081,0.07974782690327545,0.008245143397292827,donor_grouped,False,flat,,
logistic_l1,8,C=0.01,0.5082093253968254,0.01697633977333382,0.7002446350727485,0.007443563970242583,0.500297619047619,0.015768817219368673,0.5958333333333334,0.31483694094358755,0.40476190476190477,0.3215999934818224,0.6001750261724141,0.19306752557943638,0.24853545609343594,0.00563878458246916,donor_grouped,False,flat,,
logistic_l1,8,C=0.1,0.9602430555555556,0.003777755691332416,0.9795564620140329,0.0032809082476797226,0.9027529761904762,0.006997828399476219,0.9364583333333334,0.00329403922934206,0.869047619047619,0.01254872087368407,0.9393979057591624,0.003580586638803541,0.08306176508907866,0.002089019101253266,donor_grouped,False,flat,,
logistic_l1,8,C=1.0,0.9610615079365079,0.0034286444036587312,0.9787469534507014,0.002842774465878221,0.917485119047619,0.009754625403263825,0.9302083333333334,0.008575756274464226,0.9047619047619048,0.01587301587301589,0.9434688130721268,0.006202869178407575,0.06576251699117587,0.003149132221246275,donor_grouped,False,flat,,
logistic_l1,8,C=10.0,0.9568948412698413,0.006391777475317215,0.974535061565416,0.007027737096919418,0.895014880952381,0.009704046928251877,0.928125,0.005912981377057785,0.8619047619047618,0.018781205660633685,0.9334788049967851,0.004865715776084721,0.0724890551135423,0.003656049870980976,donor_grouped,False,flat,,
logistic_l1,8,C=100.0,0.9469742063492064,0.011367198771769147,0.9683678603574787,0.010956804126029953,0.887797619047619,0.018638520742466982,0.9041666666666666,0.023955817098139365,0.8714285714285713,0.023002185311411797,0.9223020577401453,0.015144906592467814,0.07964236586713302,0.009708603870069612,donor_grouped,False,flat,,
logistic_l1,9,C=0.01,0.5077628968253969,0.01760739971532142,0.7000133039039171,0.007681411642466226,0.49836309523809524,0.014233604806756088,0.6395833333333334,0.27938769580620626,0.3571428571428571,0.2796985743921602,0.636119536161897,0.16242595416982225,0.2486782082732601,0.005494662098556167,donor_grouped,False,flat,,
logistic_l1,9,C=0.1,0.9602430555555556,0.003777755691332416,0.9795564620140329,0.0032809082476797226,0.9027529761904762,0.006997828399476219,0.9364583333333334,0.00329403922934206,0.869047619047619,0.01254872087368407,0.9393979057591624,0.003580586638803541,0.0830613422672789,0.002087271990084709,donor_grouped,False,flat,,
logistic_l1,9,C=1.0,0.9610367063492063,0.0035451717361975527,0.9787708423062229,0.0029589522287995136,0.917485119047619,0.009754625403263825,0.9302083333333334,0.008575756274464226,0.9047619047619048,0.01587301587301589,0.9434688130721268,0.006202869178407575,0.06576457050262907,0.003101752455978991,donor_grouped,False,flat,,
logistic_l1,9,C=10.0,0.9530257936507937,0.008817808212450824,0.9719251410206062,0.009544305584512643,0.9014880952380953,0.010634069203064778,0.9291666666666668,0.004392052305789404,0.8738095238095237,0.022587697572631297,0.9364986810758718,0.004322019826466974,0.07390737324785636,0.004588014284143056,donor_grouped,False,flat,,
logistic_l1,9,C=100.0,0.9438988095238094,0.012304409380739859,0.9654122762121782,0.0148144753067542,0.8848958333333334,0.007162894212027224,0.903125,0.02252934471876158,0.8666666666666666,0.020077953397894494,0.9207529806834573,0.009596797197321363,0.08204672994324927,0.005255850990119827,donor_grouped,False,flat,,
logistic_l1,10,C=0.01,0.5076884920634921,0.01788143036501117,0.6998068261431797,0.00786507964590533,0.5008928571428571,0.014306883290431087,0.6208333333333333,0.2889339574887719,0.38095238095238093,0.291821846203972,0.624088014462981,0.16676228729870876,0.2488747171645028,0.005401215570913785,donor_grouped,False,flat,,
logistic_l1,10,C=0.1,0.9602430555555556,0.003777755691332416,0.9795564620140329,0.0032809082476797226,0.9027529761904762,0.006997828399476219,0.9364583333333334,0.00329403922934206,0.869047619047619,0.01254872087368407,0.9393979057591624,0.003580586638803541,0.08305978040459054,0.0020863840380800913,donor_grouped,False,flat,,
logistic_l1,10,C=1.0,0.960218253968254,0.0034230583390094825,0.9785194606227128,0.0030719426942481076,0.917485119047619,0.009754625403263825,0.9302083333333334,0.008575756274464226,0.9047619047619048,0.01587301587301589,0.9434688130721268,0.006202869178407575,0.06614792553093898,0.00279824250887122,donor_grouped,False,flat,,
logistic_l1,10,C=10.0,0.9496031746031747,0.007646865610098855,0.9702491381885707,0.008556256030522125,0.8962797619047619,0.014087650901101742,0.91875,0.012804922857351242,0.8738095238095237,0.027607185922104902,0.930860911520768,0.008111851580429671,0.076326373611775,0.004560142233233177,donor_grouped,False,flat,,
logistic_l1,10,C=100.0,0.9464037698412697,0.011650265328587659,0.9675841832962663,0.01360748769963441,0.875,0.019881531571261,0.9166666666666666,0.017704928866641635,0.8333333333333334,0.029695693545824926,0.9214272893975606,0.01309549491129161,0.08143083832755756,0.006624016219968132,donor_grouped,False,flat,,
logistic_l2,0,C=0.01,0.9472966269841269,0.0037032054240120757,0.9698504497269095,0.004694261363035631,0.8705357142857142,0.0,0.9791666666666666,0.0,0.7619047619047619,0.0,0.9399999999999998,0.0,0.18957619988934418,0.0006502103485575504,donor_grouped,False,flat,,
logistic_l2,0,C=0.1,0.9510912698412698,0.002064482829233952,0.9679873103462434,0.005556605031129389,0.8962053571428571,0.004963416690523218,0.9614583333333334,0.005031728036871312,0.830952380952381,0.0075292325242104375,0.9447252747252748,0.0032902874894789633,0.10473728470636201,0.001563554674801105,donor_grouped,False,flat,,
logistic_l2,0,C=1.0,0.9500744047619047,0.0020319482342786633,0.9666937161259709,0.004500006252547445,0.8983630952380952,0.007350648235254994,0.9395833333333334,0.004392052305789399,0.8571428571428571,0.015873015873015893,0.938610875221739,0.0031651137599208617,0.07292629375755255,0.0016433662311254157,donor_grouped,False,flat,,
logistic_l2,0,C=10.0,0.9485863095238095,0.002239937156011081,0.9638855207744937,0.0038039348874951643,0.9049107142857142,0.005188217009917799,0.93125,0.005379143536399168,0.8785714285714284,0.0075292325242104375,0.9385781206944062,0.0036186920519378353,0.06958556694038912,0.001947507334854209,donor_grouped,False,flat,,
logistic_l2,0,C=100.0,0.9477678571428572,0.0020724130101433097,0.962060619655602,0.0025397298828457606,0.9023065476190476,0.00642978460162592,0.9260416666666667,0.007686091535131496,0.8785714285714284,0.0075292325242104375,0.9357776932150038,0.004996949307089382,0.06961892242861423,0.0020556026023864516,donor_grouped,False,flat,,
logistic_l2,1,C=0.01,0.9431795634920634,0.002615493026685521,0.9623925816745549,0.002233870390963483,0.9113095238095239,0.008035101877506624,0.9583333333333334,0.0,0.8642857142857142,0.016070203755013158,0.9499329287417531,0.0033061119239512007,0.1704479892769139,0.0006582818124192824,donor_grouped,False,flat,,
logistic_l2,1,C=0.1,0.9441468253968255,0.0034481243651313144,0.9603697068661228,0.003164639499960265,0.9175595238095238,0.0026895717681996796,0.9541666666666666,0.005379143536399227,0.880952380952381,0.0,0.9511873920552677,0.0028149922133487867,0.09236428697963925,0.0015576647252269998,donor_grouped,False,flat,,
logistic_l2,1,C=1.0,0.9430059523809524,0.004423992669897291,0.9539218466683849,0.004661835805987765,0.9107886904761905,0.004287878137232061,0.940625,0.008575756274464174,0.880952380952381,0.0,0.9440492674749702,0.004555190224687393,0.0720198964327355,0.0021826140837413435,donor_grouped,False,flat,,
logistic_l2,1,C=10.0,0.9418650793650792,0.005079046437866933,0.9534522512072525,0.008075042035706867,0.9050595238095239,0.0021960261528946655,0.9291666666666668,0.0043920523057893995,0.880952380952381,0.0,0.9379553596031964,0.002346946219726304,0.07029326998023169,0.002996377675112022,donor_grouped,False,flat,,
logistic_l2,1,C=100.0,0.9413690476190476,0.005113913829196304,0.9530049838418607,0.011155019807848483,0.9034970238095237,0.003843045767565796,0.9260416666666667,0.007686091535131482,0.880952380952381,0.0,0.9362678073893285,0.00413113288138464,0.07116507333521319,0.003502428084904971,donor_grouped,False,flat,,
logistic_l2,2,C=0.01,0.953670634920635,0.0038790683329669806,0.9692347553058926,0.0031372894785205315,0.9125,0.006147592613027693,0.9583333333333334,0.0,0.8666666666666666,0.012295185226055317,0.950419315207521,0.0025377167733282155,0.14949985003965865,0.002983012610775715,donor_grouped,False,flat,,
logistic_l2,2,C=0.1,0.9540178571428571,0.003515648693382433,0.9702139548837598,0.004584942587093301,0.9088541666666666,0.006431697658675568,0.9510416666666666,0.005031728036871376,0.8666666666666666,0.012295185226055317,0.9466045817531115,0.0034891478719078395,0.08031830252334776,0.0028410480449237926,donor_grouped,False,flat,,
logistic_l2,2,C=1.0,0.9514136904761905,0.006899468949959359,0.9700938262628499,0.00799614038234697,0.9030505952380953,0.011163745179281972,0.9322916666666666,0.01012318037299531,0.8738095238095237,0.01607020375501318,0.9381417631119684,0.007460988835192252,0.06875560083808552,0.0030990107077338265,donor_grouped,False,flat,,
logistic_l2,2,C=10.0,0.9488591269841271,0.012351533554516386,0.9696631802810733,0.013612546932754455,0.9069196428571429,0.009407945282848666,0.928125,0.009120781622613696,0.8857142857142858,0.01505846504842087,0.9383779637724514,0.006214967842372117,0.07131948241094267,0.004669800326920331,donor_grouped,False,flat,,
logistic_l2,2,C=100.0,0.9461309523809524,0.013680547961803393,0.9669044414362645,0.019339695572340738,0.9043154761904763,0.008455850133873028,0.9229166666666666,0.011197580205970167,0.8857142857142858,0.01505846504842087,0.9355638585100181,0.006261922318169281,0.07400811664969424,0.005068541836810088,donor_grouped,False,flat,,
logistic_l2,3,C=0.01,0.9644097222222221,0.0021974262334660015,0.9805249755285134,0.0018516706486008188,0.8968005952380953,0.0029564906885289105,0.9364583333333334,0.005912981377057737,0.8571428571428571,0.0,0.9369379526896889,0.003145334169634744,0.13998981729435628,0.0017774362412920077,donor_grouped,False,flat,,
logistic_l2,3,C=0.1,0.9643353174603174,0.0018989372564704632,0.9811639864473352,0.0013188048847884593,0.9046130952380953,0.0065880784586841165,0.9354166666666666,0.0043920523057893865,0.8738095238095237,0.011501092655705918,0.9398229539818133,0.003681329872799915,0.07303509662051443,0.0014385529260398848,donor_grouped,False,flat,,
logistic_l2,3,C=1.0,0.9582589285714287,0.0021936906995562383,0.978152883361482,0.0013498889644278581,0.9116071428571428,0.005019488349473603,0.9375,0.0,0.8857142857142858,0.010038976698947226,0.9434003857812069,0.0020913382155976893,0.06546505220713496,0.002387636431151847,donor_grouped,False,flat,,
logistic_l2,3,C=10.0,0.9542658730158731,0.004089045620277683,0.975706951184096,0.0023665000505641467,0.9139880952380952,0.011317787985861912,0.9208333333333334,0.005379143536399199,0.9071428571428571,0.023676879190756055,0.9389430091554922,0.004921134319593084,0.06952823098426021,0.004020319897449439,donor_grouped,False,flat,,
logistic_l2,3,C=100.0,0.9523065476190476,0.0063286450062551595,0.9742002014487889,0.0036919736340907195,0.9120535714285714,0.011342761309618758,0.9145833333333334,0.011825962754115557,0.9095238095238095,0.018781205660633727,0.9360139190435974,0.0077339469538490364,0.07319381645167218,0.005900047235217755,donor_grouped,False,flat,,
logistic_l2,4,C=0.01,0.9672123015873015,0.0020478629901311742,0.9831637173942047,0.001406796582066384,0.9203125,0.006769061559566685,0.940625,0.007030714142818229,0.9,0.010038976698947271,0.948023962064848,0.004689529875550479,0.13420984413739256,0.0017434576969215239,donor_grouped,False,flat,,
logistic_l2,4,C=0.1,0.9654017857142858,0.00225574795794344,0.9822176537476137,0.0015534186688219238,0.9226190476190477,0.009398459980900999,0.9333333333333333,0.005379143536399152,0.9119047619047619,0.01607020375501319,0.9466496619800091,0.005200056484669551,0.07152077542057735,0.0018614098553204478,donor_grouped,False,flat,,
logistic_l2,4,C=1.0,0.9590277777777778,0.002626835596327461,0.9789460695339443,0.001381993342920149,0.9241071428571429,0.011168978421823135,0.9291666666666666,0.008216777476527262,0.919047619047619,0.01664775949476434,0.9459132116203455,0.007001599884442584,0.0658156077834953,0.0031106980147148243,donor_grouped,False,flat,,
logistic_l2,4,C=10.0,0.9525049603174602,0.006230910367745325,0.975552042738923,0.0039470649884460595,0.9223214285714286,0.006591812139039809,0.9208333333333334,0.005379143536399199,0.9238095238095239,0.010038976698947296,0.9424280350438048,0.004233997315432726,0.07118502024860321,0.004843164230729528,donor_grouped,False,flat,,
logistic_l2,4,C=100.0,0.9471478174603174,0.009822632390638393,0.9712156192563525,0.007089313594558238,0.9162946428571429,0.006629497224515667,0.9135416666666666,0.012078143840920886,0.919047619047619,0.01229518522605532,0.9374353802768353,0.006017794345569054,0.07570615845343623,0.007430602580649629,donor_grouped,False,flat,,
logistic_l2,5,C=0.01,0.9663690476190476,0.0019535787682198086,0.9820714078079605,0.0013861897718767588,0.9156994047619047,0.010957980096994245,0.9385416666666666,0.0076860915351314495,0.8928571428571429,0.01683587574253686,0.9454336594103058,0.006643961756780006,0.1341217596652645,0.0017290528521358923,donor_grouped,False,flat,,
logistic_l2,5,C=0.1,0.9647569444444445,0.0022227843696417484,0.9815969741796667,0.0014112309271645926,0.9178571428571429,0.0054473229814651835,0.9333333333333333,0.005379143536399152,0.9023809523809524,0.007529232524210435,0.9446449456975772,0.0037960131347929012,0.07219625954488869,0.002122995373466414,donor_grouped,False,flat,,
logistic_l2,5,C=1.0,0.9550843253968253,0.0032006969178800895,0.9755396223829955,0.0024042652213934557,0.9205357142857142,0.011919220716950008,0.9291666666666666,0.008216777476527262,0.9119047619047619,0.01607020375501319,0.9444106720702464,0.00762573115048419,0.067903308194014,0.003131410000185421,donor_grouped,False,flat,,
logistic_l2,5,C=10.0,0.9470982142857143,0.0054438715153077985,0.9696963535018153,0.004872028244630983,0.9172619047619047,0.011752917195753094,0.925,0.008216777476527295,0.9095238095238095,0.01878120566063373,0.9416743987628646,0.007070008369802635,0.07398191807861644,0.004644155978290192,donor_grouped,False,flat,,
logistic_l2,5,C=100.0,0.941468253968254,0.007016896552223211,0.9656702009395074,0.005731130629555236,0.9100446428571429,0.012096718369741086,0.9177083333333333,0.005912981377057801,0.9023809523809524,0.020847500851688447,0.936248292568693,0.0065136806932234925,0.07988832601640031,0.006090947631638809,donor_grouped,False,flat,,
logistic_l2,6,C=0.01,0.9664186507936507,0.0028307148727877937,0.9820169647929904,0.002267349210981479,0.9209077380952382,0.006873664950884435,0.9489583333333333,0.007686091535131503,0.8928571428571429,0.012548720873684064,0.9509317959433483,0.00449149377370027,0.13426247651796877,0.001897104575928064,donor_grouped,False,flat,,
logistic_l2,6,C=0.1,0.964781746031746,0.0031718462455771765,0.9814187917146293,0.002496734839988204,0.919047619047619,0.010746845734803735,0.9333333333333333,0.005379143536399152,0.9047619047619048,0.0194403947839935,0.9451567207846706,0.00556652738626376,0.07211485249399288,0.002425479959279349,donor_grouped,False,flat,,
logistic_l2,6,C=1.0,0.9596974206349206,0.003569763261802989,0.9788692383520884,0.0027883646225249493,0.9181547619047619,0.010056118518210984,0.9291666666666666,0.008216777476527262,0.9071428571428571,0.013515386004703506,0.9434081658045823,0.006697940095543257,0.06648436881575844,0.003403199500841283,donor_grouped,False,flat,,
logistic_l2,6,C=10.0,0.9551835317460318,0.005153653404313202,0.9759787594026756,0.004243581167034398,0.9044642857142857,0.012564396983323478,0.9208333333333334,0.00878410461157885,0.8880952380952382,0.022587697572631283,0.9349572179562381,0.007038950179923707,0.07314035979916098,0.004237080558379306,donor_grouped,False,flat,,
logistic_l2,6,C=100.0,0.9479414682539682,0.007326106966678229,0.970672761270466,0.0057091066384508385,0.8857142857142858,0.01493129711284009,0.9166666666666666,0.00491046375823992,0.8547619047619047,0.028505214279472967,0.9258561478524886,0.006875106409080189,0.08318231683982238,0.004525027570355011,donor_grouped,False,flat,,
logistic_l2,7,C=0.01,0.9653521825396826,0.002759435892587148,0.9813195435499141,0.002342836236587286,0.9200148809523808,0.006431697658675599,0.9447916666666666,0.005031728036871322,0.8952380952380953,0.012295185226055313,0.9492413543675944,0.003526353288859572,0.13413421306679998,0.001932538270816335,donor_grouped,False,flat,,
logistic_l2,7,C=0.1,0.9632936507936508,0.0025319763278957943,0.9806091461233921,0.002183304300551454,0.919047619047619,0.010746845734803735,0.9333333333333333,0.005379143536399152,0.9047619047619048,0.0194403947839935,0.9451567207846706,0.00556652738626376,0.07231981626987358,0.0021858516729311886,donor_grouped,False,flat,,
logistic_l2,7,C=1.0,0.9595734126984127,0.0033824855399270486,0.9789437877540916,0.002488262298594254,0.9181547619047619,0.010056118518210984,0.9291666666666666,0.008216777476527262,0.9071428571428571,0.013515386004703506,0.9434081658045823,0.006697940095543257,0.06697629153641405,0.0032592365674617295,donor_grouped,False,flat,,
logistic_l2,7,C=10.0,0.9589037698412698,0.003699142865726767,0.9787894438013552,0.002651405154659771,0.9063988095238095,0.015364177975167051,0.9270833333333334,0.006944444444444451,0.8857142857142858,0.027030772009406998,0.9378488058548212,0.00797287850639554,0.07089192654477577,0.0039819696589424814,donor_grouped,False,flat,,
logistic_l2,7,C=100.0,0.9537450396825398,0.0060911338484207385,0.9751662684403287,0.0037901283567816704,0.8952380952380953,0.014263823891953386,0.9166666666666666,0.014731391274719738,0.8738095238095237,0.02760718592210489,0.9297174025783403,0.008829200511176779,0.07732786816950744,0.006794983697567209,donor_grouped,False,flat,,
logistic_l2,8,C=0.01,0.9683035714285714,0.0032773983589242848,0.9816616743409566,0.003224668907358546,0.9179315476190476,0.005753219881546066,0.940625,0.005031728036871323,0.8952380952380953,0.012295185226055313,0.9470371773675025,0.002964247760890159,0.13062970799743662,0.0026292968304998114,donor_grouped,False,flat,,
logistic_l2,8,C=0.1,0.9677827380952382,0.003194284402587752,0.9815418093341419,0.0030478294267102793,0.9149553571428571,0.003490773853224563,0.9322916666666666,0.007365695637359832,0.8976190476190476,0.011501092655705925,0.9430895492439649,0.0024159608942337773,0.06785485824109615,0.0026894611432948857,donor_grouped,False,flat,,
logistic_l2,8,C=1.0,0.9638640873015873,0.003919819189330607,0.979265774857959,0.004110396617141615,0.9220982142857143,0.006891539548612349,0.9322916666666666,0.005490065382236746,0.9119047619047619,0.011501092655705921,0.9460871445753863,0.004192905950989399,0.06272893962583867,0.0036232240441137703,donor_grouped,False,flat,,
logistic_l2,8,C=10.0,0.9610863095238095,0.005151531085368279,0.9771053611969208,0.006183894093674013,0.9076636904761906,0.007062575878026324,0.934375,0.008575756274464183,0.880952380952381,0.011223917161691242,0.9407320657665105,0.005122861869530348,0.06733439370489681,0.0022740922463023714,donor_grouped,False,flat,,
logistic_l2,8,C=100.0,0.9520833333333334,0.008749021379244786,0.9712262894154,0.00878870295107145,0.8924107142857143,0.013800918968912732,0.90625,0.02455231879119957,0.8785714285714284,0.0208475008516884,0.9249026540500385,0.013059985980698435,0.07542990858777968,0.0071404904231528255,donor_grouped,False,flat,,
logistic_l2,9,C=0.01,0.9683779761904763,0.0033667894666497087,0.9816540002103029,0.0033721601141974817,0.9174107142857142,0.0055124282665904595,0.9395833333333334,0.009572256077840428,0.8952380952380953,0.012295185226055313,0.9464684024148647,0.004343690851194336,0.13058485027967534,0.002513852287116225,donor_grouped,False,flat,,
logistic_l2,9,C=0.1,0.9679067460317461,0.002923362719998479,0.9816400312174597,0.0029614084793344654,0.9144345238095237,0.003937129927179456,0.93125,0.005379143536399165,0.8976190476190476,0.011501092655705925,0.9425387202736335,0.0017211304715203963,0.06784971785761996,0.002418536150843811,donor_grouped,False,flat,,
logistic_l2,9,C=1.0,0.9631696428571429,0.0034707456232942403,0.9789725387816711,0.0039007111007743193,0.9220982142857143,0.006891539548612349,0.9322916666666666,0.005490065382236746,0.9119047619047619,0.011501092655705921,0.9460871445753863,0.004192905950989399,0.06305355812840073,0.003262626809597597,donor_grouped,False,flat,,
logistic_l2,9,C=10.0,0.9576140873015874,0.0059952276421256535,0.974982248914334,0.006877301881271549,0.9101934523809524,0.008790054835535174,0.9322916666666666,0.008852464433320759,0.8880952380952382,0.016070203755013182,0.9411062068347134,0.005497863934460682,0.06897302849397258,0.002845056247569187,donor_grouped,False,flat,,
logistic_l2,9,C=100.0,0.9468005952380952,0.011910071245878385,0.9674441869450885,0.012846274144678769,0.8929315476190476,0.009108971723030566,0.9072916666666666,0.01866622229960506,0.8785714285714284,0.01756820922315767,0.925533676455635,0.009006673004271036,0.07903333677396121,0.004537206794603358,donor_grouped,False,flat,,
logistic_l2,10,C=0.01,0.9681051587301587,0.003928788540844724,0.9817447350080173,0.0036832847410341015,0.9247767857142858,0.0035153570714091327,0.9447916666666666,0.007030714142818272,0.9047619047619048,0.0,0.9512204923303023,0.003707487892181586,0.1299275480032329,0.0023522701870897895,donor_grouped,False,flat,,
logistic_l2,10,C=0.1,0.9676339285714286,0.0029047166155358605,0.9817152450017277,0.0028215247816374776,0.9149553571428571,0.003490773853224563,0.9322916666666666,0.007365695637359832,0.8976190476190476,0.011501092655705925,0.9430895492439649,0.0024159608942337773,0.06812805373280939,0.0023452932691007036,donor_grouped,False,flat,,
logistic_l2,10,C=1.0,0.9608878968253969,0.003368413091780744,0.9775293434026991,0.0038852257473164765,0.9209077380952382,0.0080140218915933,0.9322916666666666,0.005490065382236746,0.9095238095238095,0.015058465048420875,0.9455911401664583,0.004316063031411331,0.06434652361440592,0.002784817498002175,donor_grouped,False,flat,,
logistic_l2,10,C=10.0,0.9556795634920634,0.005222159254624523,0.9740279310318769,0.006488598529320871,0.9095238095238095,0.008784104611578811,0.9333333333333333,0.008784104611578787,0.8857142857142858,0.018781205660633724,0.9411716854727809,0.00486178433138122,0.07048093541547305,0.0023433102804012746,donor_grouped,False,flat,,
logistic_l2,10,C=100.0,0.9484375,0.010659522304755836,0.9687319697669823,0.012166939251373224,0.8833333333333334,0.022865395645542873,0.9166666666666666,0.017704928866641635,0.85,0.03731002943981957,0.9248377825202898,0.013965959933066709,0.07875685787387976,0.006076154425747458,donor_grouped,False,flat,,
logistic_l1,0,C=0.1,0.9499751984126984,0.006017530462095881,0.9686164998364152,0.00682952391977851,0.909077380952381,0.014164290517012873,0.9395833333333334,0.018890931262132635,0.8785714285714284,0.020847500851688405,0.9429535145039264,0.010964631808008735,0.07631392068494613,0.004595871816426705,donor_grouped,False,nested,50.0,"k=0,C=0.1 x9; k=2,C=0.1 x8; k=6,C=1.0 x8; k=3,C=1.0 x6; k=8,C=1.0 x3; k=3,C=0.1 x3; k=2,C=100.0 x3; k=10,C=10.0 x2; k=1,C=100.0 x2; k=10,C=1.0 x1; k=3,C=100.0 x1; k=9,C=0.1 x1; k=0,C=100.0 x1; k=4,C=0.1 x1; k=8,C=0.1 x1"
logistic_l2,8,C=0.01,0.9483382936507937,0.015700730330540764,0.9686272619335267,0.012965696356411939,0.9064732142857143,0.016626500222624546,0.934375,0.008575756274464184,0.8785714285714287,0.03063533185018855,0.9402728852247009,0.008441612647835632,0.10016793136138417,0.010736995384543832,donor_grouped,False,nested,50.0,"k=8,C=0.01 x13; k=4,C=0.01 x7; k=8,C=0.1 x3; k=10,C=0.1 x3; k=2,C=100.0 x3; k=10,C=0.01 x2; k=6,C=0.1 x2; k=3,C=100.0 x2; k=6,C=0.01 x2; k=3,C=10.0 x2; k=10,C=10.0 x2; k=1,C=100.0 x2; k=8,C=1.0 x2; k=2,C=0.1 x1; k=9,C=10.0 x1; k=3,C=0.1 x1; k=2,C=10.0 x1; k=7,C=0.1 x1"
logistic_l1,0,C=0.01,0.48387896825396826,,0.6541948234006605,,0.5,,0.0,,1.0,,0.0,,0.2567426026464226,,loco,False,flat,,
logistic_l1,0,C=0.1,0.9496527777777778,,0.9456648118665956,,0.8958333333333334,,0.9583333333333334,,0.8333333333333334,,0.9435897435897436,,0.08428566210948489,,loco,False,flat,,
logistic_l1,0,C=1.0,0.9471726190476191,,0.9446113791525881,,0.8921130952380952,,0.9270833333333334,,0.8571428571428571,,0.9319371727748691,,0.06817372884178169,,loco,False,flat,,
logistic_l1,0,C=10.0,0.9474206349206349,,0.9575827672230638,,0.9040178571428572,,0.9270833333333334,,0.8809523809523809,,0.9368421052631579,,0.06876426671746734,,loco,False,flat,,
logistic_l1,0,C=100.0,0.9469246031746031,,0.9572385890296746,,0.9040178571428572,,0.9270833333333334,,0.8809523809523809,,0.9368421052631579,,0.06890196924630809,,loco,False,flat,,
logistic_l1,1,C=0.01,0.47395833333333337,,0.6558456738712579,,0.5,,0.0,,1.0,,0.0,,0.25566343614918124,,loco,False,flat,,
logistic_l1,1,C=0.1,0.9486607142857143,,0.9536901498077557,,0.9010416666666667,,0.96875,,0.8333333333333334,,0.9489795918367347,,0.08509465337854108,,loco,False,flat,,
logistic_l1,1,C=1.0,0.9461805555555556,,0.9490167820396066,,0.9040178571428572,,0.9270833333333334,,0.8809523809523809,,0.9368421052631579,,0.06946959792278742,,loco,False,flat,,
logistic_l1,1,C=10.0,0.941468253968254,,0.9454161073235953,,0.9040178571428572,,0.9270833333333334,,0.8809523809523809,,0.9368421052631579,,0.07024245245218082,,loco,False,flat,,
logistic_l1,1,C=100.0,0.9412202380952381,,0.9452085020900755,,0.9040178571428572,,0.9270833333333334,,0.8809523809523809,,0.9368421052631579,,0.07054995780518193,,loco,False,flat,,
logistic_l1,2,C=0.01,0.45858134920634924,,0.6439823707846097,,0.5,,0.0,,1.0,,0.0,,0.2538621336294103,,loco,False,flat,,
logistic_l1,2,C=0.1,0.9603174603174603,,0.9783870401212582,,0.9092261904761905,,0.9375,,0.8809523809523809,,0.9424083769633508,,0.0746128315919224,,loco,False,flat,,
logistic_l1,2,C=1.0,0.949156746031746,,0.9677823994297838,,0.9092261904761905,,0.9375,,0.8809523809523809,,0.9424083769633508,,0.06445814013286724,,loco,False,flat,,
logistic_l1,2,C=10.0,0.9429563492063492,,0.9645453159687163,,0.9159226190476191,,0.9270833333333334,,0.9047619047619048,,0.9417989417989417,,0.06662787737499345,,loco,False,flat,,
logistic_l1,2,C=100.0,0.9422123015873016,,0.96416001556755,,0.9159226190476191,,0.9270833333333334,,0.9047619047619048,,0.9417989417989417,,0.06752742194485063,,loco,False,flat,,
logistic_l1,3,C=0.01,0.45634920634920634,,0.6420967023711894,,0.5,,0.0,,1.0,,0.0,,0.2538104776633712,,loco,False,flat,,
logistic_l1,3,C=0.1,0.9615575396825398,,0.9794950816255824,,0.9092261904761905,,0.9375,,0.8809523809523809,,0.9424083769633508,,0.07373868601211044,,loco,False,flat,,
logistic_l1,3,C=1.0,0.9533730158730158,,0.9739016355197065,,0.9092261904761905,,0.9375,,0.8809523809523809,,0.9424083769633508,,0.06631214292546275,,loco,False,flat,,
logistic_l1,3,C=10.0,0.9486607142857143,,0.9703649109282244,,0.9107142857142857,,0.9166666666666666,,0.9047619047619048,,0.9361702127659575,,0.07115133424265792,,loco,False,flat,,
logistic_l1,3,C=100.0,0.949156746031746,,0.9708321438628711,,0.9226190476190477,,0.9166666666666666,,0.9285714285714286,,0.9411764705882353,,0.0727318599316396,,loco,False,flat,,
logistic_l1,4,C=0.01,0.46329365079365076,,0.6467312798103915,,0.5,,0.0,,1.0,,0.0,,0.25371082891129226,,loco,False,flat,,
logistic_l1,4,C=0.1,0.9618055555555556,,0.9796931013985729,,0.9092261904761905,,0.9375,,0.8809523809523809,,0.9424083769633508,,0.07368363462221775,,loco,False,flat,,
logistic_l1,4,C=1.0,0.9486607142857143,,0.9710571663286922,,0.9211309523809523,,0.9375,,0.9047619047619048,,0.9473684210526315,,0.06740850333607303,,loco,False,flat,,
logistic_l1,4,C=10.0,0.9412202380952381,,0.9649608241972347,,0.9226190476190477,,0.9166666666666666,,0.9285714285714286,,0.9411764705882353,,0.07346069654057592,,loco,False,flat,,
logistic_l1,4,C=100.0,0.9417162698412699,,0.9654964493764002,,0.9226190476190477,,0.9166666666666666,,0.9285714285714286,,0.9411764705882353,,0.07510243559916267,,loco,False,flat,,
logistic_l1,5,C=0.01,0.45982142857142855,,0.6454455760085498,,0.5,,0.0,,1.0,,0.0,,0.25373978364032196,,loco,False,flat,,
logistic_l1,5,C=0.1,0.9618055555555556,,0.9796931013985729,,0.9092261904761905,,0.9375,,0.8809523809523809,,0.9424083769633508,,0.07368372915589777,,loco,False,flat,,
logistic_l1,5,C=1.0,0.947420634920635,,0.9693312710129337,,0.9211309523809523,,0.9375,,0.9047619047619048,,0.9473684210526315,,0.0682917043993524,,loco,False,flat,,
logistic_l1,5,C=10.0,0.9407242063492065,,0.9650469567320736,,0.9159226190476191,,0.9270833333333334,,0.9047619047619048,,0.9417989417989417,,0.07769799626151065,,loco,False,flat,,
logistic_l1,5,C=100.0,0.939484126984127,,0.9646054612622745,,0.9107142857142857,,0.9166666666666666,,0.9047619047619048,,0.9361702127659575,,0.07975537022490248,,loco,False,flat,,
logistic_l1,6,C=0.01,0.45213293650793657,,0.6425035956898729,,0.5,,0.0,,1.0,,0.0,,0.25376462273813377,,loco,False,flat,,
logistic_l1,6,C=0.1,0.9618055555555556,,0.9796931013985729,,0.9092261904761905,,0.9375,,0.8809523809523809,,0.9424083769633508,,0.07368355843234463,,loco,False,flat,,
logistic_l1,6,C=1.0,0.9523809523809523,,0.9744834225310937,,0.9092261904761905,,0.9375,,0.8809523809523809,,0.9424083769633508,,0.06727947352985399,,loco,False,flat,,
logistic_l1,6,C=10.0,0.9536210317460319,,0.9756224638902086,,0.8988095238095237,,0.9166666666666666,,0.8809523809523809,,0.9312169312169312,,0.07975897579028023,,loco,False,flat,,
logistic_l1,6,C=100.0,0.9536210317460319,,0.9754508178370147,,0.8869047619047619,,0.9166666666666666,,0.8571428571428571,,0.9263157894736842,,0.0832890843082582,,loco,False,flat,,
logistic_l1,7,C=0.01,0.4481646825396825,,0.6417923795450622,,0.5,,0.0,,1.0,,0.0,,0.25332010626335016,,loco,False,flat,,
logistic_l1,7,C=0.1,0.9618055555555556,,0.9796931013985729,,0.9092261904761905,,0.9375,,0.8809523809523809,,0.9424083769633508,,0.07368661948706308,,loco,False,flat,,
logistic_l1,7,C=1.0,0.9523809523809523,,0.9745586752782154,,0.9211309523809523,,0.9375,,0.9047619047619048,,0.9473684210526315,,0.06840980279595785,,loco,False,flat,,
logistic_l1,7,C=10.0,0.9558531746031746,,0.9768646546781606,,0.8988095238095237,,0.9166666666666666,,0.8809523809523809,,0.9312169312169312,,0.07587411108613666,,loco,False,flat,,
logistic_l1,7,C=100.0,0.9526289682539683,,0.9745800226114922,,0.9107142857142857,,0.9166666666666666,,0.9047619047619048,,0.9361702127659575,,0.07746256052512282,,loco,False,flat,,
logistic_l1,8,C=0.01,0.45163690476190477,,0.6422933432593267,,0.5,,0.0,,1.0,,0.0,,0.2532547715510578,,loco,False,flat,,
logistic_l1,8,C=0.1,0.9623015873015873,,0.9791785117105714,,0.9092261904761905,,0.9375,,0.8809523809523809,,0.9424083769633508,,0.07244165970388193,,loco,False,flat,,
logistic_l1,8,C=1.0,0.9627976190476191,,0.9773022594543455,,0.9159226190476191,,0.9270833333333334,,0.9047619047619048,,0.9417989417989417,,0.06308207407555153,,loco,False,flat,,
logistic_l1,8,C=10.0,0.9600694444444444,,0.9762253309922082,,0.9040178571428572,,0.9270833333333334,,0.8809523809523809,,0.9368421052631579,,0.06725676508487004,,loco,False,flat,,
logistic_l1,8,C=100.0,0.955109126984127,,0.9741273927752583,,0.9040178571428572,,0.9270833333333334,,0.8809523809523809,,0.9368421052631579,,0.06821384821335776,,loco,False,flat,,
logistic_l1,9,C=0.01,0.44642857142857145,,0.6419968436929466,,0.5037202380952381,,0.03125,,0.9761904761904762,,0.06,,0.2529234820502664,,loco,False,flat,,
logistic_l1,9,C=0.1,0.9623015873015873,,0.9791785117105714,,0.9092261904761905,,0.9375,,0.8809523809523809,,0.9424083769633508,,0.07244303412389994,,loco,False,flat,,
logistic_l1,9,C=1.0,0.9627976190476191,,0.9773022594543455,,0.9159226190476191,,0.9270833333333334,,0.9047619047619048,,0.9417989417989417,,0.06321468524637439,,loco,False,flat,,
logistic_l1,9,C=10.0,0.9578373015873016,,0.9751560881291158,,0.9040178571428572,,0.9270833333333334,,0.8809523809523809,,0.9368421052631579,,0.0686506087602424,,loco,False,flat,,
logistic_l1,9,C=100.0,0.9521329365079365,,0.9729194691126408,,0.9040178571428572,,0.9270833333333334,,0.8809523809523809,,0.9368421052631579,,0.07454326706222701,,loco,False,flat,,
logistic_l1,10,C=0.01,0.42336309523809523,,0.6379683085721768,,0.5037202380952381,,0.03125,,0.9761904761904762,,0.06,,0.25271909410052074,,loco,False,flat,,
logistic_l1,10,C=0.1,0.9623015873015873,,0.9791785117105714,,0.9092261904761905,,0.9375,,0.8809523809523809,,0.9424083769633508,,0.07244410890933045,,loco,False,flat,,
logistic_l1,10,C=1.0,0.9627976190476191,,0.9773022594543455,,0.9159226190476191,,0.9270833333333334,,0.9047619047619048,,0.9417989417989417,,0.06322245701061258,,loco,False,flat,,
logistic_l1,10,C=10.0,0.9556051587301587,,0.9746231213616565,,0.8988095238095237,,0.9166666666666666,,0.8809523809523809,,0.9312169312169312,,0.07169977742387232,,loco,False,flat,,
logistic_l1,10,C=100.0,0.9541170634920634,,0.9735372793011696,,0.8869047619047619,,0.9166666666666666,,0.8571428571428571,,0.9263157894736842,,0.07709578044935853,,loco,False,flat,,
logistic_l2,0,C=0.01,0.9437003968253969,,0.9617431456370722,,0.8824404761904762,,0.9791666666666666,,0.7857142857142857,,0.9447236180904522,,0.17997799443708534,,loco,False,flat,,
logistic_l2,0,C=0.1,0.9508928571428571,,0.9607862060110437,,0.8958333333333334,,0.9583333333333334,,0.8333333333333334,,0.9435897435897436,,0.0971088602309318,,loco,False,flat,,
logistic_l2,0,C=1.0,0.9501488095238094,,0.9619697289133982,,0.8973214285714286,,0.9375,,0.8571428571428571,,0.9375,,0.07101028540699032,,loco,False,flat,,
logistic_l2,0,C=10.0,0.9479166666666665,,0.9593823703976669,,0.9040178571428572,,0.9270833333333334,,0.8809523809523809,,0.9368421052631579,,0.0688523293730614,,loco,False,flat,,
logistic_l2,0,C=100.0,0.9469246031746031,,0.9572385890296746,,0.9040178571428572,,0.9270833333333334,,0.8809523809523809,,0.9368421052631579,,0.06890979604249248,,loco,False,flat,,
logistic_l2,1,C=0.01,0.9434523809523809,,0.9622835609609541,,0.9077380952380952,,0.9583333333333334,,0.8571428571428571,,0.9484536082474226,,0.16110824852398672,,loco,False,flat,,
logistic_l2,1,C=0.1,0.9441964285714286,,0.9610338121951532,,0.9144345238095237,,0.9479166666666666,,0.8809523809523809,,0.9479166666666666,,0.08767771552166952,,loco,False,flat,,
logistic_l2,1,C=1.0,0.9429563492063492,,0.9495321085970954,,0.9144345238095237,,0.9479166666666666,,0.8809523809523809,,0.9479166666666666,,0.07092014174058418,,loco,False,flat,,
logistic_l2,1,C=10.0,0.9417162698412698,,0.9454974819798262,,0.9040178571428572,,0.9270833333333334,,0.8809523809523809,,0.9368421052631579,,0.06982105814519035,,loco,False,flat,,
logistic_l2,1,C=100.0,0.9412202380952381,,0.9452085020900755,,0.9040178571428572,,0.9270833333333334,,0.8809523809523809,,0.9368421052631579,,0.07051385526215503,,loco,False,flat,,
logistic_l2,2,C=0.01,0.9578373015873016,,0.9700563432826559,,0.9181547619047619,,0.9791666666666666,,0.8571428571428571,,0.9591836734693877,,0.1329819938861158,,loco,False,flat,,
logistic_l2,2,C=0.1,0.9548611111111112,,0.9671211541440149,,0.9040178571428572,,0.9270833333333334,,0.8809523809523809,,0.9368421052631579,,0.07196294255891521,,loco,False,flat,,
logistic_l2,2,C=1.0,0.949404761904762,,0.9636909921675586,,0.9211309523809523,,0.9375,,0.9047619047619048,,0.9473684210526315,,0.06331621664712281,,loco,False,flat,,
logistic_l2,2,C=10.0,0.9444444444444445,,0.9651086826979679,,0.9159226190476191,,0.9270833333333334,,0.9047619047619048,,0.9417989417989417,,0.06544062026440349,,loco,False,flat,,
logistic_l2,2,C=100.0,0.9422123015873016,,0.96416001556755,,0.9159226190476191,,0.9270833333333334,,0.9047619047619048,,0.9417989417989417,,0.06742119371426866,,loco,False,flat,,
logistic_l2,3,C=0.01,0.9650297619047619,,0.9807138128091613,,0.8973214285714286,,0.9375,,0.8571428571428571,,0.9375,,0.1258450308271855,,loco,False,flat,,
logistic_l2,3,C=0.1,0.960813492063492,,0.9781002640384896,,0.9092261904761905,,0.9375,,0.8809523809523809,,0.9424083769633508,,0.06897989757437674,,loco,False,flat,,
logistic_l2,3,C=1.0,0.9538690476190477,,0.9742901062457553,,0.9092261904761905,,0.9375,,0.8809523809523809,,0.9424083769633508,,0.06581021058785202,,loco,False,flat,,
logistic_l2,3,C=10.0,0.9494047619047619,,0.9719314030177258,,0.9040178571428572,,0.9270833333333334,,0.8809523809523809,,0.9368421052631579,,0.06926381873399312,,loco,False,flat,,
logistic_l2,3,C=100.0,0.9494047619047619,,0.9712327848885122,,0.9226190476190477,,0.9166666666666666,,0.9285714285714286,,0.9411764705882353,,0.07244269052713818,,loco,False,flat,,
logistic_l2,4,C=0.01,0.9685019841269842,,0.9836226482961337,,0.9263392857142857,,0.9479166666666666,,0.9047619047619048,,0.9528795811518325,,0.1209973814548515,,loco,False,flat,,
logistic_l2,4,C=0.1,0.9640376984126985,,0.9810064683331773,,0.9211309523809523,,0.9375,,0.9047619047619048,,0.9473684210526315,,0.06774105983046479,,loco,False,flat,,
logistic_l2,4,C=1.0,0.955109126984127,,0.9754606219950472,,0.9330357142857143,,0.9375,,0.9285714285714286,,0.9523809523809523,,0.06569687119304017,,loco,False,flat,,
logistic_l2,4,C=10.0,0.9494047619047619,,0.973270801999214,,0.9226190476190477,,0.9166666666666666,,0.9285714285714286,,0.9411764705882353,,0.07117377984597677,,loco,False,flat,,
logistic_l2,4,C=100.0,0.9422123015873016,,0.9663471438208446,,0.9226190476190477,,0.9166666666666666,,0.9285714285714286,,0.9411764705882353,,0.07485471348577835,,loco,False,flat,,
logistic_l2,5,C=0.01,0.9675099206349207,,0.982484130478927,,0.9263392857142857,,0.9479166666666666,,0.9047619047619048,,0.9528795811518325,,0.12108079708558464,,loco,False,flat,,
logistic_l2,5,C=0.1,0.9627976190476191,,0.9799320065440457,,0.9211309523809523,,0.9375,,0.9047619047619048,,0.9473684210526315,,0.06817302791979847,,loco,False,flat,,
logistic_l2,5,C=1.0,0.9538690476190477,,0.9739993596554513,,0.9211309523809523,,0.9375,,0.9047619047619048,,0.9473684210526315,,0.06658744449986209,,loco,False,flat,,
logistic_l2,5,C=10.0,0.945684523809524,,0.9690119872080682,,0.9159226190476191,,0.9270833333333334,,0.9047619047619048,,0.9417989417989417,,0.07404108394012918,,loco,False,flat,,
logistic_l2,5,C=100.0,0.9404761904761905,,0.9654013436706894,,0.9107142857142857,,0.9166666666666666,,0.9047619047619048,,0.9361702127659575,,0.07931665765599641,,loco,False,flat,,
logistic_l2,6,C=0.01,0.9689980158730159,,0.98370441613295,,0.9315476190476191,,0.9583333333333334,,0.9047619047619048,,0.9583333333333334,,0.12118328612200112,,loco,False,flat,,
logistic_l2,6,C=0.1,0.9652777777777778,,0.9815822710396553,,0.9211309523809523,,0.9375,,0.9047619047619048,,0.9473684210526315,,0.06739771728062993,,loco,False,flat,,
logistic_l2,6,C=1.0,0.9593253968253969,,0.9785337133252541,,0.9211309523809523,,0.9375,,0.9047619047619048,,0.9473684210526315,,0.0656300055712525,,loco,False,flat,,
logistic_l2,6,C=10.0,0.9573412698412698,,0.977901883140534,,0.9040178571428572,,0.9270833333333334,,0.8809523809523809,,0.9368421052631579,,0.07460057912988431,,loco,False,flat,,
logistic_l2,6,C=100.0,0.9538690476190477,,0.9757571903860344,,0.8988095238095237,,0.9166666666666666,,0.8809523809523809,,0.9312169312169312,,0.08260295297019522,,loco,False,flat,,
logistic_l2,7,C=0.01,0.9692460317460319,,0.983834129038412,,0.9263392857142857,,0.9479166666666666,,0.9047619047619048,,0.9528795811518325,,0.12074232794704146,,loco,False,flat,,
logistic_l2,7,C=0.1,0.9645337301587302,,0.9812715345148708,,0.9211309523809523,,0.9375,,0.9047619047619048,,0.9473684210526315,,0.06764335832473183,,loco,False,flat,,
logistic_l2,7,C=1.0,0.9593253968253969,,0.9788338454743198,,0.9211309523809523,,0.9375,,0.9047619047619048,,0.9473684210526315,,0.06621030473339239,,loco,False,flat,,
logistic_l2,7,C=10.0,0.9600694444444444,,0.979791669073951,,0.9159226190476191,,0.9270833333333334,,0.9047619047619048,,0.9417989417989417,,0.07236795786081084,,loco,False,flat,,
logistic_l2,7,C=100.0,0.9553571428571429,,0.9768626575799146,,0.9107142857142857,,0.9166666666666666,,0.9047619047619048,,0.9361702127659575,,0.07676685985267877,,loco,False,flat,,
logistic_l2,8,C=0.01,0.9709821428571428,,0.9827010060910848,,0.9263392857142857,,0.9479166666666666,,0.9047619047619048,,0.9528795811518325,,0.11525114685486555,,loco,False,flat,,
logistic_l2,8,C=0.1,0.9699900793650793,,0.9823309284721543,,0.9211309523809523,,0.9375,,0.9047619047619048,,0.9473684210526315,,0.062002503826375975,,loco,False,flat,,
logistic_l2,8,C=1.0,0.9657738095238095,,0.9800518665493633,,0.9211309523809523,,0.9375,,0.9047619047619048,,0.9473684210526315,,0.06085634686809071,,loco,False,flat,,
logistic_l2,8,C=10.0,0.9618055555555556,,0.9774828790863825,,0.9040178571428572,,0.9270833333333334,,0.8809523809523809,,0.9368421052631579,,0.0662063625088438,,loco,False,flat,,
logistic_l2,8,C=100.0,0.9563492063492064,,0.9749345585944003,,0.9040178571428572,,0.9270833333333334,,0.8809523809523809,,0.9368421052631579,,0.06820026146802165,,loco,False,flat,,
logistic_l2,9,C=0.01,0.970734126984127,,0.9826137566347868,,0.9315476190476191,,0.9583333333333334,,0.9047619047619048,,0.9583333333333334,,0.11542632561844285,,loco,False,flat,,
logistic_l2,9,C=0.1,0.9689980158730158,,0.9814539297893535,,0.9211309523809523,,0.9375,,0.9047619047619048,,0.9473684210526315,,0.062123756239205866,,loco,False,flat,,
logistic_l2,9,C=1.0,0.9645337301587302,,0.9788934391604476,,0.9211309523809523,,0.9375,,0.9047619047619048,,0.9473684210526315,,0.06162375986693713,,loco,False,flat,,
logistic_l2,9,C=10.0,0.958829365079365,,0.9760980753008084,,0.8921130952380952,,0.9270833333333334,,0.8571428571428571,,0.9319371727748691,,0.06882230728135456,,loco,False,flat,,
logistic_l2,9,C=100.0,0.953125,,0.9736657416111691,,0.9040178571428572,,0.9270833333333334,,0.8809523809523809,,0.9368421052631579,,0.07440860143317887,,loco,False,flat,,
logistic_l2,10,C=0.01,0.9709821428571428,,0.9829497781401633,,0.9315476190476191,,0.9583333333333334,,0.9047619047619048,,0.9583333333333334,,0.11541277622088167,,loco,False,flat,,
logistic_l2,10,C=0.1,0.9682539682539683,,0.9810906267792544,,0.9211309523809523,,0.9375,,0.9047619047619048,,0.9473684210526315,,0.06242673856430711,,loco,False,flat,,
logistic_l2,10,C=1.0,0.9625496031746033,,0.9779316479204838,,0.9211309523809523,,0.9375,,0.9047619047619048,,0.9473684210526315,,0.062527742329421,,loco,False,flat,,
logistic_l2,10,C=10.0,0.9593253968253967,,0.9763950211057502,,0.8869047619047619,,0.9166666666666666,,0.8571428571428571,,0.9263157894736842,,0.06860456507827076,,loco,False,flat,,
logistic_l2,10,C=100.0,0.9563492063492063,,0.9749794771806123,,0.8988095238095237,,0.9166666666666666,,0.8809523809523809,,0.9312169312169312,,0.07455088113129683,,loco,False,flat,,
logistic_l1,10,C=100.0,0.9290674603174603,,0.9645136748708585,,0.8921130952380952,,0.9270833333333334,,0.8571428571428571,,0.9319371727748691,,0.08669774109650746,,loco,False,nested,138.0,"k=10,C=100.0 x47; k=2,C=0.1 x14; k=8,C=0.1 x13; k=10,C=10.0 x11; k=8,C=100.0 x11; k=8,C=1.0 x9; k=3,C=1.0 x8; k=3,C=100.0 x5; k=8,C=10.0 x4; k=4,C=0.1 x3; k=9,C=10.0 x2; k=3,C=0.1 x2; k=10,C=0.1 x2; k=2,C=100.0 x2; k=6,C=100.0 x2; k=4,C=1.0 x1; k=7,C=10.0 x1; k=7,C=100.0 x1"
logistic_l2,10,C=100.0,0.9322916666666667,,0.9630216149328151,,0.9040178571428572,,0.9270833333333334,,0.8809523809523809,,0.9368421052631579,,0.09976027338476076,,loco,False,nested,138.0,"k=10,C=100.0 x38; k=8,C=0.01 x29; k=10,C=0.01 x23; k=9,C=0.01 x21; k=8,C=0.1 x8; k=2,C=100.0 x5; k=10,C=0.1 x4; k=6,C=0.01 x3; k=3,C=100.0 x2; k=8,C=100.0 x2; k=9,C=0.1 x1; k=8,C=1.0 x1; k=6,C=0.1 x1"
logistic_l1,0,C=0.01,0.3913690476190476,,0.6945048863425254,,0.47693452380952384,,0.23958333333333334,,0.7142857142857143,,0.3511450381679389,,0.25803518824002986,,lodo,False,flat,,
logistic_l1,0,C=0.1,0.9506448412698412,,0.9591894384935218,,0.8958333333333334,,0.9583333333333334,,0.8333333333333334,,0.9435897435897436,,0.08613499126754573,,lodo,False,flat,,
logistic_l1,0,C=1.0,0.9474206349206349,,0.9498935990461888,,0.9040178571428572,,0.9270833333333334,,0.8809523809523809,,0.9368421052631579,,0.06876175214447379,,lodo,False,flat,,
logistic_l1,0,C=10.0,0.9454365079365079,,0.9490061519795682,,0.9040178571428572,,0.9270833333333334,,0.8809523809523809,,0.9368421052631579,,0.06980336625523728,,lodo,False,flat,,
logistic_l1,0,C=100.0,0.945436507936508,,0.9490596897518386,,0.9040178571428572,,0.9270833333333334,,0.8809523809523809,,0.9368421052631579,,0.06996538314617631,,lodo,False,flat,,
logistic_l1,1,C=0.01,0.5071924603174603,,0.7373991177849029,,0.484375,,0.3020833333333333,,0.6666666666666666,,0.4172661870503597,,0.25287526072120187,,lodo,False,flat,,
logistic_l1,1,C=0.1,0.9494047619047619,,0.9508987454273525,,0.9077380952380952,,0.9583333333333334,,0.8571428571428571,,0.9484536082474226,,0.08760605318299139,,lodo,False,flat,,
logistic_l1,1,C=1.0,0.9456845238095237,,0.9491483421296771,,0.9040178571428572,,0.9270833333333334,,0.8809523809523809,,0.9368421052631579,,0.07015848486627907,,lodo,False,flat,,
logistic_l1,1,C=10.0,0.9402281746031745,,0.9400728250342881,,0.9040178571428572,,0.9270833333333334,,0.8809523809523809,,0.9368421052631579,,0.07093527163268906,,lodo,False,flat,,
logistic_l1,1,C=100.0,0.9387400793650793,,0.9389150210010222,,0.9040178571428572,,0.9270833333333334,,0.8809523809523809,,0.9368421052631579,,0.07124949631199316,,lodo,False,flat,,
logistic_l1,2,C=0.01,0.48784722222222227,,0.7169736843329468,,0.47023809523809523,,0.25,,0.6904761904761905,,0.3609022556390977,,0.25223676841048254,,lodo,False,flat,,
logistic_l1,2,C=0.1,0.957093253968254,,0.9783151132108415,,0.9077380952380952,,0.9583333333333334,,0.8571428571428571,,0.9484536082474226,,0.07874324375639716,,lodo,False,flat,,
logistic_l1,2,C=1.0,0.9484126984126985,,0.970984134097057,,0.9025297619047619,,0.9479166666666666,,0.8571428571428571,,0.9430051813471503,,0.06640932889405575,,lodo,False,flat,,
logistic_l1,2,C=10.0,0.9382440476190477,,0.9647309906174926,,0.8973214285714286,,0.9375,,0.8571428571428571,,0.9375,,0.07058518413137915,,lodo,False,flat,,
logistic_l1,2,C=100.0,0.9389880952380953,,0.9665012428524851,,0.8973214285714286,,0.9375,,0.8571428571428571,,0.9375,,0.07179803737624288,,lodo,False,flat,,
logistic_l1,3,C=0.01,0.48710317460317465,,0.7167809161337132,,0.47023809523809523,,0.25,,0.6904761904761905,,0.3609022556390977,,0.2521090123473351,,lodo,False,flat,,
logistic_l1,3,C=0.1,0.9585813492063492,,0.9785749980583403,,0.8973214285714286,,0.9375,,0.8571428571428571,,0.9375,,0.07863135416949976,,lodo,False,flat,,
logistic_l1,3,C=1.0,0.9513888888888888,,0.9732898247053914,,0.8973214285714286,,0.9375,,0.8571428571428571,,0.9375,,0.06857905271644774,,lodo,False,flat,,
logistic_l1,3,C=10.0,0.9474206349206349,,0.9702290455721663,,0.9107142857142857,,0.9166666666666666,,0.9047619047619048,,0.9361702127659575,,0.07226564976555687,,lodo,False,flat,,
logistic_l1,3,C=100.0,0.9496527777777778,,0.9721865262220285,,0.9226190476190477,,0.9166666666666666,,0.9285714285714286,,0.9411764705882353,,0.07388887125091441,,lodo,False,flat,,
logistic_l1,4,C=0.01,0.47718253968253976,,0.7107479429003121,,0.47023809523809523,,0.25,,0.6904761904761905,,0.3609022556390977,,0.2510264936929439,,lodo,False,flat,,
logistic_l1,4,C=0.1,0.9585813492063492,,0.9791655542952684,,0.8973214285714286,,0.9375,,0.8571428571428571,,0.9375,,0.07892485098841104,,lodo,False,flat,,
logistic_l1,4,C=1.0,0.9484126984126985,,0.9725737079488834,,0.9278273809523809,,0.9270833333333334,,0.9285714285714286,,0.9468085106382979,,0.07020877165777804,,lodo,False,flat,,
logistic_l1,4,C=10.0,0.9419642857142857,,0.9675069087833148,,0.9226190476190477,,0.9166666666666666,,0.9285714285714286,,0.9411764705882353,,0.07453773826542115,,lodo,False,flat,,
logistic_l1,4,C=100.0,0.9417162698412699,,0.9673017403660011,,0.9226190476190477,,0.9166666666666666,,0.9285714285714286,,0.9411764705882353,,0.0759668470948744,,lodo,False,flat,,
logistic_l1,5,C=0.01,0.49578373015873023,,0.7160670777218027,,0.47023809523809523,,0.25,,0.6904761904761905,,0.3609022556390977,,0.25098292796072363,,lodo,False,flat,,
logistic_l1,5,C=0.1,0.9585813492063492,,0.9791655542952684,,0.8973214285714286,,0.9375,,0.8571428571428571,,0.9375,,0.07892499218975219,,lodo,False,flat,,
logistic_l1,5,C=1.0,0.9461805555555555,,0.9685914687746334,,0.9159226190476191,,0.9270833333333334,,0.9047619047619048,,0.9417989417989417,,0.07160124525222845,,lodo,False,flat,,
logistic_l1,5,C=10.0,0.9382440476190477,,0.9635398889883173,,0.9107142857142857,,0.9166666666666666,,0.9047619047619048,,0.9361702127659575,,0.07876559684124512,,lodo,False,flat,,
logistic_l1,5,C=100.0,0.9392361111111112,,0.9647317092047015,,0.9107142857142857,,0.9166666666666666,,0.9047619047619048,,0.9361702127659575,,0.07989704671212712,,lodo,False,flat,,
logistic_l1,6,C=0.01,0.5076884920634921,,0.7231559376891274,,0.47023809523809523,,0.25,,0.6904761904761905,,0.3609022556390977,,0.25100512468540237,,lodo,False,flat,,
logistic_l1,6,C=0.1,0.9585813492063492,,0.9791655542952684,,0.8973214285714286,,0.9375,,0.8571428571428571,,0.9375,,0.07892543375377713,,lodo,False,flat,,
logistic_l1,6,C=1.0,0.949156746031746,,0.973134697708643,,0.9159226190476191,,0.9270833333333334,,0.9047619047619048,,0.9417989417989417,,0.0708034845579457,,lodo,False,flat,,
logistic_l1,6,C=10.0,0.9496527777777778,,0.973647516985638,,0.8869047619047619,,0.9166666666666666,,0.8571428571428571,,0.9263157894736842,,0.07994368298212277,,lodo,False,flat,,
logistic_l1,6,C=100.0,0.9489087301587302,,0.9731807436502465,,0.8869047619047619,,0.9166666666666666,,0.8571428571428571,,0.9263157894736842,,0.08428973137432563,,lodo,False,flat,,
logistic_l1,7,C=0.01,0.5270337301587302,,0.7360837951645662,,0.47767857142857145,,0.3125,,0.6428571428571429,,0.425531914893617,,0.24983062567113776,,lodo,False,flat,,
logistic_l1,7,C=0.1,0.9585813492063492,,0.9791655542952684,,0.8973214285714286,,0.9375,,0.8571428571428571,,0.9375,,0.07892596372890279,,lodo,False,flat,,
logistic_l1,7,C=1.0,0.9503968253968255,,0.973986197606735,,0.9159226190476191,,0.9270833333333334,,0.9047619047619048,,0.9417989417989417,,0.07055894641190484,,lodo,False,flat,,
logistic_l1,7,C=10.0,0.9548611111111112,,0.975791701442191,,0.9040178571428572,,0.9270833333333334,,0.8809523809523809,,0.9368421052631579,,0.07307041761030279,,lodo,False,flat,,
logistic_l1,7,C=100.0,0.9528769841269841,,0.9745358123657832,,0.8988095238095237,,0.9166666666666666,,0.8809523809523809,,0.9312169312169312,,0.0765689261437701,,lodo,False,flat,,
logistic_l1,8,C=0.01,0.5270337301587302,,0.7360837951645662,,0.5282738095238095,,0.2708333333333333,,0.7857142857142857,,0.3969465648854962,,0.24987080560973332,,lodo,False,flat,,
logistic_l1,8,C=0.1,0.9600694444444444,,0.9797765384687263,,0.8973214285714286,,0.9375,,0.8571428571428571,,0.9375,,0.07785654513124818,,lodo,False,flat,,
logistic_l1,8,C=1.0,0.9608134920634921,,0.9757792857230592,,0.9159226190476191,,0.9270833333333334,,0.9047619047619048,,0.9417989417989417,,0.06450988542263499,,lodo,False,flat,,
logistic_l1,8,C=10.0,0.9615575396825397,,0.9780455569018276,,0.9040178571428572,,0.9270833333333334,,0.8809523809523809,,0.9368421052631579,,0.06772541006328009,,lodo,False,flat,,
logistic_l1,8,C=100.0,0.9553571428571428,,0.9752414612945126,,0.8921130952380952,,0.9270833333333334,,0.8571428571428571,,0.9319371727748691,,0.07163300872068841,,lodo,False,flat,,
logistic_l1,9,C=0.01,0.5161210317460317,,0.7319550262467751,,0.5186011904761905,,0.3229166666666667,,0.7142857142857143,,0.4460431654676259,,0.24888928262561885,,lodo,False,flat,,
logistic_l1,9,C=0.1,0.9600694444444444,,0.9797765384687263,,0.8973214285714286,,0.9375,,0.8571428571428571,,0.9375,,0.07785653361254609,,lodo,False,flat,,
logistic_l1,9,C=1.0,0.9605654761904762,,0.9752529553649688,,0.9159226190476191,,0.9270833333333334,,0.9047619047619048,,0.9417989417989417,,0.06436323253725473,,lodo,False,flat,,
logistic_l1,9,C=10.0,0.9580853174603174,,0.9757821086806238,,0.9040178571428572,,0.9270833333333334,,0.8809523809523809,,0.9368421052631579,,0.07041849464289388,,lodo,False,flat,,
logistic_l1,9,C=100.0,0.9496527777777778,,0.9723163139487121,,0.8869047619047619,,0.9166666666666666,,0.8571428571428571,,0.9263157894736842,,0.08040182093543514,,lodo,False,flat,,
logistic_l1,10,C=0.01,0.5131448412698413,,0.7307917423529677,,0.5186011904761905,,0.3229166666666667,,0.7142857142857143,,0.4460431654676259,,0.24909297979273112,,lodo,False,flat,,
logistic_l1,10,C=0.1,0.9600694444444444,,0.9797765384687263,,0.8973214285714286,,0.9375,,0.8571428571428571,,0.9375,,0.07785620175131623,,lodo,False,flat,,
logistic_l1,10,C=1.0,0.9600694444444444,,0.9750453487374121,,0.9159226190476191,,0.9270833333333334,,0.9047619047619048,,0.9417989417989417,,0.06451105149384267,,lodo,False,flat,,
logistic_l1,10,C=10.0,0.9546130952380953,,0.9735402659992025,,0.8988095238095237,,0.9166666666666666,,0.8809523809523809,,0.9312169312169312,,0.0735193487013262,,lodo,False,flat,,
logistic_l1,10,C=100.0,0.955109126984127,,0.9724986505963712,,0.8802083333333334,,0.9270833333333334,,0.8333333333333334,,0.9270833333333334,,0.07649564401634715,,lodo,False,flat,,
logistic_l2,0,C=0.01,0.9417162698412698,,0.9643431251320632,,0.8705357142857142,,0.9791666666666666,,0.7619047619047619,,0.94,,0.185024036780454,,lodo,False,flat,,
logistic_l2,0,C=0.1,0.9461805555555556,,0.9491959123998852,,0.8958333333333334,,0.9583333333333334,,0.8333333333333334,,0.9435897435897436,,0.10248122448985968,,lodo,False,flat,,
logistic_l2,0,C=1.0,0.9469246031746031,,0.9495873894166597,,0.8921130952380952,,0.9270833333333334,,0.8571428571428571,,0.9319371727748691,,0.0730597495626921,,lodo,False,flat,,
logistic_l2,0,C=10.0,0.945436507936508,,0.9490596897518386,,0.9040178571428572,,0.9270833333333334,,0.8809523809523809,,0.9368421052631579,,0.07001239903750103,,lodo,False,flat,,
logistic_l2,0,C=100.0,0.945436507936508,,0.9490596897518386,,0.9040178571428572,,0.9270833333333334,,0.8809523809523809,,0.9368421052631579,,0.06998474711233804,,lodo,False,flat,,
logistic_l2,1,C=0.01,0.9412202380952381,,0.9609874503330478,,0.9196428571428572,,0.9583333333333334,,0.8809523809523809,,0.9533678756476683,,0.16484291820607233,,lodo,False,flat,,
logistic_l2,1,C=0.1,0.9429563492063493,,0.9585104043554384,,0.9144345238095237,,0.9479166666666666,,0.8809523809523809,,0.9479166666666666,,0.09049403602945665,,lodo,False,flat,,
logistic_l2,1,C=1.0,0.9417162698412699,,0.9489935911187396,,0.9144345238095237,,0.9479166666666666,,0.8809523809523809,,0.9479166666666666,,0.07198423585147447,,lodo,False,flat,,
logistic_l2,1,C=10.0,0.939236111111111,,0.938876943256229,,0.9040178571428572,,0.9270833333333334,,0.8809523809523809,,0.9368421052631579,,0.07061794740539175,,lodo,False,flat,,
logistic_l2,1,C=100.0,0.9387400793650793,,0.9387145860660402,,0.9040178571428572,,0.9270833333333334,,0.8809523809523809,,0.9368421052631579,,0.07121581731816487,,lodo,False,flat,,
logistic_l2,2,C=0.01,0.9528769841269842,,0.9661236171590096,,0.9129464285714286,,0.96875,,0.8571428571428571,,0.9538461538461539,,0.13813194988111024,,lodo,False,flat,,
logistic_l2,2,C=0.1,0.9516369047619048,,0.9656712702996243,,0.9144345238095237,,0.9479166666666666,,0.8809523809523809,,0.9479166666666666,,0.07450014437305787,,lodo,False,flat,,
logistic_l2,2,C=1.0,0.949156746031746,,0.9676898375357273,,0.9144345238095237,,0.9479166666666666,,0.8809523809523809,,0.9479166666666666,,0.06572449833836895,,lodo,False,flat,,
logistic_l2,2,C=10.0,0.9422123015873016,,0.9671444372814497,,0.9092261904761905,,0.9375,,0.8809523809523809,,0.9424083769633508,,0.06918447549010734,,lodo,False,flat,,
logistic_l2,2,C=100.0,0.9389880952380953,,0.9665012428524851,,0.8973214285714286,,0.9375,,0.8571428571428571,,0.9375,,0.07165347676861869,,lodo,False,flat,,
logistic_l2,3,C=0.01,0.9657738095238095,,0.9807882214114285,,0.8973214285714286,,0.9375,,0.8571428571428571,,0.9375,,0.13024454060468962,,lodo,False,flat,,
logistic_l2,3,C=0.1,0.9625496031746033,,0.9794043497450553,,0.8973214285714286,,0.9375,,0.8571428571428571,,0.9375,,0.07011214387094682,,lodo,False,flat,,
logistic_l2,3,C=1.0,0.9548611111111112,,0.9755134886885763,,0.9092261904761905,,0.9375,,0.8809523809523809,,0.9424083769633508,,0.06605680073884664,,lodo,False,flat,,
logistic_l2,3,C=10.0,0.9496527777777778,,0.9730796839984938,,0.9040178571428572,,0.9270833333333334,,0.8809523809523809,,0.9368421052631579,,0.07022173396106822,,lodo,False,flat,,
logistic_l2,3,C=100.0,0.9494047619047619,,0.9720935022137454,,0.9226190476190477,,0.9166666666666666,,0.9285714285714286,,0.9411764705882353,,0.07363126611755412,,lodo,False,flat,,
logistic_l2,4,C=0.01,0.96875,,0.9837305063128577,,0.9211309523809523,,0.9375,,0.9047619047619048,,0.9473684210526315,,0.12472690144408069,,lodo,False,flat,,
logistic_l2,4,C=0.1,0.9635416666666667,,0.9807747766783379,,0.9211309523809523,,0.9375,,0.9047619047619048,,0.9473684210526315,,0.06892589267078736,,lodo,False,flat,,
logistic_l2,4,C=1.0,0.9563492063492063,,0.9772536634757436,,0.9278273809523809,,0.9270833333333334,,0.9285714285714286,,0.9468085106382979,,0.06630699964577672,,lodo,False,flat,,
logistic_l2,4,C=10.0,0.9501488095238095,,0.9745106286220532,,0.9226190476190477,,0.9166666666666666,,0.9285714285714286,,0.9411764705882353,,0.07182621414910359,,lodo,False,flat,,
logistic_l2,4,C=100.0,0.9432043650793651,,0.9688618153874364,,0.9226190476190477,,0.9166666666666666,,0.9285714285714286,,0.9411764705882353,,0.07565458013845457,,lodo,False,flat,,
logistic_l2,5,C=0.01,0.9680059523809523,,0.9828473942015248,,0.9211309523809523,,0.9375,,0.9047619047619048,,0.9473684210526315,,0.12469433798709637,,lodo,False,flat,,
logistic_l2,5,C=0.1,0.9637896825396826,,0.9807634003341306,,0.9211309523809523,,0.9375,,0.9047619047619048,,0.9473684210526315,,0.06954486114493633,,lodo,False,flat,,
logistic_l2,5,C=1.0,0.953125,,0.9745404780747478,,0.9159226190476191,,0.9270833333333334,,0.9047619047619048,,0.9417989417989417,,0.06808986059159895,,lodo,False,flat,,
logistic_l2,5,C=10.0,0.9434523809523809,,0.9680087536293415,,0.9107142857142857,,0.9166666666666666,,0.9047619047619048,,0.9361702127659575,,0.07511157772252733,,lodo,False,flat,,
logistic_l2,5,C=100.0,0.9399801587301588,,0.9652942186257034,,0.9107142857142857,,0.9166666666666666,,0.9047619047619048,,0.9361702127659575,,0.07950155872217753,,lodo,False,flat,,
logistic_l2,6,C=0.01,0.9677579365079365,,0.9824813283999541,,0.9315476190476191,,0.9583333333333334,,0.9047619047619048,,0.9583333333333334,,0.12538896800478053,,lodo,False,flat,,
logistic_l2,6,C=0.1,0.9645337301587302,,0.9814646089562094,,0.9211309523809523,,0.9375,,0.9047619047619048,,0.9473684210526315,,0.06980640222673418,,lodo,False,flat,,
logistic_l2,6,C=1.0,0.9565972222222222,,0.9771998775920758,,0.9159226190476191,,0.9270833333333334,,0.9047619047619048,,0.9417989417989417,,0.06684360389106193,,lodo,False,flat,,
logistic_l2,6,C=10.0,0.9546130952380952,,0.9765651877646064,,0.9040178571428572,,0.9270833333333334,,0.8809523809523809,,0.9368421052631579,,0.07352303271497837,,lodo,False,flat,,
logistic_l2,6,C=100.0,0.9499007936507936,,0.9741048234359257,,0.8988095238095237,,0.9166666666666666,,0.8809523809523809,,0.9312169312169312,,0.08334514802933621,,lodo,False,flat,,
logistic_l2,7,C=0.01,0.966765873015873,,0.9818675939410004,,0.9263392857142857,,0.9479166666666666,,0.9047619047619048,,0.9528795811518325,,0.12552457458727798,,lodo,False,flat,,
logistic_l2,7,C=0.1,0.9618055555555556,,0.9801359456787716,,0.9211309523809523,,0.9375,,0.9047619047619048,,0.9473684210526315,,0.07058672399684203,,lodo,False,flat,,
logistic_l2,7,C=1.0,0.9563492063492063,,0.9772528038827519,,0.9107142857142857,,0.9166666666666666,,0.9047619047619048,,0.9361702127659575,,0.06741141288693012,,lodo,False,flat,,
logistic_l2,7,C=10.0,0.9608134920634921,,0.9802029650729138,,0.9159226190476191,,0.9270833333333334,,0.9047619047619048,,0.9417989417989417,,0.0706713561955854,,lodo,False,flat,,
logistic_l2,7,C=100.0,0.955109126984127,,0.9764634750653554,,0.9040178571428572,,0.9270833333333334,,0.8809523809523809,,0.9368421052631579,,0.07535312279928236,,lodo,False,flat,,
logistic_l2,8,C=0.01,0.9697420634920635,,0.9814116066150036,,0.9263392857142857,,0.9479166666666666,,0.9047619047619048,,0.9528795811518325,,0.1195694690218389,,lodo,False,flat,,
logistic_l2,8,C=0.1,0.9692460317460317,,0.9817743539654008,,0.9263392857142857,,0.9479166666666666,,0.9047619047619048,,0.9528795811518325,,0.06386129806668893,,lodo,False,flat,,
logistic_l2,8,C=1.0,0.9650297619047619,,0.9799936891435952,,0.9211309523809523,,0.9375,,0.9047619047619048,,0.9473684210526315,,0.06117682033780316,,lodo,False,flat,,
logistic_l2,8,C=10.0,0.9618055555555556,,0.9777550735512981,,0.9040178571428572,,0.9270833333333334,,0.8809523809523809,,0.9368421052631579,,0.06504247961433961,,lodo,False,flat,,
logistic_l2,8,C=100.0,0.9575892857142857,,0.9760895232886263,,0.8988095238095237,,0.9166666666666666,,0.8809523809523809,,0.9312169312169312,,0.07020838971741687,,lodo,False,flat,,
logistic_l2,9,C=0.01,0.9692460317460317,,0.9806251631202267,,0.9263392857142857,,0.9479166666666666,,0.9047619047619048,,0.9528795811518325,,0.11971800943142467,,lodo,False,flat,,
logistic_l2,9,C=0.1,0.9692460317460317,,0.9820366288549692,,0.9263392857142857,,0.9479166666666666,,0.9047619047619048,,0.9528795811518325,,0.06400702801310379,,lodo,False,flat,,
logistic_l2,9,C=1.0,0.9630456349206349,,0.9790333440540181,,0.9211309523809523,,0.9375,,0.9047619047619048,,0.9473684210526315,,0.062079728381734645,,lodo,False,flat,,
logistic_l2,9,C=10.0,0.9575892857142858,,0.9752594755192852,,0.9092261904761905,,0.9375,,0.8809523809523809,,0.9424083769633508,,0.06927047206349432,,lodo,False,flat,,
logistic_l2,9,C=100.0,0.9518849206349207,,0.9732378893541511,,0.8936011904761905,,0.90625,,0.8809523809523809,,0.925531914893617,,0.07857503834750483,,lodo,False,flat,,
logistic_l2,10,C=0.01,0.9694940476190477,,0.9813647341424623,,0.9263392857142857,,0.9479166666666666,,0.9047619047619048,,0.9528795811518325,,0.1193551200630117,,lodo,False,flat,,
logistic_l2,10,C=0.1,0.9692460317460317,,0.9819840866898916,,0.9263392857142857,,0.9479166666666666,,0.9047619047619048,,0.9528795811518325,,0.06433408714126357,,lodo,False,flat,,
logistic_l2,10,C=1.0,0.9613095238095238,,0.9781235642026315,,0.9211309523809523,,0.9375,,0.9047619047619048,,0.9473684210526315,,0.06339148026997388,,lodo,False,flat,,
logistic_l2,10,C=10.0,0.9565972222222222,,0.9746140277298461,,0.9092261904761905,,0.9375,,0.8809523809523809,,0.9424083769633508,,0.070038575481624,,lodo,False,flat,,
logistic_l2,10,C=100.0,0.9585813492063491,,0.9765310556374072,,0.8921130952380952,,0.9270833333333334,,0.8571428571428571,,0.9319371727748691,,0.0747670047985638,,lodo,False,flat,,
logistic_l1,2,C=0.1,0.9345238095238095,,0.9552406117888206,,0.8973214285714286,,0.9375,,0.8571428571428571,,0.9375,,0.08152301110909152,,lodo,False,nested,20.0,"k=2,C=0.1 x4; k=3,C=1.0 x3; k=4,C=0.1 x2; k=4,C=1.0 x2; k=7,C=100.0 x2; k=0,C=0.1 x1; k=6,C=1.0 x1; k=2,C=10.0 x1; k=5,C=100.0 x1; k=3,C=100.0 x1; k=10,C=100.0 x1; k=8,C=1.0 x1"
logistic_l2,8,C=0.01,0.939484126984127,,0.9665038878567792,,0.8973214285714286,,0.9375,,0.8571428571428571,,0.9375,,0.08767116731790923,,lodo,False,nested,20.0,"k=8,C=0.01 x3; k=9,C=0.1 x2; k=3,C=100.0 x2; k=7,C=100.0 x2; k=10,C=0.01 x2; k=8,C=0.1 x1; k=9,C=1.0 x1; k=4,C=100.0 x1; k=4,C=0.01 x1; k=6,C=0.01 x1; k=2,C=10.0 x1; k=5,C=100.0 x1; k=10,C=100.0 x1; k=8,C=1.0 x1"
