model,k,param_str,roc_auc_mean,roc_auc_std,pr_auc_mean,pr_auc_std,balanced_accuracy_mean,balanced_accuracy_std,sensitivity_mean,sensitivity_std,specificity_mean,specificity_std,f1_mean,f1_std,brier_mean,brier_std,scheme,pool_correction,tuning,n_outer_folds,selection_distribution
logistic_l1,0,C=0.01,0.4973214285714286,0.007960412358037551,0.6949227162350307,0.0046820897247119965,0.5006696428571429,0.009135943346864251,0.5822916666666667,0.17308601145416436,0.41904761904761906,0.1800030793947281,0.6229104837447631,0.09217342351296166,0.24926526750561157,0.0022576839506149417,plain,False,flat,,
logistic_l1,0,C=0.1,0.9513144841269842,0.0057610551481081015,0.9667565196340657,0.008301890101691196,0.893452380952381,0.005019488349473653,0.9583333333333334,0.0,0.8285714285714286,0.010038976698947249,0.9426268969126111,0.0020298590248420583,0.0903317480000902,0.0007033036985473123,plain,False,flat,,
logistic_l1,0,C=1.0,0.9472966269841269,0.004984028974767644,0.9617953009174325,0.005874573730864054,0.8919642857142858,0.00729689505890212,0.9291666666666668,0.004392052305789391,0.8547619047619047,0.013515386004703497,0.932569463580417,0.0037869667458651714,0.06869191446892335,0.0016902923936404524,plain,False,flat,,
logistic_l1,0,C=10.0,0.9457093253968253,0.0062650400104228635,0.9607940083091421,0.007718799133156021,0.9017857142857142,0.0069089227565397714,0.925,0.004392052305789436,0.8785714285714284,0.013515386004703506,0.9352317676098332,0.003496668992616886,0.06947060038290592,0.002204426276534789,plain,False,flat,,
logistic_l1,0,C=100.0,0.9455357142857143,0.006552710996372142,0.9607762305270742,0.00799006492093795,0.9024553571428571,0.007452453983321197,0.9239583333333334,0.005031728036871362,0.880952380952381,0.01587301587301589,0.9351645783601132,0.0034686307640513976,0.06964168461239681,0.0022743758683094165,plain,False,flat,,
logistic_l1,1,C=0.01,0.4973214285714286,0.008770867439384766,0.6948068610834075,0.005190758393679993,0.5014880952380952,0.008120389654635386,0.5625,0.18267981163841535,0.4404761904761905,0.18756035393803927,0.6095544587345889,0.09932477060494603,0.250245355428675,0.0025492211804266493,plain,False,flat,,
logistic_l1,1,C=0.1,0.9502480158730158,0.0028595416333862807,0.9626153393001993,0.003695235265113579,0.9033482142857142,0.006229593955040004,0.9614583333333334,0.0050317280368713255,0.8452380952380952,0.012548720873684001,0.9476389001278545,0.003231217701847642,0.09033249420666013,0.0010323662734311068,plain,False,flat,,
logistic_l1,1,C=1.0,0.9447420634920635,0.005753635656020207,0.9590966651963452,0.007283097652352752,0.9087053571428572,0.004560390811306767,0.9364583333333334,0.009120781622613634,0.880952380952381,0.0,0.9418343551942684,0.004849539256633123,0.06948494542274723,0.0022628400443901035,plain,False,flat,,
logistic_l1,1,C=10.0,0.9401041666666666,0.006555891455991876,0.9533042616094398,0.008212989841873712,0.90625,0.005154913117764518,0.9291666666666666,0.01075828707279838,0.8833333333333334,0.0075292325242104375,0.9384272188546012,0.005314621412793234,0.06927864977147358,0.002966182881631176,plain,False,flat,,
logistic_l1,1,C=100.0,0.9392609126984126,0.007320507322323253,0.9524711598787834,0.007994370886559209,0.9057291666666666,0.005083417940698292,0.928125,0.010358634645955773,0.8833333333333334,0.0075292325242104375,0.9378705916845819,0.005139946324825254,0.06946158899087147,0.0031770325313798834,plain,False,flat,,
logistic_l1,2,C=0.01,0.4984623015873016,0.009405583937388998,0.6946632091770197,0.005353604296555751,0.5019345238095239,0.007548814436407493,0.6229166666666667,0.19695796067081153,0.38095238095238093,0.19729845864533418,0.6435935870744387,0.10706940854303633,0.2503538538656604,0.00254483200391812,plain,False,flat,,
logistic_l1,2,C=0.1,0.9607886904761905,0.004365909137302607,0.9783344472237785,0.004681437622414519,0.9078125,0.01013198723334538,0.9489583333333333,0.012471031247269407,0.8666666666666666,0.016647759494764314,0.9454855838298457,0.007232664256945735,0.0833605532985074,0.0032625851624107183,plain,False,flat,,
logistic_l1,2,C=1.0,0.9572172619047619,0.005578060226874734,0.9754398533871711,0.00484657966525789,0.911235119047619,0.009153432284018121,0.934375,0.01103489484866022,0.8880952380952382,0.0196017286273468,0.9422122394030004,0.005718387045608401,0.06483208812868427,0.005052724465918863,plain,False,flat,,
logistic_l1,2,C=10.0,0.9555555555555555,0.006948183359816004,0.9741924167907644,0.005370358606160699,0.9165922619047618,0.016579819373159208,0.9260416666666667,0.012471031247269424,0.9071428571428571,0.030635331850188557,0.9417385168554446,0.009347514120551629,0.06728177554024248,0.005917077523300864,plain,False,flat,,
logistic_l1,2,C=100.0,0.9559771825396826,0.007214046167780806,0.9746897909077562,0.00553053848283692,0.9186011904761905,0.015212898211151845,0.9229166666666666,0.014894174020505002,0.9142857142857143,0.027947328351839697,0.9415289781116762,0.009523995690681264,0.06861273625804011,0.0063521983273881226,plain,False,flat,,
logistic_l1,3,C=0.01,0.5000992063492063,0.010448244108637025,0.6954556715451751,0.005778034769655174,0.5035714285714286,0.009950352315968128,0.4833333333333333,0.2157923956600217,0.5238095238095238,0.21236647873428016,0.5386062516230011,0.20677855634175976,0.2509788211312062,0.002539348171874517,plain,False,flat,,
logistic_l1,3,C=0.1,0.9640128968253968,0.003765796150785102,0.9805296641392566,0.004040336271324297,0.9101934523809524,0.008248532173759244,0.9489583333333333,0.009120781622613693,0.8714285714285713,0.016647759494764332,0.946484808290306,0.005018510586354018,0.08102829791590357,0.0018468715922222054,plain,False,flat,,
logistic_l1,3,C=1.0,0.9623015873015873,0.002904128318493768,0.9794373859616003,0.0018124020307800793,0.912797619047619,0.012611308398468787,0.9375,0.0,0.8880952380952382,0.025222616796937648,0.943917139051818,0.0052427015171069785,0.06260954512381203,0.0028614856915853285,plain,False,flat,,
logistic_l1,3,C=10.0,0.9545882936507937,0.007496710261426539,0.9745877010618139,0.005665957513243893,0.9188244047619047,0.014645332051462033,0.928125,0.00912078162261367,0.9095238095238095,0.02703077200940701,0.9433667152465588,0.007856012148191906,0.06684918207168772,0.003832995263848716,plain,False,flat,,
logistic_l1,3,C=100.0,0.9543154761904763,0.007812215673278597,0.9746033546101849,0.006254740307032009,0.9174107142857142,0.014988040604898969,0.9229166666666666,0.011197580205970224,0.9119047619047619,0.02760718592210489,0.9410527194498141,0.008453746313406667,0.06874509853400042,0.004174502762735901,plain,False,flat,,
logistic_l1,4,C=0.01,0.5000992063492063,0.010448244108637025,0.6954556715451751,0.005778034769655174,0.5026785714285714,0.009432432003178347,0.4625,0.2333994615288889,0.5428571428571429,0.22969301541472675,0.5178449314270177,0.2192829185788362,0.2511175339411391,0.0027200136550609407,plain,False,flat,,
logistic_l1,4,C=0.1,0.9633680555555555,0.0031741079653993184,0.9802033767682599,0.0035778319468377905,0.9091517857142858,0.007140531615482162,0.946875,0.007686091535131472,0.8714285714285713,0.016647759494764332,0.9453944377205128,0.0037171430665556456,0.08119963968946571,0.002163120685915762,plain,False,flat,,
logistic_l1,4,C=1.0,0.9600942460317461,0.0037127901636532117,0.9785627661492841,0.002458723559703453,0.9212797619047619,0.014983114919076626,0.9354166666666666,0.004392052305789383,0.9071428571428571,0.028505214279473,0.9467874756094871,0.006935813357290588,0.06496216486482653,0.0038880104839550105,plain,False,flat,,
logistic_l1,4,C=10.0,0.9511904761904763,0.01058640161872504,0.9717883316396044,0.010564902329782895,0.9221726190476189,0.013978065468723575,0.9229166666666666,0.010063456073742679,0.9214285714285714,0.02522261679693762,0.9430568815593816,0.00790740175700844,0.07026673092530049,0.00483620750174064,plain,False,flat,,
logistic_l1,4,C=100.0,0.9498263888888889,0.01162124857969499,0.9713312324968694,0.011230383008031834,0.9195684523809524,0.014808230043204704,0.9177083333333333,0.007686091535131506,0.9214285714285714,0.02522261679693762,0.940248110919111,0.008139243845249416,0.07309316113153666,0.0048933550675449525,plain,False,flat,,
logistic_l1,5,C=0.01,0.49915674603174603,0.01041089115104671,0.6950377981516491,0.005733297975677515,0.5026785714285714,0.009432432003178347,0.4625,0.2333994615288889,0.5428571428571429,0.22969301541472675,0.5178449314270177,0.2192829185788362,0.25132123173615567,0.002624308456871252,plain,False,flat,,
logistic_l1,5,C=0.1,0.9633680555555555,0.0031741079653993184,0.9802033767682599,0.0035778319468377905,0.9091517857142858,0.007140531615482162,0.946875,0.007686091535131472,0.8714285714285713,0.016647759494764332,0.9453944377205128,0.0037171430665556456,0.08119999394483042,0.0021632808623599626,plain,False,flat,,
logistic_l1,5,C=1.0,0.9582341269841269,0.0033299459987233718,0.9771744521232483,0.0021590705223565715,0.9200892857142857,0.01487764513513293,0.9354166666666666,0.004392052305789389,0.9047619047619048,0.027492869961410777,0.9462865187255515,0.007112782011245107,0.0658390066596616,0.003918286533125553,plain,False,flat,,
logistic_l1,5,C=10.0,0.9480902777777779,0.009891691962278905,0.9700645806764718,0.00954169351853081,0.9104166666666667,0.013096553264886346,0.9208333333333334,0.007283394778959425,0.9,0.021879442463635292,0.937441535280281,0.0073354831281645045,0.07435430059966303,0.006187098815311708,plain,False,flat,,
logistic_l1,5,C=100.0,0.9458085317460319,0.011318059731254604,0.9686209953968996,0.012607182691312278,0.9055803571428571,0.01622732813103358,0.9135416666666666,0.0070307141428182654,0.8976190476190476,0.029801560881775532,0.9330045142597972,0.00815067378540335,0.07820954193408494,0.006266740924800265,plain,False,flat,,
logistic_l1,6,C=0.01,0.49985119047619053,0.00917710864146616,0.6953437185134723,0.00524409991670285,0.5018601190476191,0.009959312006578007,0.4822916666666666,0.23647082484544774,0.5214285714285715,0.23421440391069917,0.530973586397778,0.2228718710116182,0.25162393899899455,0.0025271105975305406,plain,False,flat,,
logistic_l1,6,C=0.1,0.9633928571428572,0.003198026599117628,0.9802138750885284,0.0035836912498209755,0.9091517857142858,0.007140531615482162,0.946875,0.007686091535131472,0.8714285714285713,0.016647759494764332,0.9453944377205128,0.0037171430665556456,0.08120145336096399,0.0021633422787162306,plain,False,flat,,
logistic_l1,6,C=1.0,0.9591517857142857,0.004830547318008602,0.97684622852816,0.0036627159256254625,0.9207589285714286,0.015079079532070836,0.934375,0.005031728036871309,0.9071428571428571,0.028505214279472998,0.9462305276841182,0.007105519172523177,0.06307713723937641,0.004192037692260533,plain,False,flat,,
logistic_l1,6,C=10.0,0.9568948412698413,0.0083107319272221,0.974696949696934,0.005274859983329314,0.9123511904761905,0.01374106423036139,0.9270833333333334,0.006944444444444478,0.8976190476190476,0.027607185922104947,0.9403259796515346,0.006387934094871257,0.06778822711559052,0.005287303954972124,plain,False,flat,,
logistic_l1,6,C=100.0,0.952579365079365,0.00907570928892995,0.9703879159054951,0.006715068974864063,0.9101190476190476,0.011493602526187453,0.925,0.006588078458684148,0.8952380952380953,0.023002185311411842,0.9387002598102822,0.005529936661297283,0.07040073641714135,0.005429050160444992,plain,False,flat,,
logistic_l1,7,C=0.01,0.5000496031746031,0.009586240389281783,0.6955585653949858,0.005632054955185323,0.5018601190476191,0.009959312006578007,0.4822916666666666,0.23647082484544774,0.5214285714285715,0.23421440391069917,0.530973586397778,0.2228718710116182,0.25190280744570287,0.0023016905761560477,plain,False,flat,,
logistic_l1,7,C=0.1,0.9631696428571429,0.0035331986849137134,0.9799859009962397,0.0036842043082629477,0.9086309523809524,0.007438822567566417,0.9458333333333334,0.006588078458684106,0.8714285714285713,0.016647759494764332,0.9448495950304856,0.0036168718733083634,0.08122472043436668,0.0021700745310135813,plain,False,flat,,
logistic_l1,7,C=1.0,0.9580109126984127,0.005201176635909538,0.9756906463925871,0.004083717996041099,0.9207589285714286,0.015079079532070836,0.934375,0.005031728036871309,0.9071428571428571,0.028505214279472998,0.9462305276841182,0.007105519172523177,0.06337971334370193,0.0038823485877542085,plain,False,flat,,
logistic_l1,7,C=10.0,0.9531001984126984,0.00975140184559196,0.9723852616386208,0.007091439376507081,0.9082589285714286,0.009669756902550451,0.9260416666666667,0.007686091535131517,0.8904761904761905,0.020077953397894498,0.9382603056925667,0.004983412264262756,0.06999331669343102,0.005275781904619023,plain,False,flat,,
logistic_l1,7,C=100.0,0.9476686507936508,0.012234332495824023,0.9682221171842924,0.008905614925405042,0.8995535714285714,0.01648139655340888,0.9229166666666666,0.008784104611578863,0.8761904761904761,0.033295518989528636,0.9336402160786367,0.007637336964211583,0.07518005608483568,0.007555933863407994,plain,False,flat,,
logistic_l1,8,C=0.01,0.49955357142857143,0.009540501520893826,0.694903574533858,0.005601944825319164,0.5005952380952381,0.010024260380213595,0.4416666666666666,0.22859777873908674,0.5595238095238095,0.22678146130523097,0.5030115631517906,0.2141908302687786,0.25208321129069555,0.002220766959792941,plain,False,flat,,
logistic_l1,8,C=0.1,0.9631696428571429,0.0035331986849137134,0.9799859009962397,0.0036842043082629477,0.9086309523809524,0.007438822567566417,0.9458333333333334,0.006588078458684106,0.8714285714285713,0.016647759494764332,0.9448495950304856,0.0036168718733083634,0.08122625378567144,0.0021702530763072028,plain,False,flat,,
logistic_l1,8,C=1.0,0.9575892857142858,0.004669319195252257,0.9753617356634308,0.0037116799690980213,0.9207589285714286,0.015079079532070836,0.934375,0.005031728036871309,0.9071428571428571,0.028505214279472998,0.9462305276841182,0.007105519172523177,0.06346420833907547,0.0038565255545642443,plain,False,flat,,
logistic_l1,8,C=10.0,0.9506944444444445,0.009458481298851596,0.9708799851439519,0.007004709270739409,0.9094494047619047,0.012069228106450612,0.9260416666666667,0.007686091535131517,0.8928571428571429,0.025717224993682,0.9387658869610608,0.005501978554675203,0.0697457697891474,0.006079233435686359,plain,False,flat,,
logistic_l1,8,C=100.0,0.9467261904761906,0.004835850213345144,0.9685174876844677,0.0036170829498773974,0.9007440476190476,0.012166436283139596,0.9229166666666666,0.00878410461157886,0.8785714285714284,0.02850521427947298,0.9341191868099112,0.004916238357908786,0.07561167706700485,0.005605695513574545,plain,False,flat,,
logistic_l1,9,C=0.01,0.498859126984127,0.010031076174669707,0.6944005489503121,0.005618358282179422,0.4993303571428571,0.009754625403263797,0.40104166666666663,0.19032402621241412,0.5976190476190476,0.19161366712759076,0.47858540742620725,0.19639046105941818,0.252190798016573,0.0021464423243642366,plain,False,flat,,
logistic_l1,9,C=0.1,0.9631696428571429,0.0035331986849137134,0.9799859009962397,0.0036842043082629477,0.9086309523809524,0.007438822567566417,0.9458333333333334,0.006588078458684106,0.8714285714285713,0.016647759494764332,0.9448495950304856,0.0036168718733083634,0.0812268567484474,0.0021706027371437707,plain,False,flat,,
logistic_l1,9,C=1.0,0.9570436507936508,0.003816902599078891,0.9750653773309892,0.0031465401265335946,0.9212797619047619,0.015436074380821388,0.9354166666666666,0.004392052305789389,0.9071428571428571,0.028505214279472998,0.9467877718583836,0.0073694871927611014,0.06381905175065153,0.003625086369087404,plain,False,flat,,
logistic_l1,9,C=10.0,0.9525545634920635,0.0041154528999451075,0.9724889134634779,0.004612478468815549,0.9041666666666666,0.011326480604644022,0.925,0.008216777476527265,0.8833333333333334,0.020847500851688433,0.9362165683120331,0.006275197566697501,0.07136084159228741,0.003932883491381939,plain,False,flat,,
logistic_l1,9,C=100.0,0.9478918650793652,0.004531826072744862,0.9693792381788345,0.005295989294452592,0.8969494047619048,0.012907552391755226,0.9177083333333333,0.005912981377057766,0.8761904761904761,0.027030772009406984,0.9308185267699216,0.005530243693954205,0.07782198073152116,0.005105515265471119,plain,False,flat,,
logistic_l1,10,C=0.01,0.498859126984127,0.010031076174669707,0.6944005489503121,0.005618358282179422,0.5010416666666667,0.008375448661094428,0.4020833333333333,0.21303717507271577,0.6,0.21642087343193608,0.4735930349859266,0.21136894144555732,0.2522675922040366,0.0020694525072211846,plain,False,flat,,
logistic_l1,10,C=0.1,0.9631696428571429,0.0035331986849137134,0.9799859009962397,0.0036842043082629477,0.9086309523809524,0.007438822567566417,0.9458333333333334,0.006588078458684106,0.8714285714285713,0.016647759494764332,0.9448495950304856,0.0036168718733083634,0.08122886744401417,0.002171096242363286,plain,False,flat,,
logistic_l1,10,C=1.0,0.9572420634920634,0.003921823833115215,0.9753326097992389,0.0032820638537007,0.9214285714285714,0.013016462796355216,0.9333333333333333,0.00537914353639916,0.9095238095238095,0.02459037045211061,0.9461641212061878,0.006282644427572272,0.06446117988640285,0.003909218830650491,plain,False,flat,,
logistic_l1,10,C=10.0,0.9520337301587303,0.0038568041027095953,0.9720781578780742,0.0046190918679035065,0.9008928571428572,0.016640368045882994,0.9208333333333334,0.005379143536399228,0.880952380952381,0.03367175148507368,0.9335135047328995,0.007126597738722259,0.07312427098410097,0.003134112028561224,plain,False,flat,,
logistic_l1,10,C=100.0,0.9459821428571429,0.0062205360763372495,0.9673487712151714,0.005642600744217304,0.8901041666666666,0.016176453878049307,0.9135416666666666,0.00857575627446421,0.8666666666666666,0.030116930096841726,0.9265908922480101,0.008219855435402592,0.0812756544715505,0.006689950663161342,plain,False,flat,,
logistic_l2,0,C=0.01,0.9478670634920634,0.0061051995331248615,0.9666419514540092,0.010963516991685223,0.8800595238095237,0.007529232524210485,0.9791666666666666,0.0,0.780952380952381,0.015058465048420882,0.9437836658037663,0.0029975583388340945,0.18842680666254516,0.0006740958770819163,plain,False,flat,,
logistic_l2,0,C=0.1,0.9512152777777777,0.0038494428519227405,0.9675554419065728,0.0052354523042132655,0.8914434523809524,0.007251655015006187,0.9614583333333334,0.005031728036871313,0.8214285714285715,0.012548720873684076,0.942799289180725,0.00401231570867883,0.10243401010436785,0.0012026446072788935,plain,False,flat,,
logistic_l2,0,C=1.0,0.949875992063492,0.004381535763506695,0.9655510738331292,0.0056074363107193196,0.8936011904761905,0.008570016142445895,0.9395833333333334,0.006588078458684094,0.8476190476190476,0.012295185226055246,0.936652633851468,0.00540610777854404,0.07220973190025423,0.0013263202229647543,plain,False,flat,,
logistic_l2,0,C=10.0,0.9465029761904761,0.005850523362273712,0.961599841058994,0.007282358473645232,0.8975446428571429,0.0076768825559535665,0.9260416666666667,0.005912981377057785,0.869047619047619,0.01683587574253687,0.9338260773370308,0.003615027110540704,0.06947278127942999,0.002017060213214086,plain,False,flat,,
logistic_l2,0,C=100.0,0.9455605158730158,0.006580864389032939,0.9608597051542989,0.0079519227856234,0.9029761904761905,0.007350648235255058,0.925,0.004392052305789436,0.880952380952381,0.01587301587301589,0.9357270957647359,0.003203271151568616,0.06963024296723194,0.002252938747539648,plain,False,flat,,
logistic_l2,1,C=0.01,0.9468253968253968,0.0037380160172765507,0.9646113847292778,0.002513445229035241,0.9137648809523811,0.010138056472678052,0.965625,0.005031728036871325,0.8619047619047618,0.018781205660633703,0.9532217940653845,0.005020073114870858,0.16986107756164806,0.0004649573595866234,plain,False,flat,,
logistic_l2,1,C=0.1,0.9470982142857143,0.003590381350380591,0.9637841362683354,0.003276893674606965,0.9149553571428571,0.0016470196146710855,0.9489583333333332,0.0032940392293420774,0.880952380952381,0.0,0.9484617875647668,0.0017238236381530861,0.08975437266083963,0.0007996807869194494,plain,False,flat,,
logistic_l2,1,C=1.0,0.9435019841269842,0.004890659483910577,0.9567661888248173,0.005641919996245261,0.9087053571428572,0.0016470196146710122,0.9364583333333334,0.003294039229342046,0.880952380952381,0.0,0.9418517497933315,0.0017602096647947305,0.07069749978345427,0.001512893436819831,plain,False,flat,,
logistic_l2,1,C=10.0,0.940203373015873,0.0064594791251371885,0.9532024760724017,0.007672625991138796,0.9057291666666666,0.004451176740994103,0.928125,0.009120781622613691,0.8833333333333334,0.0075292325242104375,0.9378763898842697,0.004434369320248744,0.06921512876850214,0.0026092891654218063,plain,False,flat,,
logistic_l2,1,C=100.0,0.9391369047619047,0.007142589219451009,0.9523479701780913,0.007892321072412542,0.9052083333333334,0.004950386884870882,0.9270833333333334,0.00982092751647982,0.8833333333333334,0.0075292325242104375,0.9373139645145627,0.004889210172723549,0.06944582212163823,0.0031369702227107546,plain,False,flat,,
logistic_l2,2,C=0.01,0.9534722222222223,0.008134013209165111,0.9717290095947572,0.006119578757945273,0.9059523809523811,0.00860725857423659,0.95,0.009572256077840438,0.8619047619047618,0.015058465048420885,0.945065255530962,0.005682059281950152,0.15679977684427088,0.0026751774458093226,plain,False,flat,,
logistic_l2,2,C=0.1,0.9540178571428571,0.005604890466649358,0.9722471532233821,0.005161333536729724,0.9050595238095237,0.0072240344185519586,0.9458333333333334,0.006588078458684117,0.8642857142857142,0.011501092655705944,0.9433718826013437,0.004608369703462142,0.08150968482192186,0.0028761257649519687,plain,False,flat,,
logistic_l2,2,C=1.0,0.9532242063492063,0.005763605245474378,0.971855782072871,0.00479825170206601,0.9051339285714286,0.005996139585186759,0.9364583333333334,0.009120781622613625,0.8738095238095237,0.011501092655705921,0.9403615648815362,0.0046158599595556285,0.06620991979941632,0.003982094189629727,plain,False,flat,,
logistic_l2,2,C=10.0,0.9558531746031745,0.00654206347334199,0.9741609270000804,0.0057226792902309274,0.9145833333333332,0.016080152687976298,0.9291666666666666,0.011825962754115545,0.9,0.031346694695446826,0.9419282693920721,0.008592510822170699,0.0662139037242645,0.0054583760359211714,plain,False,flat,,
logistic_l2,2,C=100.0,0.9560019841269842,0.007129180211316685,0.9747032046676809,0.005482605382036965,0.9186011904761905,0.015212898211151845,0.9229166666666666,0.014894174020505002,0.9142857142857143,0.027947328351839697,0.9415289781116762,0.009523995690681264,0.06836113593267815,0.006303075091717538,plain,False,flat,,
logistic_l2,3,C=0.01,0.9605406746031747,0.0038713963442580782,0.9752678876510448,0.003946446568619896,0.9094494047619047,0.006882608052442943,0.959375,0.009120781622613677,0.8595238095238095,0.0075292325242104375,0.9494676843774782,0.005519041239600726,0.14600418684711247,0.0022379265657935465,plain,False,flat,,
logistic_l2,3,C=0.1,0.9594246031746032,0.004094056912186749,0.9756163765170214,0.003299662232597121,0.8991815476190477,0.005537478561945977,0.9364583333333334,0.0032940392293420617,0.8619047619047618,0.010038976698947244,0.9379253926701571,0.0029310556749541287,0.0743666394965294,0.0015723352278128096,plain,False,flat,,
logistic_l2,3,C=1.0,0.956795634920635,0.004764659696912117,0.9754386761467015,0.0032296183431984224,0.912797619047619,0.005750546327852925,0.9375,0.0,0.8880952380952382,0.011501092655705933,0.9438963901901349,0.002395928919182564,0.06413975834511856,0.002733478728748172,plain,False,flat,,
logistic_l2,3,C=10.0,0.9555555555555555,0.006255596441785026,0.9756071854807129,0.004504861258742007,0.9197172619047619,0.014952909688124842,0.9322916666666666,0.007365695637359868,0.9071428571428571,0.028505214279472998,0.9451107437969839,0.007395329086806293,0.06547481361284375,0.003691524807479269,plain,False,flat,,
logistic_l2,3,C=100.0,0.9544146825396826,0.007472374305465482,0.9748132990846001,0.005783026380473328,0.9174107142857142,0.014988040604898969,0.9229166666666666,0.011197580205970224,0.9119047619047619,0.02760718592210489,0.9410527194498141,0.008453746313406667,0.06841315327644207,0.004118835461648309,plain,False,flat,,
logistic_l2,4,C=0.01,0.963640873015873,0.004453863004585494,0.9782540777961211,0.003851649994000232,0.9229910714285714,0.008175123870957136,0.9364583333333334,0.012471031247269417,0.9095238095238095,0.010038976698947242,0.9477789521487304,0.007051175789043736,0.1384030929109449,0.0022855595460337624,plain,False,flat,,
logistic_l2,4,C=0.1,0.9621775793650794,0.0033464276865094083,0.9778235581435066,0.002588749522317624,0.9198660714285714,0.003937911026269987,0.9302083333333334,0.007030714142818264,0.9095238095238095,0.010038976698947242,0.9444654432632825,0.002952538388125809,0.07288209285031455,0.0019410509638362213,plain,False,flat,,
logistic_l2,4,C=1.0,0.9568700396825397,0.005140906348315509,0.9754640595098275,0.00368237363810263,0.923139880952381,0.00912651234546707,0.934375,0.005031728036871309,0.9119047619047619,0.016070203755013193,0.947206609905378,0.004913140039249813,0.06513449484384912,0.003371424475658946,plain,False,flat,,
logistic_l2,4,C=10.0,0.9539682539682539,0.008875750084323192,0.9747530351002819,0.007345187712733387,0.9235863095238095,0.011446678175252195,0.928125,0.009120781622613693,0.919047619047619,0.023002185311411835,0.9453593499676358,0.0061000410296878586,0.06821633902210471,0.004789901534536519,plain,False,flat,,
logistic_l2,4,C=100.0,0.950297619047619,0.011755824477087184,0.9715544397597252,0.011613131409581076,0.9200892857142857,0.014551579726516387,0.91875,0.008216777476527236,0.9214285714285714,0.02522261679693762,0.9408109838224095,0.008019650708447656,0.07259065645403662,0.004874247601492006,plain,False,flat,,
logistic_l2,5,C=0.01,0.9629960317460317,0.004497536858269802,0.9778372927201783,0.003605012604253809,0.920610119047619,0.01000737132654459,0.9364583333333334,0.014274169993815597,0.9047619047619048,0.0158730158730159,0.9467746209478358,0.007927073978619395,0.13862943003365213,0.0023399856607650344,plain,False,flat,,
logistic_l2,5,C=0.1,0.9606894841269842,0.0034271490291292958,0.9770426958401908,0.002585400219326766,0.9191964285714285,0.00688394851560734,0.93125,0.005379143536399168,0.9071428571428571,0.01351538600470352,0.9445329636147106,0.0037131812071337926,0.0734941345585278,0.0020510754909957886,plain,False,flat,,
logistic_l2,5,C=1.0,0.9534226190476189,0.004293851279928416,0.9730672437689905,0.0029982745812665076,0.9224702380952381,0.012552641736418015,0.9354166666666666,0.004392052305789389,0.9095238095238095,0.021879442463635292,0.9472733608308147,0.006407929457399722,0.0670181299055537,0.0032068513707946156,plain,False,flat,,
logistic_l2,5,C=10.0,0.9497767857142858,0.007397408054468538,0.9715636743090437,0.0062913346971607,0.9154017857142858,0.014208733907436285,0.9260416666666667,0.009120781622613674,0.9047619047619048,0.02244783432338248,0.9412405483030414,0.008429372495813898,0.0709077493049361,0.005256522523548636,plain,False,flat,,
logistic_l2,5,C=100.0,0.9468998015873016,0.010210873700311157,0.9696474848921456,0.010439466980560681,0.9113839285714287,0.014936445800627321,0.915625,0.005912981377057787,0.9071428571428571,0.026202498443205047,0.9361236128707565,0.007728993914158113,0.07733727472874576,0.005971484059129221,plain,False,flat,,
logistic_l2,6,C=0.01,0.9645337301587302,0.004710125507025204,0.9792903516601854,0.0034632276396847636,0.9223214285714285,0.008007495032429408,0.9375,0.012028130608117193,0.9071428571428571,0.0075292325242104375,0.9478349431901638,0.007044833797901168,0.1385978046102737,0.002344216384916569,plain,False,flat,,
logistic_l2,6,C=0.1,0.9628968253968253,0.003558161104986051,0.978654126917544,0.0023851064945505343,0.9197172619047619,0.0038494428519227335,0.9322916666666666,0.005490065382236742,0.9071428571428571,0.0075292325242104375,0.9450846383097222,0.002833005081634481,0.07256371217468893,0.0022716132773665508,plain,False,flat,,
logistic_l2,6,C=1.0,0.9604166666666666,0.003959978142836705,0.9777489497468332,0.002683162670794524,0.923139880952381,0.00912651234546704,0.934375,0.005031728036871316,0.9119047619047619,0.01607020375501325,0.947206609905378,0.004913140039249802,0.06327620747558618,0.003269993725243857,plain,False,flat,,
logistic_l2,6,C=10.0,0.9608382936507937,0.005781660862547358,0.9781131714107772,0.0034555016500822057,0.9188244047619047,0.01253621493960468,0.928125,0.0059129813770578046,0.9095238095238095,0.02459037045211063,0.943373090776286,0.0059619831090061545,0.06402755472076,0.005164326713351065,plain,False,flat,,
logistic_l2,6,C=100.0,0.9558779761904763,0.008324413438629793,0.973846913033426,0.005539015161639184,0.9131696428571429,0.010991609085358548,0.9239583333333334,0.0070307141428182915,0.9023809523809524,0.023676879190756075,0.9396290837474719,0.004965340412743791,0.06885175956355098,0.005369563327839987,plain,False,flat,,
logistic_l2,7,C=0.01,0.9601934523809523,0.004561589612842053,0.9761596627475766,0.00405910338830907,0.9195684523809524,0.004287878137232099,0.934375,0.00857575627446421,0.9047619047619048,0.0,0.9456858203831462,0.0045886272778565065,0.13371019895130484,0.002073812981769655,plain,False,flat,,
logistic_l2,7,C=0.1,0.95828373015873,0.004218376639315569,0.9751734107057086,0.0036165295961152148,0.9212797619047619,0.004663753679977473,0.9354166666666666,0.004392052305789399,0.9071428571428571,0.007529232524210435,0.9467557783347257,0.003044309037348365,0.07098337685098408,0.0018206136203707279,plain,False,flat,,
logistic_l2,7,C=1.0,0.9559275793650794,0.005100330499581697,0.9736814707915142,0.004840539839188258,0.9265625,0.00699782839947625,0.9364583333333334,0.0032940392293420422,0.9166666666666666,0.012548720873684065,0.949317738791423,0.0036308562546380654,0.06315284162864761,0.003203623012074116,plain,False,flat,,
logistic_l2,7,C=10.0,0.9577628968253968,0.005963909415746704,0.9761919655713228,0.004245184917008739,0.9171130952380953,0.009445465631066293,0.9270833333333334,0.006944444444444479,0.9071428571428571,0.01756820922315774,0.9422986299310591,0.005247671509413571,0.06539944059425304,0.004956988708628869,plain,False,flat,,
logistic_l2,7,C=100.0,0.9517609126984127,0.011487684250689315,0.9717092166837198,0.008540557281803739,0.9024553571428571,0.014799919915979294,0.9239583333333334,0.0070307141428182915,0.880952380952381,0.029695693545824946,0.9351847228585368,0.00678192771935819,0.07273652348843314,0.006523009429411229,plain,False,flat,,
logistic_l2,8,C=0.01,0.9605158730158729,0.004428624962538292,0.9763791595312628,0.0039054868947971627,0.919047619047619,0.0036416973894796657,0.9333333333333333,0.007283394778959373,0.9047619047619048,0.0,0.9451347043732262,0.003909293273836365,0.13375402059727107,0.002122306846822728,plain,False,flat,,
logistic_l2,8,C=0.1,0.9579365079365079,0.0038885711231439048,0.9748996225032039,0.0033561899002621876,0.9212797619047619,0.004663753679977473,0.9354166666666666,0.004392052305789399,0.9071428571428571,0.007529232524210435,0.9467557783347257,0.003044309037348365,0.07106878817770249,0.0017961120123669845,plain,False,flat,,
logistic_l2,8,C=1.0,0.9546875,0.004669392381499993,0.9727424321019326,0.004444001269545694,0.9241815476190476,0.009229723359267666,0.9364583333333334,0.0032940392293420422,0.9119047619047619,0.01607020375501325,0.9483208020050125,0.004740310709281099,0.06358664749397862,0.003074977183416457,plain,False,flat,,
logistic_l2,8,C=10.0,0.9546378968253968,0.0045633872246603705,0.9744518075094213,0.0039234112559181685,0.9188244047619047,0.011302831927881937,0.928125,0.007686091535131509,0.9095238095238095,0.01878120566063376,0.9433571517446098,0.00661022835981674,0.06593956190519143,0.004151898834901232,plain,False,flat,,
logistic_l2,8,C=100.0,0.9515625,0.0037813723267796787,0.972731912547688,0.0032709015301609526,0.9014136904761905,0.009301421920932144,0.921875,0.008852464433320825,0.880952380952381,0.0194403947839935,0.9340326561905611,0.005150321436500639,0.0731429162410253,0.004423128278407845,plain,False,flat,,
logistic_l2,9,C=0.01,0.9601934523809523,0.0042578064754689796,0.9761674479994854,0.0037398171772586954,0.9200892857142857,0.0032940392293420357,0.9354166666666666,0.006588078458684095,0.9047619047619048,0.0,0.9462486932864447,0.0035101801221141837,0.13387619981777107,0.002089759384154999,plain,False,flat,,
logistic_l2,9,C=0.1,0.9580109126984127,0.00344663744228116,0.9748780445426446,0.002998508118417603,0.9212797619047619,0.004663753679977473,0.9354166666666666,0.004392052305789399,0.9071428571428571,0.007529232524210435,0.9467557783347257,0.003044309037348365,0.07098481771505902,0.0017366381928781882,plain,False,flat,,
logistic_l2,9,C=1.0,0.9532738095238095,0.004292896135598991,0.9716512757550075,0.0040605505260743425,0.9241815476190476,0.009229723359267692,0.9364583333333334,0.0032940392293420422,0.9119047619047619,0.016070203755013193,0.9483208020050125,0.004740310709281127,0.0639938276604421,0.0027736924406221775,plain,False,flat,,
logistic_l2,9,C=10.0,0.9545138888888889,0.004202793849510753,0.9741516440090006,0.0036510909553947083,0.915922619047619,0.009939218705115995,0.9270833333333334,0.008505172717997169,0.9047619047619048,0.0194403947839935,0.941796630948064,0.0055912460670156,0.06719149579787319,0.003173595995237686,plain,False,flat,,
logistic_l2,9,C=100.0,0.9519345238095237,0.004673415860120905,0.9727922753985698,0.004191181037150374,0.8991815476190477,0.012907552391755242,0.9197916666666666,0.008575756274464228,0.8785714285714284,0.026202498443205043,0.9324278429268059,0.006353025032226166,0.07509034410862506,0.004059719530213389,plain,False,flat,,
logistic_l2,10,C=0.01,0.9578373015873016,0.004647311283913758,0.9743764111041717,0.004191287963910289,0.9183779761904761,0.005490625564410738,0.934375,0.005031728036871319,0.9023809523809524,0.007529232524210435,0.9452018936229463,0.0037402185227083315,0.13384854757306153,0.0019168146685323323,plain,False,flat,,
logistic_l2,10,C=0.1,0.9568452380952381,0.003735821272385908,0.9738391358221975,0.00356808589804016,0.9207589285714285,0.003294972781643435,0.934375,0.00503172803687132,0.9071428571428571,0.007529232524210435,0.9461985341604603,0.002325351695787065,0.07133352534942886,0.0016824981035800616,plain,False,flat,,
logistic_l2,10,C=1.0,0.9549355158730158,0.003982094607513365,0.9735983538714187,0.0037949966019075886,0.9255208333333333,0.009169546312102414,0.934375,0.00503172803687131,0.9166666666666666,0.01683587574253688,0.9482088199221458,0.004771087717988404,0.06474293680543183,0.0030915208148665253,plain,False,flat,,
logistic_l2,10,C=10.0,0.9564236111111111,0.0036263694019504655,0.9758903578869255,0.003071610196779276,0.9165922619047618,0.013983565136655631,0.9260416666666667,0.0059129813770577985,0.9071428571428571,0.02620249844320508,0.9417577047736924,0.0068430046844009055,0.06867549258264197,0.003306643950409148,plain,False,flat,,
logistic_l2,10,C=100.0,0.9505456349206349,0.004903778304141501,0.971331306901997,0.004677164509228686,0.8970982142857142,0.012935163179326813,0.915625,0.0076860915351314955,0.8785714285714284,0.02367687919075603,0.9301675591770782,0.006838808305412568,0.07804887560127818,0.005707082922259702,plain,False,flat,,
logistic_l1,2,C=0.1,0.9480406746031746,0.011441781021562852,0.9676841650981649,0.011866839418724249,0.9035714285714287,0.01913808501877713,0.9333333333333333,0.005379143536399155,0.8738095238095237,0.03731002943981955,0.9387614982394454,0.008526302594332529,0.07743460538635355,0.007183252677024589,plain,False,nested,50.0,"k=2,C=0.1 x11; k=2,C=100.0 x6; k=2,C=1.0 x6; k=6,C=10.0 x5; k=0,C=0.1 x5; k=4,C=100.0 x2; k=3,C=0.1 x2; k=4,C=0.1 x2; k=1,C=0.1 x1; k=7,C=10.0 x1; k=7,C=0.1 x1; k=3,C=1.0 x1; k=2,C=10.0 x1; k=3,C=100.0 x1; k=0,C=10.0 x1; k=0,C=1.0 x1; k=6,C=1.0 x1; k=3,C=10.0 x1; k=4,C=1.0 x1"
logistic_l2,2,C=100.0,0.9396329365079366,0.01229685275420178,0.9639179515186715,0.011448173643968763,0.9144345238095237,0.013342239738405507,0.93125,0.01568276359810585,0.8976190476190476,0.022587697572631304,0.9425012435061187,0.009429355205675168,0.10209621679632908,0.006448378738574402,plain,False,nested,50.0,"k=2,C=100.0 x10; k=6,C=0.01 x9; k=4,C=0.01 x6; k=2,C=10.0 x3; k=7,C=100.0 x2; k=2,C=0.01 x2; k=0,C=0.1 x2; k=4,C=0.1 x2; k=6,C=1.0 x2; k=3,C=0.01 x1; k=10,C=0.01 x1; k=9,C=1.0 x1; k=9,C=100.0 x1; k=6,C=100.0 x1; k=6,C=0.1 x1; k=3,C=0.1 x1; k=2,C=1.0 x1; k=5,C=0.01 x1; k=3,C=100.0 x1; k=4,C=100.0 x1; k=10,C=10.0 x1"
logistic_l1,0,C=0.01,0.49774305555555554,0.018632560995696452,0.6944051783010188,0.010689983025086622,0.49747023809523805,0.01235706576012488,0.61875,0.12511568720662164,0.3761904761904762,0.12181958002761838,0.6480399556524397,0.07370834932619716,0.24757032909297383,0.004356931141043285,donor_grouped,False,flat,,
logistic_l1,0,C=0.1,0.9532242063492063,0.004905171858491735,0.9691902232230504,0.008021876045813033,0.8962053571428571,0.004963416690523218,0.9614583333333334,0.005031728036871312,0.830952380952381,0.0075292325242104375,0.9447252747252748,0.0032902874894789633,0.09013264976678237,0.00044955351376092995,donor_grouped,False,flat,,
logistic_l1,0,C=1.0,0.949454365079365,0.002701235846808066,0.9652373313980835,0.0049243705658426435,0.8992559523809524,0.0061475926130276914,0.9270833333333334,0.0,0.8714285714285713,0.012295185226055315,0.9348801322678424,0.0025328962455218973,0.06862107719999275,0.0014183275792828993,donor_grouped,False,flat,,
logistic_l1,0,C=10.0,0.9478918650793651,0.002182445735111238,0.9619377933385614,0.0030792622883855244,0.902827380952381,0.00512139265838902,0.9270833333333334,0.006944444444444458,0.8785714285714284,0.0075292325242104375,0.9363398315451222,0.004038529727206847,0.06943909403394426,0.001986592705669856,donor_grouped,False,flat,,
logistic_l1,0,C=100.0,0.9477430555555555,0.0020850713439875784,0.9619651031240736,0.0024572493995118285,0.9023065476190476,0.00642978460162592,0.9260416666666667,0.007686091535131496,0.8785714285714284,0.0075292325242104375,0.9357776932150038,0.004996949307089382,0.06961665006572373,0.002061425811151322,donor_grouped,False,flat,,
logistic_l1,1,C=0.01,0.5014880952380952,0.020742095978780187,0.6960273576348879,0.011573014492160734,0.49813988095238093,0.01650470632173037,0.584375,0.17385052935968293,0.41190476190476194,0.1884983290520889,0.6220660198033825,0.10106190952027345,0.24749860425709375,0.004752844185200186,donor_grouped,False,flat,,
logistic_l1,1,C=0.1,0.951016865079365,0.0017817676969454663,0.9638846211779775,0.007166726480517192,0.9041666666666666,0.007674879141802173,0.9583333333333334,0.006944444444444448,0.85,0.011501092655705864,0.9469835739105543,0.0049422219605437506,0.09130043299083175,0.0010384719721378442,donor_grouped,False,flat,,
logistic_l1,1,C=1.0,0.9470238095238095,0.0036454490103256655,0.9611445558907971,0.0070653989564011975,0.9040178571428571,0.003472222222222258,0.9270833333333334,0.006944444444444448,0.880952380952381,0.0,0.9368303247939511,0.0037305129165791525,0.07091864724180509,0.002905094232449411,donor_grouped,False,flat,,
logistic_l1,1,C=10.0,0.9415178571428571,0.004590788027351516,0.9529294079028053,0.010252820246255137,0.8998511904761906,0.0021960261528947674,0.91875,0.0043920523057894385,0.880952380952381,0.0,0.9323419660261765,0.0023717816294588946,0.07071978951764124,0.003619850828055713,donor_grouped,False,flat,,
logistic_l1,1,C=100.0,0.9409474206349205,0.004486353574841273,0.9523792734445667,0.010365641803982062,0.8993303571428571,0.0038430457675657673,0.9177083333333333,0.007686091535131507,0.880952380952381,0.0,0.9317674801661363,0.0041704719808702845,0.07086663377660105,0.0038545398477241332,donor_grouped,False,flat,,
logistic_l1,2,C=0.01,0.5056051587301587,0.013285103220208594,0.6993373066816255,0.006170442198135896,0.5022321428571429,0.017488196987900974,0.5854166666666667,0.2680051766129864,0.41904761904761906,0.2861988835712327,0.6067873393551318,0.15756472523146517,0.24841295393466867,0.005397105875708397,donor_grouped,False,flat,,
logistic_l1,2,C=0.1,0.9631944444444445,0.002092106956069637,0.9823657378579398,0.0017704749844554817,0.9055059523809523,0.007612107764495418,0.9395833333333334,0.009572256077840426,0.8714285714285713,0.012295185226055313,0.9415291686627733,0.005565812451044381,0.08374718410353219,0.0006018065891626162,donor_grouped,False,flat,,
logistic_l1,2,C=1.0,0.9599950396825397,0.0029112974205751916,0.9783060254097935,0.002411035438298053,0.9084821428571429,0.0072732531243130776,0.93125,0.005379143536399178,0.8857142857142858,0.015058465048420877,0.9400651479629849,0.0036280286244906017,0.06531461597185143,0.0014403299189826347,donor_grouped,False,flat,,
logistic_l1,2,C=10.0,0.9569196428571429,0.004959008314897061,0.9759097308759221,0.0050817957974018495,0.9152529761904763,0.008236591833221094,0.928125,0.00912078162261367,0.9023809523809524,0.013515386004703546,0.9418477974297819,0.005689924982850467,0.06971858255293913,0.0035508447774624014,donor_grouped,False,flat,,
logistic_l1,2,C=100.0,0.9568452380952381,0.004936838170249238,0.9761782896913622,0.005022188137275183,0.9121279761904763,0.00667757118508273,0.921875,0.008852464433320828,0.9023809523809524,0.013515386004703546,0.9384818907485398,0.004638676924005468,0.07131386664891706,0.004184509216158309,donor_grouped,False,flat,,
logistic_l1,3,C=0.01,0.5081349206349206,0.01684533190022139,0.7002120309721354,0.007389627278861091,0.49970238095238095,0.017642978305391216,0.6041666666666667,0.26053238169866766,0.3952380952380953,0.2774828366147576,0.6188188610540478,0.15447244407288124,0.24825588493316536,0.005640784129802556,donor_grouped,False,flat,,
logistic_l1,3,C=0.1,0.9638888888888889,0.002972054003758978,0.9820737281418008,0.0020591895681550624,0.909672619047619,0.007475117770075082,0.9479166666666666,0.008505172717997143,0.8714285714285713,0.012295185226055313,0.9459351335193305,0.005131933348104617,0.08104749246190887,0.0013413737060925292,donor_grouped,False,flat,,
logistic_l1,3,C=1.0,0.9599454365079365,0.005359349539802529,0.9785163917270102,0.0032440355690198995,0.9139880952380952,0.006147592613027625,0.9375,0.0,0.8904761904761905,0.012295185226055315,0.9443923945990631,0.0025613557538985334,0.06431075647969726,0.0026154819140121947,donor_grouped,False,flat,,
logistic_l1,3,C=10.0,0.9516617063492063,0.006217953538734631,0.9730601155470898,0.004147597724308864,0.9119047619047619,0.011087169500752782,0.9166666666666666,0.00982092751647985,0.9071428571428571,0.023676879190756055,0.9366667033626941,0.005849233240228272,0.07129414638829314,0.004914224351225987,donor_grouped,False,flat,,
logistic_l1,3,C=100.0,0.9514632936507936,0.006561935290197241,0.9735103462394786,0.004169138758223682,0.9079613095238095,0.01566255093461521,0.9135416666666666,0.012078143840920886,0.9023809523809524,0.026202498443205078,0.9339655275994205,0.009505099052986209,0.07365920126409478,0.006287293720227479,donor_grouped,False,flat,,
logistic_l1,4,C=0.01,0.5081349206349206,0.01684533190022139,0.7002120309721354,0.007389627278861091,0.49970238095238095,0.017642978305391216,0.6041666666666667,0.26053238169866766,0.3952380952380953,0.2774828366147576,0.6188188610540478,0.15447244407288124,0.2481560054355676,0.0056172537050697335,donor_grouped,False,flat,,
logistic_l1,4,C=0.1,0.9639880952380953,0.002785934578535973,0.98233390875619,0.0016835592479012952,0.908110119047619,0.008302051192121018,0.9447916666666666,0.005031728036871324,0.8714285714285713,0.012295185226055313,0.944300518134715,0.004931511142369139,0.08119993714877452,0.0013972321981858906,donor_grouped,False,flat,,
logistic_l1,4,C=1.0,0.9569444444444445,0.006007470308831434,0.9765681149490479,0.00453777219049133,0.9235119047619047,0.007529232524210454,0.9375,0.0,0.9095238095238095,0.015058465048420875,0.9483761760421997,0.003159162109902721,0.06613481652216471,0.0028568512409296006,donor_grouped,False,flat,,
logistic_l1,4,C=10.0,0.9478422619047618,0.007586970906677594,0.970613863916679,0.005721232652348833,0.9178571428571429,0.005860736304659475,0.9166666666666666,0.00982092751647985,0.919047619047619,0.01229518522605532,0.9391490814277361,0.0047476265357830425,0.07311355557281397,0.005845211849377141,donor_grouped,False,flat,,
logistic_l1,4,C=100.0,0.9469246031746031,0.009016172017531812,0.970738870000263,0.006458495019847889,0.9168154761904763,0.007746675645726402,0.9145833333333334,0.013714178929257982,0.919047619047619,0.01229518522605532,0.9379926244511008,0.0071362453644828695,0.07513528835881117,0.007201659994212321,donor_grouped,False,flat,,
logistic_l1,5,C=0.01,0.5081349206349206,0.01684533190022139,0.7002120309721354,0.007389627278861091,0.49970238095238095,0.017642978305391216,0.6041666666666667,0.26053238169866766,0.3952380952380953,0.2774828366147576,0.6188188610540478,0.15447244407288124,0.24817452169511198,0.005587379908508444,donor_grouped,False,flat,,
logistic_l1,5,C=0.1,0.9639880952380953,0.002785934578535973,0.98233390875619,0.0016835592479012952,0.908110119047619,0.008302051192121018,0.9447916666666666,0.005031728036871324,0.8714285714285713,0.012295185226055313,0.944300518134715,0.004931511142369139,0.08120002753447238,0.0013971131602276718,donor_grouped,False,flat,,
logistic_l1,5,C=1.0,0.9548859126984126,0.005359604589036006,0.9749149099166828,0.004163179075543319,0.9235119047619047,0.007529232524210454,0.9375,0.0,0.9095238095238095,0.015058465048420875,0.9483761760421997,0.003159162109902721,0.06716030248929113,0.0027629851289078973,donor_grouped,False,flat,,
logistic_l1,5,C=10.0,0.9418154761904762,0.0064824515390047195,0.964927802794722,0.005647475574722679,0.9105654761904761,0.01132648060464403,0.91875,0.00821677747652723,0.9023809523809524,0.020847500851688447,0.9368044344435887,0.0063428675488008575,0.07701624186606518,0.0053175615758308745,donor_grouped,False,flat,,
logistic_l1,5,C=100.0,0.9406994047619047,0.00717624022487279,0.9646727989701246,0.005870207031430246,0.9042410714285714,0.007811909463697739,0.915625,0.00768609153513148,0.8928571428571429,0.012548720873684076,0.9331130302970102,0.005227520580288885,0.08025232816599637,0.006454637291074108,donor_grouped,False,flat,,
logistic_l1,6,C=0.01,0.5081349206349206,0.01684533190022139,0.7002120309721354,0.007389627278861091,0.5038690476190476,0.01807217314831966,0.6458333333333334,0.2764726282971442,0.3619047619047619,0.2865508036347901,0.6414989440281686,0.16128987515153007,0.2482863712286978,0.005482392224285421,donor_grouped,False,flat,,
logistic_l1,6,C=0.1,0.9639880952380953,0.002785934578535973,0.98233390875619,0.0016835592479012952,0.908110119047619,0.008302051192121018,0.9447916666666666,0.005031728036871324,0.8714285714285713,0.012295185226055313,0.944300518134715,0.004931511142369139,0.08120029593502655,0.0013983839810784808,donor_grouped,False,flat,,
logistic_l1,6,C=1.0,0.9577380952380953,0.005454094050556903,0.9765001276653995,0.004434227241747588,0.9267113095238095,0.008302051192121084,0.934375,0.005031728036871317,0.919047619047619,0.012295185226055308,0.9487050960735172,0.005010468133613776,0.06441807589313481,0.0027844370332419915,donor_grouped,False,flat,,
logistic_l1,6,C=10.0,0.9593501984126984,0.004539360536404174,0.9761640695693398,0.003519724120956809,0.908110119047619,0.013752027281893025,0.928125,0.003294039229342063,0.8880952380952382,0.027607185922104902,0.9389117371431934,0.005821910354822646,0.06716842474029747,0.0040038499376513536,donor_grouped,False,flat,,
logistic_l1,6,C=100.0,0.9540178571428571,0.005614637262059084,0.970804398094893,0.004775405991015858,0.9070684523809524,0.011777229004805007,0.9260416666666667,0.009120781622613709,0.8880952380952382,0.02258769757263131,0.9377642319133146,0.006462721446697194,0.07095836034920297,0.005587210578246971,donor_grouped,False,flat,,
logistic_l1,7,C=0.01,0.5081349206349206,0.01684533190022139,0.7002120309721354,0.007389627278861091,0.5038690476190476,0.01807217314831966,0.6458333333333334,0.2764726282971442,0.3619047619047619,0.2865508036347901,0.6414989440281686,0.16128987515153007,0.24837020623488565,0.005539252512498363,donor_grouped,False,flat,,
logistic_l1,7,C=0.1,0.9638640873015871,0.002601343792104263,0.9822665415020815,0.00153573215106099,0.9075892857142858,0.008019776473745275,0.94375,0.005379143536399181,0.8714285714285713,0.012295185226055313,0.9437496891643834,0.0047882699472248285,0.08119984408244782,0.0013988516894366853,donor_grouped,False,flat,,
logistic_l1,7,C=1.0,0.9566716269841271,0.004739129863234438,0.9755408214044285,0.003830230995300741,0.9267113095238095,0.008302051192121084,0.934375,0.005031728036871317,0.919047619047619,0.012295185226055308,0.9487050960735172,0.005010468133613776,0.06474499409875918,0.0024223811640181987,donor_grouped,False,flat,,
logistic_l1,7,C=10.0,0.9577132936507937,0.004107473664778378,0.9753480998145658,0.004192384169478209,0.9052083333333334,0.008784104611578834,0.9270833333333334,0.0,0.8833333333333334,0.01756820922315768,0.9373481697262352,0.003640305212309183,0.0693807034804032,0.0034976287470370603,donor_grouped,False,flat,,
logistic_l1,7,C=100.0,0.9496775793650795,0.00526309447597309,0.9689951969468706,0.004990540326875893,0.8966517857142857,0.007696088796888278,0.921875,0.007365695637359911,0.8714285714285713,0.020077953397894473,0.9320711139257509,0.00289007762191713,0.07638987788688614,0.004777548257513834,donor_grouped,False,flat,,
logistic_l1,8,C=0.01,0.5077628968253969,0.01760739971532142,0.7000133039039171,0.007681411642466226,0.49836309523809524,0.014233604806756088,0.6395833333333334,0.27938769580620626,0.3571428571428571,0.2796985743921602,0.636119536161897,0.16242595416982225,0.24851054111518894,0.005432550786062967,donor_grouped,False,flat,,
logistic_l1,8,C=0.1,0.9638392857142856,0.0026320341678014443,0.9822448401131926,0.0015614738629075864,0.9075892857142858,0.008019776473745275,0.94375,0.005379143536399181,0.8714285714285713,0.012295185226055313,0.9437496891643834,0.0047882699472248285,0.08119966492485556,0.0013984163235379334,donor_grouped,False,flat,,
logistic_l1,8,C=1.0,0.9564732142857142,0.004443185117984527,0.975380383391925,0.003577540261870749,0.9267113095238095,0.008302051192121084,0.934375,0.005031728036871317,0.919047619047619,0.012295185226055308,0.9487050960735172,0.005010468133613776,0.06474581836622872,0.002424031900067981,donor_grouped,False,flat,,
logistic_l1,8,C=10.0,0.9549603174603174,0.002599109581245955,0.9736691223583254,0.0029742900064215474,0.9052083333333334,0.008784104611578834,0.9270833333333334,0.0,0.8833333333333334,0.01756820922315768,0.9373481697262352,0.003640305212309183,0.0697183084353414,0.0035493178428033486,donor_grouped,False,flat,,
logistic_l1,8,C=100.0,0.948015873015873,0.00434511729435139,0.9686990597054248,0.003919501044598208,0.8985119047619048,0.007710063185605341,0.9208333333333334,0.008784104611578842,0.8761904761904761,0.01505846504842085,0.9324792362870961,0.005005830356859089,0.07661970101556795,0.004560645018013718,donor_grouped,False,flat,,
logistic_l1,9,C=0.01,0.5077628968253969,0.01760739971532142,0.7000133039039171,0.007681411642466226,0.49836309523809524,0.014233604806756088,0.6395833333333334,0.27938769580620626,0.3571428571428571,0.2796985743921602,0.636119536161897,0.16242595416982225,0.24861689114286936,0.005306856452540111,donor_grouped,False,flat,,
logistic_l1,9,C=0.1,0.9638392857142856,0.0026320341678014443,0.9822448401131926,0.0015614738629075864,0.9075892857142858,0.008019776473745275,0.94375,0.005379143536399181,0.8714285714285713,0.012295185226055313,0.9437496891643834,0.0047882699472248285,0.0811991115405271,0.0013991091934510886,donor_grouped,False,flat,,
logistic_l1,9,C=1.0,0.9563492063492063,0.004373026175740136,0.9753780013264655,0.003587207023201885,0.9267113095238095,0.008302051192121084,0.934375,0.005031728036871317,0.919047619047619,0.012295185226055308,0.9487050960735172,0.005010468133613776,0.06511387999806925,0.0016632124532751386,donor_grouped,False,flat,,
logistic_l1,9,C=10.0,0.9516865079365079,0.002945721460409072,0.9711661256937951,0.00477555768700012,0.9017857142857142,0.008225755928460832,0.925,0.008216777476527284,0.8785714285714284,0.020847500851688426,0.9352289680577615,0.0035232329465876397,0.07273570368444685,0.0034384294233514314,donor_grouped,False,flat,,
logistic_l1,9,C=100.0,0.9448660714285714,0.0037285877787423725,0.967689670541227,0.0051268327772408875,0.8870535714285713,0.008111294572832752,0.9145833333333334,0.012804922857351249,0.8595238095238095,0.017568209223157653,0.9256424300267758,0.006185883975032154,0.08234982882099076,0.003908094887428814,donor_grouped,False,flat,,
logistic_l1,10,C=0.01,0.5089781746031746,0.018825913274075352,0.7003861023385763,0.008199707267853068,0.5010416666666666,0.016523144322795124,0.6020833333333334,0.2652014142561401,0.4,0.2676851299534323,0.6174697886374692,0.1575593168244646,0.24866175084732625,0.005236129911550554,donor_grouped,False,flat,,
logistic_l1,10,C=0.1,0.9638392857142856,0.0026320341678014443,0.9822448401131926,0.0015614738629075864,0.9075892857142858,0.008019776473745275,0.94375,0.005379143536399181,0.8714285714285713,0.012295185226055313,0.9437496891643834,0.0047882699472248285,0.08119934532049876,0.0013977125294242741,donor_grouped,False,flat,,
logistic_l1,10,C=1.0,0.9556051587301587,0.004772112992613059,0.9749504251956689,0.0041450205116715785,0.9215773809523811,0.010970042336343744,0.93125,0.0072833947789594,0.9119047619047619,0.01960172862734686,0.9455347832799911,0.006083069708643957,0.06622689119605095,0.0019309024807913238,donor_grouped,False,flat,,
logistic_l1,10,C=10.0,0.9500744047619047,0.004325963735845224,0.9701784735867542,0.0050347989810095315,0.9052083333333334,0.012593737095626554,0.9270833333333334,0.012028130608117173,0.8833333333333334,0.02084750085168842,0.9373184786652867,0.008121391281019888,0.07332361677872581,0.0033002035061575094,donor_grouped,False,flat,,
logistic_l1,10,C=100.0,0.9452132936507937,0.004788483680505705,0.9665221461618174,0.00595265914158546,0.8848958333333334,0.008128339503057865,0.9197916666666666,0.011034894848660246,0.85,0.01607020375501313,0.9265276809411634,0.005791015287372521,0.08139086929923967,0.004511511219927096,donor_grouped,False,flat,,
logistic_l2,0,C=0.01,0.9472966269841269,0.0037032054240120757,0.9698504497269095,0.004694261363035631,0.8705357142857142,0.0,0.9791666666666666,0.0,0.7619047619047619,0.0,0.9399999999999998,0.0,0.18957619988934418,0.0006502103485575504,donor_grouped,False,flat,,
logistic_l2,0,C=0.1,0.9510912698412698,0.002064482829233952,0.9679873103462434,0.005556605031129389,0.8962053571428571,0.004963416690523218,0.9614583333333334,0.005031728036871312,0.830952380952381,0.0075292325242104375,0.9447252747252748,0.0032902874894789633,0.10473728470636201,0.001563554674801105,donor_grouped,False,flat,,
logistic_l2,0,C=1.0,0.9500744047619047,0.0020319482342786633,0.9666937161259709,0.004500006252547445,0.8983630952380952,0.007350648235254994,0.9395833333333334,0.004392052305789399,0.8571428571428571,0.015873015873015893,0.938610875221739,0.0031651137599208617,0.07292629375755255,0.0016433662311254157,donor_grouped,False,flat,,
logistic_l2,0,C=10.0,0.9485863095238095,0.002239937156011081,0.9638855207744937,0.0038039348874951643,0.9049107142857142,0.005188217009917799,0.93125,0.005379143536399168,0.8785714285714284,0.0075292325242104375,0.9385781206944062,0.0036186920519378353,0.06958556694038912,0.001947507334854209,donor_grouped,False,flat,,
logistic_l2,0,C=100.0,0.9477678571428572,0.0020724130101433097,0.962060619655602,0.0025397298828457606,0.9023065476190476,0.00642978460162592,0.9260416666666667,0.007686091535131496,0.8785714285714284,0.0075292325242104375,0.9357776932150038,0.004996949307089382,0.06961892242861423,0.0020556026023864516,donor_grouped,False,flat,,
logistic_l2,1,C=0.01,0.9463293650793652,0.0031157568153146907,0.9648948892606869,0.0031625643523982808,0.9139136904761905,0.007171476642869911,0.9635416666666666,0.005490065382236746,0.8642857142857142,0.016070203755013158,0.9526291783410985,0.0031953566853443476,0.17015647610068413,0.0006639663553494364,donor_grouped,False,flat,,
logistic_l2,1,C=0.1,0.9469246031746031,0.003430637222428324,0.9637301882183549,0.0033866821291416143,0.9165178571428572,0.002689571768199667,0.9520833333333334,0.005379143536399227,0.880952380952381,0.0,0.9500971502590673,0.002814992213348802,0.09111888417701311,0.0016559348649530091,donor_grouped,False,flat,,
logistic_l2,1,C=1.0,0.944593253968254,0.0037507931003469283,0.9589481495968457,0.004035169568304144,0.906622023809524,0.002745032691118378,0.9322916666666666,0.005490065382236746,0.880952380952381,0.0,0.9396252411132544,0.002933682774657897,0.07157800291996429,0.002174544080992205,donor_grouped,False,flat,,
logistic_l2,1,C=10.0,0.9415426587301587,0.004319639455228348,0.9520460449381789,0.009192840396205663,0.9019345238095238,0.0026895717681996796,0.9229166666666666,0.0053791435363992335,0.880952380952381,0.0,0.9345920356446673,0.0029048273867405966,0.07020495116024245,0.0033898555197906387,donor_grouped,False,flat,,
logistic_l2,1,C=100.0,0.9408978174603174,0.004481170914048146,0.9521648160679765,0.01028069135563709,0.8998511904761906,0.004108388738263647,0.91875,0.00821677747652728,0.880952380952381,0.0,0.932329997570759,0.00445745301357217,0.0708051540089769,0.00384786515389273,donor_grouped,False,flat,,
logistic_l2,2,C=0.01,0.9612103174603174,0.004763798950866475,0.9783617878768223,0.003460576719048273,0.9061755952380952,0.0085228734087733,0.9552083333333334,0.01704574681754663,0.8571428571428571,0.0,0.9467574325527197,0.008885094647458467,0.15597228481215653,0.0018626729249283601,donor_grouped,False,flat,,
logistic_l2,2,C=0.1,0.9609623015873016,0.003822985886507496,0.9786837768678163,0.003140271809535673,0.8968005952380953,0.004560390811306863,0.9364583333333334,0.009120781622613662,0.8571428571428571,0.0,0.936926512657203,0.004825025003095742,0.08008880450398312,0.0016550465219127243,donor_grouped,False,flat,,
logistic_l2,2,C=1.0,0.9574404761904762,0.0028762238246117042,0.9759026579928192,0.0026287912990375253,0.9001488095238095,0.007770460398180893,0.93125,0.005379143536399182,0.869047619047619,0.012548720873684072,0.9366158032515844,0.004583839878192019,0.06607415846763479,0.001655015096825525,donor_grouped,False,flat,,
logistic_l2,2,C=10.0,0.9577132936507937,0.004722081538854104,0.9763078715868649,0.004441194514722543,0.9125744047619048,0.008114706423106582,0.9322916666666666,0.00885246443332079,0.8928571428571429,0.012548720873684058,0.9420929332129042,0.005687318852563802,0.06799128650727389,0.0029498348441466646,donor_grouped,False,flat,,
logistic_l2,2,C=100.0,0.9569940476190476,0.005001755924001452,0.9763052269533519,0.005124836945504509,0.9131696428571429,0.008014021891593321,0.9239583333333334,0.012078143840920891,0.9023809523809524,0.013515386004703546,0.9395899546838289,0.006477898466486024,0.07103509440089137,0.00404949187899698,donor_grouped,False,flat,,
logistic_l2,3,C=0.01,0.9603670634920635,0.002454675074060288,0.9755115337705709,0.00329867968313094,0.9079613095238095,0.006747217011888522,0.946875,0.010358634645955767,0.869047619047619,0.012548720873684072,0.9448871371091991,0.005217415059346447,0.14552665314254434,0.0008713078732275964,donor_grouped,False,flat,,
logistic_l2,3,C=0.1,0.9617311507936508,0.0020817908646997693,0.9781017359734292,0.002212442730781053,0.9039434523809524,0.007402764881738826,0.9364583333333334,0.005912981377057765,0.8714285714285713,0.012295185226055313,0.9398829452558097,0.0044655370885310595,0.074924814863117,0.001695221022696187,donor_grouped,False,flat,,
logistic_l2,3,C=1.0,0.9574652777777779,0.0034410805866844215,0.9771157843413697,0.002050550340371779,0.9139880952380952,0.010038976698947209,0.9375,0.0,0.8904761904761905,0.020077953397894494,0.9444027280242491,0.004163628111972886,0.06493736179931901,0.002770698717614076,donor_grouped,False,flat,,
logistic_l2,3,C=10.0,0.9538690476190477,0.004790695500810335,0.9751661799195471,0.002951925412438967,0.9145089285714286,0.01186568694693763,0.921875,0.005490065382236824,0.9071428571428571,0.023676879190756055,0.9395062131604985,0.005494076032067094,0.06880731217634321,0.0039112168109694395,donor_grouped,False,flat,,
logistic_l2,3,C=100.0,0.9517361111111111,0.006483505784736727,0.9738579281671805,0.004029058055970783,0.9079613095238095,0.01566255093461521,0.9135416666666666,0.012078143840920886,0.9023809523809524,0.026202498443205078,0.9339655275994205,0.009505099052986209,0.0732288450375832,0.006022680054868062,donor_grouped,False,flat,,
logistic_l2,4,C=0.01,0.9629216269841269,0.0024335625048834534,0.978182185536564,0.0032203085138444434,0.9220238095238095,0.005188217009917802,0.9416666666666667,0.00537914353639917,0.9023809523809524,0.0075292325242104375,0.9490768806833838,0.0036040908365757352,0.1383340710287057,0.0009330568107176712,donor_grouped,False,flat,,
logistic_l2,4,C=0.1,0.962797619047619,0.002190416881529733,0.9792328810662028,0.001754708406911644,0.9243303571428572,0.006846765558817553,0.934375,0.00503172803687131,0.9142857142857143,0.012295185226055317,0.9477022935589565,0.0038960578428577,0.07310531018065095,0.0019905660478168694,donor_grouped,False,flat,,
logistic_l2,4,C=1.0,0.9571676587301587,0.0037723242368442353,0.9766401611924739,0.0022792747916247197,0.9243303571428572,0.0077882512947004354,0.934375,0.005031728036871317,0.9142857142857143,0.012295185226055317,0.947702589807853,0.004624121432130157,0.06516026338977136,0.003229494274051804,donor_grouped,False,flat,,
logistic_l2,4,C=10.0,0.9516617063492063,0.0068077232402437874,0.9740418162572523,0.004857639558003906,0.9199404761904763,0.006286113854143248,0.9208333333333334,0.005379143536399199,0.919047619047619,0.01229518522605532,0.9414261212759335,0.0035546006366536736,0.06996673074866255,0.004555647283171902,donor_grouped,False,flat,,
logistic_l2,4,C=100.0,0.9474950396825397,0.008851730943905652,0.9712439939882935,0.006356444022780732,0.9162946428571429,0.006629497224515667,0.9135416666666666,0.012078143840920886,0.919047619047619,0.01229518522605532,0.9374353802768353,0.006017794345569054,0.07466140877016574,0.006963151445381502,donor_grouped,False,flat,,
logistic_l2,5,C=0.01,0.9621775793650793,0.002191196805671058,0.9775791054180527,0.0027127923417794987,0.923735119047619,0.0027450326911184096,0.9427083333333334,0.005490065382236745,0.9047619047619048,0.0,0.950124001102232,0.00290463641055243,0.1386311918870934,0.0010672338572651845,donor_grouped,False,flat,,
logistic_l2,5,C=0.1,0.960391865079365,0.0031176207982329843,0.9776712948853188,0.002521819489489295,0.9243303571428572,0.006846765558817553,0.934375,0.00503172803687131,0.9142857142857143,0.012295185226055317,0.9477022935589565,0.0038960578428577,0.07401012964490801,0.0022336367994511296,donor_grouped,False,flat,,
logistic_l2,5,C=1.0,0.9519593253968255,0.005141703965151344,0.9723251108064515,0.00462441131138114,0.9243303571428572,0.0077882512947004354,0.934375,0.005031728036871317,0.9142857142857143,0.012295185226055317,0.947702589807853,0.004624121432130157,0.06800420681312058,0.0034849304439360605,donor_grouped,False,flat,,
logistic_l2,5,C=10.0,0.9459325396825398,0.005678546547974343,0.968316370544619,0.004687726196285778,0.9183035714285713,0.010596984280338562,0.9270833333333334,0.009820927516479876,0.9095238095238095,0.01878120566063373,0.9427876531029031,0.006598376399190333,0.07320605601693286,0.004554920779261564,donor_grouped,False,flat,,
logistic_l2,5,C=100.0,0.9415178571428571,0.006992307969068725,0.9653852816346561,0.005783720228702919,0.9037202380952379,0.007499763790687022,0.9145833333333334,0.008216777476527255,0.8928571428571429,0.012548720873684076,0.9325441373626605,0.00516705458771491,0.07947865825777509,0.006206371623342571,donor_grouped,False,flat,,
logistic_l2,6,C=0.01,0.9637648809523809,0.0028167975053757788,0.9784797423657107,0.0033190425205849835,0.9221726190476189,0.004108388738263629,0.9395833333333334,0.008216777476527217,0.9047619047619048,0.0,0.9484589892415739,0.004367001909819796,0.13838924685030912,0.0010884312046924255,donor_grouped,False,flat,,
logistic_l2,6,C=0.1,0.9625248015873016,0.003194284402587733,0.9789546538898704,0.002841575904390172,0.9238095238095237,0.007300266227970327,0.9333333333333333,0.005379143536399152,0.9142857142857143,0.012295185226055317,0.9471453456335874,0.004323701881879276,0.07299180483297854,0.002131148047038986,donor_grouped,False,flat,,
logistic_l2,6,C=1.0,0.9603174603174602,0.0039092560904553115,0.9780083201811738,0.00266207409898041,0.9260416666666667,0.008819048279709045,0.9354166666666666,0.006588078458684102,0.9166666666666666,0.012548720873684076,0.9487552213868004,0.005628601081111935,0.06383238685178051,0.0033512432185576787,donor_grouped,False,flat,,
logistic_l2,6,C=10.0,0.9626984126984126,0.0034110573963565074,0.9786816992020816,0.0023757988253206128,0.9191964285714285,0.011910960687741072,0.93125,0.005379143536399185,0.9071428571428571,0.023676879190756048,0.9445486759737213,0.005490598078385806,0.06353992065825034,0.0035365516755360544,donor_grouped,False,flat,,
logistic_l2,6,C=100.0,0.9568948412698413,0.004878065850419539,0.9729831184976941,0.004725310805976039,0.9060267857142857,0.013189455211976705,0.9239583333333334,0.0070307141428183045,0.8880952380952382,0.027607185922104902,0.9366606254256433,0.005832666984286633,0.06863418795401603,0.004288120401562368,donor_grouped,False,flat,,
logistic_l2,7,C=0.01,0.9607142857142857,0.0020155687774696556,0.9763321931829587,0.0029584354263625903,0.9195684523809524,0.0025158640184356437,0.934375,0.00503172803687131,0.9047619047619048,0.0,0.9456975772765246,0.00269031407151016,0.13321960304870623,0.0014886183492668445,donor_grouped,False,flat,,
logistic_l2,7,C=0.1,0.9601934523809523,0.0023273294081116664,0.9770552812001009,0.0013925137554800606,0.9248511904761905,0.00631345340345132,0.9354166666666666,0.0043920523057893865,0.9142857142857143,0.012295185226055317,0.9482592414843254,0.0033128269124439963,0.07129363825693096,0.0017430624589656097,donor_grouped,False,flat,,
logistic_l2,7,C=1.0,0.9569444444444445,0.0023592670610763406,0.9756556687737588,0.0016307795315208412,0.9243303571428572,0.0077882512947004354,0.934375,0.005031728036871317,0.9142857142857143,0.012295185226055317,0.947702589807853,0.004624121432130157,0.06392685618400448,0.0030149049021908295,donor_grouped,False,flat,,
logistic_l2,7,C=10.0,0.9597470238095237,0.0023384622155402882,0.9770839693269593,0.0022671392936820505,0.9191964285714285,0.011910960687741072,0.93125,0.005379143536399185,0.9071428571428571,0.023676879190756048,0.9445486759737213,0.005490598078385806,0.06513756239923181,0.003332244814857608,donor_grouped,False,flat,,
logistic_l2,7,C=100.0,0.9532738095238095,0.004225499546074326,0.9712996850689031,0.004545686403131497,0.897172619047619,0.008496489537869174,0.9229166666666666,0.005379143536399232,0.8714285714285713,0.020077953397894473,0.9326400068601007,0.0030950066686593414,0.07350545762215636,0.0035397003070015446,donor_grouped,False,flat,,
logistic_l2,8,C=0.01,0.9612351190476189,0.0018781278442322696,0.9765284457799345,0.0028478927607872304,0.9195684523809524,0.0025158640184356437,0.934375,0.00503172803687131,0.9047619047619048,0.0,0.9456975772765246,0.00269031407151016,0.1330511950335626,0.001442712798104376,donor_grouped,False,flat,,
logistic_l2,8,C=0.1,0.9595734126984127,0.0018960557111739177,0.9766210506114434,0.0013224578659534628,0.9248511904761905,0.00631345340345132,0.9354166666666666,0.0043920523057893865,0.9142857142857143,0.012295185226055317,0.9482592414843254,0.0033128269124439963,0.07125116328255424,0.0015874650177072802,donor_grouped,False,flat,,
logistic_l2,8,C=1.0,0.9550347222222222,0.0027519953724136977,0.9741808074722762,0.00175520980615707,0.9243303571428572,0.0077882512947004354,0.934375,0.005031728036871317,0.9142857142857143,0.012295185226055317,0.947702589807853,0.004624121432130157,0.06421425953811245,0.0024756647493396704,donor_grouped,False,flat,,
logistic_l2,8,C=10.0,0.9556795634920634,0.0018781278442322464,0.9744184310747815,0.0021466017736412467,0.9151041666666666,0.010796242339592225,0.9302083333333334,0.0050317280368713255,0.9,0.018781205660633717,0.9424891781518951,0.0056869988254849456,0.06592792593860479,0.0027209883219354142,donor_grouped,False,flat,,
logistic_l2,8,C=100.0,0.9503224206349206,0.004260694864907914,0.9704486683678603,0.0038442353681025893,0.8983630952380952,0.006440776919892661,0.9229166666666666,0.005379143536399232,0.8738095238095237,0.016070203755013193,0.9331253908042543,0.002437507284257555,0.07442310975461797,0.003617000072017221,donor_grouped,False,flat,,
logistic_l2,9,C=0.01,0.9610615079365079,0.0019353009111639894,0.9764179066768532,0.0029561509182762075,0.9195684523809524,0.0025158640184356437,0.934375,0.00503172803687131,0.9047619047619048,0.0,0.9456975772765246,0.00269031407151016,0.13325203928745505,0.0014144936730248784,donor_grouped,False,flat,,
logistic_l2,9,C=0.1,0.9585317460317461,0.001689423250587973,0.9755325458162838,0.0012974276445158262,0.9248511904761905,0.00631345340345132,0.9354166666666666,0.0043920523057893865,0.9142857142857143,0.012295185226055317,0.9482592414843254,0.0033128269124439963,0.07131147714069341,0.0014601738840960554,donor_grouped,False,flat,,
logistic_l2,9,C=1.0,0.9536458333333334,0.002481398499658896,0.9723100365690576,0.0018868994933136645,0.9243303571428572,0.0077882512947004354,0.934375,0.005031728036871317,0.9142857142857143,0.012295185226055317,0.947702589807853,0.004624121432130157,0.06458596751803444,0.0022403375373185133,donor_grouped,False,flat,,
logistic_l2,9,C=10.0,0.9542162698412697,0.0020223392660609543,0.9726958413302456,0.0033418033121697856,0.915625,0.010964433643131741,0.93125,0.005379143536399182,0.9,0.018781205660633717,0.943046126077264,0.005881291202857916,0.0672539307137213,0.002559146040131574,donor_grouped,False,flat,,
logistic_l2,9,C=100.0,0.9483382936507937,0.003555951454686835,0.9694509599109166,0.005242627760279306,0.8924107142857143,0.006016110556729227,0.9229166666666666,0.012226956153929887,0.8619047619047618,0.015058465048420852,0.9306430717055381,0.005271740285997529,0.07771190528783851,0.003733554620853371,donor_grouped,False,flat,,
logistic_l2,10,C=0.01,0.9583333333333334,0.001956375589649384,0.974612646944425,0.0030391971531500616,0.9195684523809524,0.0025158640184356437,0.934375,0.00503172803687131,0.9047619047619048,0.0,0.9456975772765246,0.00269031407151016,0.13304129021299707,0.0015271808633334305,donor_grouped,False,flat,,
logistic_l2,10,C=0.1,0.9574404761904761,0.001020588582143548,0.9748594837170448,0.0018047564791481428,0.9200892857142857,0.0021960261528946863,0.9354166666666666,0.0043920523057893865,0.9047619047619048,0.0,0.9462545252018936,0.0023482986430285995,0.07165649268927018,0.001240616817822688,donor_grouped,False,flat,,
logistic_l2,10,C=1.0,0.9533978174603174,0.003168504565653631,0.9727809170885525,0.0030546886386281437,0.9282738095238094,0.0061475926130277045,0.9375,0.0,0.919047619047619,0.012295185226055308,0.9503759398496239,0.0025884600475905833,0.06521654682333015,0.0017770809035529667,donor_grouped,False,flat,,
logistic_l2,10,C=10.0,0.9528769841269842,0.0029967871958320046,0.9726206702964065,0.003272620023108007,0.915922619047619,0.009631194364557352,0.9270833333333334,0.006944444444444461,0.9047619047619048,0.0194403947839935,0.941802497606839,0.004904175103954127,0.06844877285595134,0.0019400601379703907,donor_grouped,False,flat,,
logistic_l2,10,C=100.0,0.9484623015873016,0.00431766121780098,0.9685911362194479,0.0057484266560625654,0.897172619047619,0.006242909810536618,0.9229166666666666,0.008784104611578887,0.8714285714285713,0.016647759494764332,0.9326228072657103,0.003476631772198174,0.0776501323251329,0.0036962730926304345,donor_grouped,False,flat,,
logistic_l1,2,C=1.0,0.9512400793650795,0.008118032648901574,0.970357668525906,0.008629498997445932,0.9125,0.012729763506709756,0.9416666666666667,0.011197580205970201,0.8833333333333334,0.020847500851688426,0.9451008082184954,0.007968750408391215,0.07465551362530229,0.0043804106165449275,donor_grouped,False,nested,50.0,"k=2,C=1.0 x12; k=0,C=0.1 x9; k=2,C=0.1 x9; k=2,C=100.0 x5; k=6,C=1.0 x4; k=3,C=0.1 x3; k=1,C=100.0 x2; k=4,C=0.1 x2; k=6,C=10.0 x1; k=9,C=10.0 x1; k=6,C=100.0 x1; k=3,C=1.0 x1"
logistic_l2,2,C=100.0,0.9469990079365079,0.0069523626594560385,0.9682108421045561,0.0039647683770919675,0.9126488095238094,0.012897779268754279,0.9395833333333334,0.0065880784586841035,0.8857142857142858,0.021879442463635292,0.9445126641866446,0.006986528422314972,0.09743715464136764,0.00801084626638295,donor_grouped,False,nested,50.0,"k=2,C=100.0 x10; k=3,C=0.01 x4; k=4,C=0.01 x4; k=6,C=0.1 x3; k=3,C=0.1 x3; k=2,C=0.01 x3; k=6,C=0.01 x3; k=2,C=0.1 x2; k=2,C=1.0 x2; k=2,C=10.0 x2; k=5,C=0.01 x2; k=8,C=0.01 x2; k=1,C=100.0 x2; k=6,C=1.0 x2; k=9,C=0.01 x2; k=4,C=0.1 x1; k=0,C=0.1 x1; k=7,C=0.1 x1; k=7,C=100.0 x1"
logistic_l1,0,C=0.01,0.48387896825396826,,0.6541948234006605,,0.5,,0.0,,1.0,,0.0,,0.2567426026464226,,loco,False,flat,,
logistic_l1,0,C=0.1,0.9496527777777778,,0.9456648118665956,,0.8958333333333334,,0.9583333333333334,,0.8333333333333334,,0.9435897435897436,,0.08428566210948489,,loco,False,flat,,
logistic_l1,0,C=1.0,0.9471726190476191,,0.9446113791525881,,0.8921130952380952,,0.9270833333333334,,0.8571428571428571,,0.9319371727748691,,0.06817372884178169,,loco,False,flat,,
logistic_l1,0,C=10.0,0.9474206349206349,,0.9575827672230638,,0.9040178571428572,,0.9270833333333334,,0.8809523809523809,,0.9368421052631579,,0.06876426671746734,,loco,False,flat,,
logistic_l1,0,C=100.0,0.9469246031746031,,0.9572385890296746,,0.9040178571428572,,0.9270833333333334,,0.8809523809523809,,0.9368421052631579,,0.06890196924630809,,loco,False,flat,,
logistic_l1,1,C=0.01,0.47346230158730157,,0.6552284316960006,,0.5,,0.0,,1.0,,0.0,,0.2557369151552669,,loco,False,flat,,
logistic_l1,1,C=0.1,0.9521329365079364,,0.96382820607259,,0.9077380952380952,,0.9583333333333334,,0.8571428571428571,,0.9484536082474226,,0.0839983078816146,,loco,False,flat,,
logistic_l1,1,C=1.0,0.9424603174603174,,0.9567826058484034,,0.9092261904761905,,0.9375,,0.8809523809523809,,0.9424083769633508,,0.06973967859119803,,loco,False,flat,,
logistic_l1,1,C=10.0,0.9375,,0.9441396082302497,,0.9040178571428572,,0.9270833333333334,,0.8809523809523809,,0.9368421052631579,,0.0690712613697961,,loco,False,flat,,
logistic_l1,1,C=100.0,0.9375,,0.9441396082302497,,0.9040178571428572,,0.9270833333333334,,0.8809523809523809,,0.9368421052631579,,0.06901506206592287,,loco,False,flat,,
logistic_l1,2,C=0.01,0.47619047619047616,,0.6619649176019509,,0.5,,0.0,,1.0,,0.0,,0.2551811399320141,,loco,False,flat,,
logistic_l1,2,C=0.1,0.9660218253968254,,0.9827525129039665,,0.9092261904761905,,0.9375,,0.8809523809523809,,0.9424083769633508,,0.07449272959867523,,loco,False,flat,,
logistic_l1,2,C=1.0,0.9627976190476191,,0.9795041024216588,,0.8973214285714286,,0.9375,,0.8571428571428571,,0.9375,,0.0631217766400405,,loco,False,flat,,
logistic_l1,2,C=10.0,0.9573412698412698,,0.9756306220576557,,0.9278273809523809,,0.9270833333333334,,0.9285714285714286,,0.9468085106382979,,0.06959495914174967,,loco,False,flat,,
logistic_l1,2,C=100.0,0.9585813492063492,,0.9766833163436189,,0.9226190476190477,,0.9166666666666666,,0.9285714285714286,,0.9411764705882353,,0.07110569006842214,,loco,False,flat,,
logistic_l1,3,C=0.01,0.44543650793650796,,0.6449488907520522,,0.5,,0.0,,1.0,,0.0,,0.2542613736535364,,loco,False,flat,,
logistic_l1,3,C=0.1,0.9665178571428572,,0.9829184754504718,,0.9092261904761905,,0.9375,,0.8809523809523809,,0.9424083769633508,,0.07422196580784578,,loco,False,flat,,
logistic_l1,3,C=1.0,0.9627976190476191,,0.9795041024216588,,0.8973214285714286,,0.9375,,0.8571428571428571,,0.9375,,0.06307671686230189,,loco,False,flat,,
logistic_l1,3,C=10.0,0.951140873015873,,0.972219693434025,,0.9278273809523809,,0.9270833333333334,,0.9285714285714286,,0.9468085106382979,,0.07095898077130892,,loco,False,flat,,
logistic_l1,3,C=100.0,0.9506448412698413,,0.9727515876863057,,0.9226190476190477,,0.9166666666666666,,0.9285714285714286,,0.9411764705882353,,0.0728647601877112,,loco,False,flat,,
logistic_l1,4,C=0.01,0.4461805555555556,,0.6450350422313551,,0.5,,0.0,,1.0,,0.0,,0.25413821157266875,,loco,False,flat,,
logistic_l1,4,C=0.1,0.9662698412698413,,0.9827532189724177,,0.9092261904761905,,0.9375,,0.8809523809523809,,0.9424083769633508,,0.07433325741256082,,loco,False,flat,,
logistic_l1,4,C=1.0,0.9610615079365079,,0.9797477217239486,,0.9211309523809523,,0.9375,,0.9047619047619048,,0.9473684210526315,,0.06517799738182661,,loco,False,flat,,
logistic_l1,4,C=10.0,0.9451884920634921,,0.9684542469162543,,0.9278273809523809,,0.9270833333333334,,0.9285714285714286,,0.9468085106382979,,0.07333253946308069,,loco,False,flat,,
logistic_l1,4,C=100.0,0.943700396825397,,0.9672053415427181,,0.9226190476190477,,0.9166666666666666,,0.9285714285714286,,0.9411764705882353,,0.07504655971199956,,loco,False,flat,,
logistic_l1,5,C=0.01,0.43105158730158727,,0.6348388655780092,,0.5,,0.0,,1.0,,0.0,,0.25366250289609726,,loco,False,flat,,
logistic_l1,5,C=0.1,0.9662698412698413,,0.9827532189724177,,0.9092261904761905,,0.9375,,0.8809523809523809,,0.9424083769633508,,0.07432996737508842,,loco,False,flat,,
logistic_l1,5,C=1.0,0.9605654761904763,,0.979358567816135,,0.9211309523809523,,0.9375,,0.9047619047619048,,0.9473684210526315,,0.0653388719931782,,loco,False,flat,,
logistic_l1,5,C=10.0,0.9409722222222223,,0.9656372672687464,,0.9159226190476191,,0.9270833333333334,,0.9047619047619048,,0.9417989417989417,,0.07689009172903682,,loco,False,flat,,
logistic_l1,5,C=100.0,0.9399801587301587,,0.9647716261355307,,0.9107142857142857,,0.9166666666666666,,0.9047619047619048,,0.9361702127659575,,0.07954830427709055,,loco,False,flat,,
logistic_l1,6,C=0.01,0.4228670634920635,,0.6333898334568588,,0.49851190476190477,,0.020833333333333332,,0.9761904761904762,,0.04040404040404041,,0.25326719301035727,,loco,False,flat,,
logistic_l1,6,C=0.1,0.9662698412698413,,0.9827532189724177,,0.9092261904761905,,0.9375,,0.8809523809523809,,0.9424083769633508,,0.07433147049370811,,loco,False,flat,,
logistic_l1,6,C=1.0,0.9590773809523809,,0.9776920824960273,,0.9211309523809523,,0.9375,,0.9047619047619048,,0.9473684210526315,,0.06494245098743176,,loco,False,flat,,
logistic_l1,6,C=10.0,0.957093253968254,,0.9737197616280202,,0.9040178571428572,,0.9270833333333334,,0.8809523809523809,,0.9368421052631579,,0.07095786974907888,,loco,False,flat,,
logistic_l1,6,C=100.0,0.9580853174603174,,0.9735354718789602,,0.9040178571428572,,0.9270833333333334,,0.8809523809523809,,0.9368421052631579,,0.07188157379105022,,loco,False,flat,,
logistic_l1,7,C=0.01,0.42038690476190477,,0.6317815993149816,,0.5037202380952381,,0.03125,,0.9761904761904762,,0.06,,0.253010807400193,,loco,False,flat,,
logistic_l1,7,C=0.1,0.9662698412698413,,0.9827532189724177,,0.9092261904761905,,0.9375,,0.8809523809523809,,0.9424083769633508,,0.07433217131737305,,loco,False,flat,,
logistic_l1,7,C=1.0,0.9590773809523809,,0.9776920824960273,,0.9211309523809523,,0.9375,,0.9047619047619048,,0.9473684210526315,,0.06492919518894658,,loco,False,flat,,
logistic_l1,7,C=10.0,0.9548611111111112,,0.9732468675543735,,0.9040178571428572,,0.9270833333333334,,0.8809523809523809,,0.9368421052631579,,0.07242732008306525,,loco,False,flat,,
logistic_l1,7,C=100.0,0.951140873015873,,0.9708833038281947,,0.9040178571428572,,0.9270833333333334,,0.8809523809523809,,0.9368421052631579,,0.07469401789003195,,loco,False,flat,,
logistic_l1,8,C=0.01,0.4072420634920635,,0.6338776872883419,,0.5037202380952381,,0.03125,,0.9761904761904762,,0.06,,0.252761740019627,,loco,False,flat,,
logistic_l1,8,C=0.1,0.9662698412698413,,0.9827532189724177,,0.9092261904761905,,0.9375,,0.8809523809523809,,0.9424083769633508,,0.07433345742973463,,loco,False,flat,,
logistic_l1,8,C=1.0,0.9590773809523809,,0.9776920824960273,,0.9211309523809523,,0.9375,,0.9047619047619048,,0.9473684210526315,,0.06492606073541168,,loco,False,flat,,
logistic_l1,8,C=10.0,0.9506448412698413,,0.9712431158483603,,0.9159226190476191,,0.9270833333333334,,0.9047619047619048,,0.9417989417989417,,0.07104806846911618,,loco,False,flat,,
logistic_l1,8,C=100.0,0.9506448412698413,,0.970568804328464,,0.9040178571428572,,0.9270833333333334,,0.8809523809523809,,0.9368421052631579,,0.072931752519339,,loco,False,flat,,
logistic_l1,9,C=0.01,0.4466765873015873,,0.6688305879825591,,0.5037202380952381,,0.03125,,0.9761904761904762,,0.06,,0.25256766549478477,,loco,False,flat,,
logistic_l1,9,C=0.1,0.9662698412698413,,0.9827532189724177,,0.9092261904761905,,0.9375,,0.8809523809523809,,0.9424083769633508,,0.07433211102063822,,loco,False,flat,,
logistic_l1,9,C=1.0,0.9590773809523809,,0.9776920824960273,,0.9211309523809523,,0.9375,,0.9047619047619048,,0.9473684210526315,,0.06491755421103862,,loco,False,flat,,
logistic_l1,9,C=10.0,0.9499007936507936,,0.9711161033239685,,0.8921130952380952,,0.9270833333333334,,0.8571428571428571,,0.9319371727748691,,0.07241197002884556,,loco,False,flat,,
logistic_l1,9,C=100.0,0.9501488095238095,,0.9707126801124395,,0.8921130952380952,,0.9270833333333334,,0.8571428571428571,,0.9319371727748691,,0.0748596447341983,,loco,False,flat,,
logistic_l1,10,C=0.01,0.4942956349206349,,0.7116809881898445,,0.5037202380952381,,0.03125,,0.9761904761904762,,0.06,,0.2523311294378555,,loco,False,flat,,
logistic_l1,10,C=0.1,0.9662698412698413,,0.9827532189724177,,0.9092261904761905,,0.9375,,0.8809523809523809,,0.9424083769633508,,0.07433229803751198,,loco,False,flat,,
logistic_l1,10,C=1.0,0.9590773809523809,,0.9777657773617157,,0.9211309523809523,,0.9375,,0.9047619047619048,,0.9473684210526315,,0.0658413340127271,,loco,False,flat,,
logistic_l1,10,C=10.0,0.9506448412698413,,0.9715816387019747,,0.9159226190476191,,0.9270833333333334,,0.9047619047619048,,0.9417989417989417,,0.07371333192837341,,loco,False,flat,,
logistic_l1,10,C=100.0,0.9526289682539683,,0.9704301214287419,,0.9040178571428572,,0.9270833333333334,,0.8809523809523809,,0.9368421052631579,,0.07463820386879445,,loco,False,flat,,
logistic_l2,0,C=0.01,0.9437003968253969,,0.9617431456370722,,0.8824404761904762,,0.9791666666666666,,0.7857142857142857,,0.9447236180904522,,0.17997799443708534,,loco,False,flat,,
logistic_l2,0,C=0.1,0.9508928571428571,,0.9607862060110437,,0.8958333333333334,,0.9583333333333334,,0.8333333333333334,,0.9435897435897436,,0.0971088602309318,,loco,False,flat,,
logistic_l2,0,C=1.0,0.9501488095238094,,0.9619697289133982,,0.8973214285714286,,0.9375,,0.8571428571428571,,0.9375,,0.07101028540699032,,loco,False,flat,,
logistic_l2,0,C=10.0,0.9479166666666665,,0.9593823703976669,,0.9040178571428572,,0.9270833333333334,,0.8809523809523809,,0.9368421052631579,,0.0688523293730614,,loco,False,flat,,
logistic_l2,0,C=100.0,0.9469246031746031,,0.9572385890296746,,0.9040178571428572,,0.9270833333333334,,0.8809523809523809,,0.9368421052631579,,0.06890979604249248,,loco,False,flat,,
logistic_l2,1,C=0.01,0.9476686507936507,,0.9650194947612163,,0.9248511904761905,,0.96875,,0.8809523809523809,,0.9587628865979382,,0.15984592130370343,,loco,False,flat,,
logistic_l2,1,C=0.1,0.9474206349206349,,0.9645537581703627,,0.9144345238095237,,0.9479166666666666,,0.8809523809523809,,0.9479166666666666,,0.08517174820251935,,loco,False,flat,,
logistic_l2,1,C=1.0,0.9429563492063492,,0.9565276817622937,,0.9040178571428572,,0.9270833333333334,,0.8809523809523809,,0.9368421052631579,,0.07006624174013877,,loco,False,flat,,
logistic_l2,1,C=10.0,0.9377480158730158,,0.9466885407500341,,0.9040178571428572,,0.9270833333333334,,0.8809523809523809,,0.9368421052631579,,0.068925478680837,,loco,False,flat,,
logistic_l2,1,C=100.0,0.9375,,0.9441396082302497,,0.9040178571428572,,0.9270833333333334,,0.8809523809523809,,0.9368421052631579,,0.06898902619470355,,loco,False,flat,,
logistic_l2,2,C=0.01,0.9627976190476191,,0.9797056236189517,,0.8973214285714286,,0.9375,,0.8571428571428571,,0.9375,,0.14561919845103713,,loco,False,flat,,
logistic_l2,2,C=0.1,0.9595734126984126,,0.9772667360889944,,0.9025297619047619,,0.9479166666666666,,0.8571428571428571,,0.9430051813471503,,0.07475034477935555,,loco,False,flat,,
logistic_l2,2,C=1.0,0.9595734126984127,,0.9769435647739656,,0.8973214285714286,,0.9375,,0.8571428571428571,,0.9375,,0.06455714003387032,,loco,False,flat,,
logistic_l2,2,C=10.0,0.9590773809523809,,0.976947217671317,,0.9278273809523809,,0.9270833333333334,,0.9285714285714286,,0.9468085106382979,,0.06724216371319065,,loco,False,flat,,
logistic_l2,2,C=100.0,0.9580853174603174,,0.9764112776771057,,0.9226190476190477,,0.9166666666666666,,0.9285714285714286,,0.9411764705882353,,0.07082709426306653,,loco,False,flat,,
logistic_l2,3,C=0.01,0.9608134920634921,,0.9760562622598025,,0.8973214285714286,,0.9375,,0.8571428571428571,,0.9375,,0.13975569685007103,,loco,False,flat,,
logistic_l2,3,C=0.1,0.9598214285714285,,0.9768470994665647,,0.8973214285714286,,0.9375,,0.8571428571428571,,0.9375,,0.07299341314414488,,loco,False,flat,,
logistic_l2,3,C=1.0,0.9546130952380953,,0.9732465696022801,,0.9092261904761905,,0.9375,,0.8809523809523809,,0.9424083769633508,,0.06533894411870028,,loco,False,flat,,
logistic_l2,3,C=10.0,0.953125,,0.9742389301255009,,0.9159226190476191,,0.9270833333333334,,0.9047619047619048,,0.9417989417989417,,0.06846672108023903,,loco,False,flat,,
logistic_l2,3,C=100.0,0.951140873015873,,0.9728409883369101,,0.9226190476190477,,0.9166666666666666,,0.9285714285714286,,0.9411764705882353,,0.0726273806033066,,loco,False,flat,,
logistic_l2,4,C=0.01,0.9613095238095238,,0.9769827236944424,,0.9159226190476191,,0.9270833333333334,,0.9047619047619048,,0.9417989417989417,,0.13294446511782992,,loco,False,flat,,
logistic_l2,4,C=0.1,0.9605654761904762,,0.9767798087500399,,0.9159226190476191,,0.9270833333333334,,0.9047619047619048,,0.9417989417989417,,0.0722305090647985,,loco,False,flat,,
logistic_l2,4,C=1.0,0.955109126984127,,0.9744184244473569,,0.9211309523809523,,0.9375,,0.9047619047619048,,0.9473684210526315,,0.06586935303149001,,loco,False,flat,,
logistic_l2,4,C=10.0,0.951140873015873,,0.9735746469335393,,0.9278273809523809,,0.9270833333333334,,0.9285714285714286,,0.9468085106382979,,0.07046194678694623,,loco,False,flat,,
logistic_l2,4,C=100.0,0.9439484126984128,,0.9675773653522419,,0.9226190476190477,,0.9166666666666666,,0.9285714285714286,,0.9411764705882353,,0.07479814033046361,,loco,False,flat,,
logistic_l2,5,C=0.01,0.9608134920634921,,0.9768020436994836,,0.9159226190476191,,0.9270833333333334,,0.9047619047619048,,0.9417989417989417,,0.13315100908368,,loco,False,flat,,
logistic_l2,5,C=0.1,0.9588293650793651,,0.9760820135703927,,0.9159226190476191,,0.9270833333333334,,0.9047619047619048,,0.9417989417989417,,0.07275377630849343,,loco,False,flat,,
logistic_l2,5,C=1.0,0.951140873015873,,0.9710706406793701,,0.9211309523809523,,0.9375,,0.9047619047619048,,0.9473684210526315,,0.06729779909409128,,loco,False,flat,,
logistic_l2,5,C=10.0,0.9459325396825398,,0.9692050259373348,,0.9159226190476191,,0.9270833333333334,,0.9047619047619048,,0.9417989417989417,,0.07301729556029928,,loco,False,flat,,
logistic_l2,5,C=100.0,0.9404761904761905,,0.9653745069658931,,0.9107142857142857,,0.9166666666666666,,0.9047619047619048,,0.9361702127659575,,0.07916269669882875,,loco,False,flat,,
logistic_l2,6,C=0.01,0.963045634920635,,0.9784225369391301,,0.9159226190476191,,0.9270833333333334,,0.9047619047619048,,0.9417989417989417,,0.13307773121172117,,loco,False,flat,,
logistic_l2,6,C=0.1,0.9608134920634921,,0.9774797704399216,,0.9159226190476191,,0.9270833333333334,,0.9047619047619048,,0.9417989417989417,,0.0715664976917642,,loco,False,flat,,
logistic_l2,6,C=1.0,0.9598214285714286,,0.9776917413620293,,0.9211309523809523,,0.9375,,0.9047619047619048,,0.9473684210526315,,0.06374498451784218,,loco,False,flat,,
logistic_l2,6,C=10.0,0.9620535714285714,,0.9783850338912846,,0.9159226190476191,,0.9270833333333334,,0.9047619047619048,,0.9417989417989417,,0.0662671981579372,,loco,False,flat,,
logistic_l2,6,C=100.0,0.9583333333333333,,0.9736312210372093,,0.9040178571428572,,0.9270833333333334,,0.8809523809523809,,0.9368421052631579,,0.07120657883514461,,loco,False,flat,,
logistic_l2,7,C=0.01,0.9590773809523809,,0.9759806453869788,,0.9159226190476191,,0.9270833333333334,,0.9047619047619048,,0.9417989417989417,,0.1296779168156555,,loco,False,flat,,
logistic_l2,7,C=0.1,0.9593253968253967,,0.9765920349683952,,0.9159226190476191,,0.9270833333333334,,0.9047619047619048,,0.9417989417989417,,0.07057948494455753,,loco,False,flat,,
logistic_l2,7,C=1.0,0.957093253968254,,0.9756761088658752,,0.9211309523809523,,0.9375,,0.9047619047619048,,0.9473684210526315,,0.06465957639720546,,loco,False,flat,,
logistic_l2,7,C=10.0,0.9605654761904763,,0.9780332856997924,,0.9159226190476191,,0.9270833333333334,,0.9047619047619048,,0.9417989417989417,,0.0682555306051926,,loco,False,flat,,
logistic_l2,7,C=100.0,0.9528769841269841,,0.9719092129646956,,0.9040178571428572,,0.9270833333333334,,0.8809523809523809,,0.9368421052631579,,0.07408726328263002,,loco,False,flat,,
logistic_l2,8,C=0.01,0.9603174603174603,,0.9761574206739132,,0.9159226190476191,,0.9270833333333334,,0.9047619047619048,,0.9417989417989417,,0.1295126244724654,,loco,False,flat,,
logistic_l2,8,C=0.1,0.9590773809523809,,0.9766180526860653,,0.9159226190476191,,0.9270833333333334,,0.9047619047619048,,0.9417989417989417,,0.07046126478334397,,loco,False,flat,,
logistic_l2,8,C=1.0,0.9518849206349207,,0.970986078387294,,0.9211309523809523,,0.9375,,0.9047619047619048,,0.9473684210526315,,0.06470482520905838,,loco,False,flat,,
logistic_l2,8,C=10.0,0.9541170634920635,,0.9733886511780969,,0.9159226190476191,,0.9270833333333334,,0.9047619047619048,,0.9417989417989417,,0.06823157086756768,,loco,False,flat,,
logistic_l2,8,C=100.0,0.951140873015873,,0.9713762255454759,,0.9040178571428572,,0.9270833333333334,,0.8809523809523809,,0.9368421052631579,,0.07187082216322738,,loco,False,flat,,
logistic_l2,9,C=0.01,0.9600694444444444,,0.976054506870935,,0.9159226190476191,,0.9270833333333334,,0.9047619047619048,,0.9417989417989417,,0.1296273310778865,,loco,False,flat,,
logistic_l2,9,C=0.1,0.9585813492063493,,0.9763398106470931,,0.9159226190476191,,0.9270833333333334,,0.9047619047619048,,0.9417989417989417,,0.07058366801769216,,loco,False,flat,,
logistic_l2,9,C=1.0,0.9518849206349207,,0.9712111823673022,,0.9211309523809523,,0.9375,,0.9047619047619048,,0.9473684210526315,,0.0655023793083158,,loco,False,flat,,
logistic_l2,9,C=10.0,0.9541170634920635,,0.9732567128880127,,0.8921130952380952,,0.9270833333333334,,0.8571428571428571,,0.9319371727748691,,0.06938840305693107,,loco,False,flat,,
logistic_l2,9,C=100.0,0.9518849206349207,,0.972091702213522,,0.8921130952380952,,0.9270833333333334,,0.8571428571428571,,0.9319371727748691,,0.0736731179247232,,loco,False,flat,,
logistic_l2,10,C=0.01,0.957093253968254,,0.9752224575351238,,0.9159226190476191,,0.9270833333333334,,0.9047619047619048,,0.9417989417989417,,0.1296309494182587,,loco,False,flat,,
logistic_l2,10,C=0.1,0.9573412698412699,,0.9754097861246631,,0.9159226190476191,,0.9270833333333334,,0.9047619047619048,,0.9417989417989417,,0.0710013302206188,,loco,False,flat,,
logistic_l2,10,C=1.0,0.9528769841269842,,0.9720965200913709,,0.9330357142857143,,0.9375,,0.9285714285714286,,0.9523809523809523,,0.06644899469850508,,loco,False,flat,,
logistic_l2,10,C=10.0,0.955109126984127,,0.9746102712803412,,0.9159226190476191,,0.9270833333333334,,0.9047619047619048,,0.9417989417989417,,0.07079292466665356,,loco,False,flat,,
logistic_l2,10,C=100.0,0.9518849206349207,,0.9715700285939441,,0.9040178571428572,,0.9270833333333334,,0.8809523809523809,,0.9368421052631579,,0.07395820563171936,,loco,False,flat,,
logistic_l1,2,C=0.1,0.9303075396825397,,0.9541797792810667,,0.9107142857142857,,0.9166666666666666,,0.9047619047619048,,0.9361702127659575,,0.08015924686302035,,loco,False,nested,138.0,"k=2,C=0.1 x49; k=10,C=100.0 x23; k=2,C=100.0 x18; k=6,C=100.0 x13; k=2,C=1.0 x10; k=6,C=1.0 x7; k=7,C=100.0 x5; k=4,C=1.0 x3; k=3,C=10.0 x2; k=9,C=100.0 x1; k=7,C=1.0 x1; k=3,C=0.1 x1; k=2,C=10.0 x1; k=4,C=0.1 x1; k=3,C=100.0 x1; k=6,C=10.0 x1; k=3,C=1.0 x1"
logistic_l2,2,C=100.0,0.9419642857142857,,0.9635503684260952,,0.8936011904761905,,0.90625,,0.8809523809523809,,0.925531914893617,,0.08336278203488413,,loco,False,nested,138.0,"k=2,C=100.0 x66; k=10,C=100.0 x44; k=6,C=100.0 x7; k=3,C=100.0 x3; k=2,C=10.0 x3; k=9,C=100.0 x3; k=6,C=10.0 x3; k=6,C=0.1 x2; k=6,C=1.0 x2; k=2,C=1.0 x1; k=5,C=0.1 x1; k=7,C=10.0 x1; k=7,C=100.0 x1; k=9,C=0.01 x1"
logistic_l1,0,C=0.01,0.3913690476190476,,0.6945048863425254,,0.47693452380952384,,0.23958333333333334,,0.7142857142857143,,0.3511450381679389,,0.25803518824002986,,lodo,False,flat,,
logistic_l1,0,C=0.1,0.9506448412698412,,0.9591894384935218,,0.8958333333333334,,0.9583333333333334,,0.8333333333333334,,0.9435897435897436,,0.08613499126754573,,lodo,False,flat,,
logistic_l1,0,C=1.0,0.9474206349206349,,0.9498935990461888,,0.9040178571428572,,0.9270833333333334,,0.8809523809523809,,0.9368421052631579,,0.06876175214447379,,lodo,False,flat,,
logistic_l1,0,C=10.0,0.9454365079365079,,0.9490061519795682,,0.9040178571428572,,0.9270833333333334,,0.8809523809523809,,0.9368421052631579,,0.06980336625523728,,lodo,False,flat,,
logistic_l1,0,C=100.0,0.945436507936508,,0.9490596897518386,,0.9040178571428572,,0.9270833333333334,,0.8809523809523809,,0.9368421052631579,,0.06996538314617631,,lodo,False,flat,,
logistic_l1,1,C=0.01,0.5071924603174603,,0.7373991177849029,,0.484375,,0.3020833333333333,,0.6666666666666666,,0.4172661870503597,,0.252900915784279,,lodo,False,flat,,
logistic_l1,1,C=0.1,0.9501488095238094,,0.9570283466040965,,0.9129464285714286,,0.96875,,0.8571428571428571,,0.9538461538461539,,0.08702710036676836,,lodo,False,flat,,
logistic_l1,1,C=1.0,0.9422123015873016,,0.9499935016187353,,0.9092261904761905,,0.9375,,0.8809523809523809,,0.9424083769633508,,0.06985914280642824,,lodo,False,flat,,
logistic_l1,1,C=10.0,0.9367559523809524,,0.9397566138811824,,0.9040178571428572,,0.9270833333333334,,0.8809523809523809,,0.9368421052631579,,0.0691418433183496,,lodo,False,flat,,
logistic_l1,1,C=100.0,0.9362599206349207,,0.938909144623387,,0.9040178571428572,,0.9270833333333334,,0.8809523809523809,,0.9368421052631579,,0.0691558273731652,,lodo,False,flat,,
logistic_l1,2,C=0.01,0.5009920634920635,,0.7296377895633249,,0.5252976190476191,,0.3125,,0.7380952380952381,,0.43795620437956206,,0.2519640999593712,,lodo,False,flat,,
logistic_l1,2,C=0.1,0.9675099206349207,,0.9836724060692286,,0.9144345238095237,,0.9479166666666666,,0.8809523809523809,,0.9479166666666666,,0.0763535396880641,,lodo,False,flat,,
logistic_l1,2,C=1.0,0.9625496031746033,,0.9795972388165578,,0.9092261904761905,,0.9375,,0.8809523809523809,,0.9424083769633508,,0.061535454379334935,,lodo,False,flat,,
logistic_l1,2,C=10.0,0.9556051587301587,,0.9753487249156441,,0.9159226190476191,,0.9270833333333334,,0.9047619047619048,,0.9417989417989417,,0.06796055531416378,,lodo,False,flat,,
logistic_l1,2,C=100.0,0.9561011904761905,,0.975698594956099,,0.9159226190476191,,0.9270833333333334,,0.9047619047619048,,0.9417989417989417,,0.06992791628124993,,lodo,False,flat,,
logistic_l1,3,C=0.01,0.5064484126984127,,0.7308842555361381,,0.47470238095238093,,0.3541666666666667,,0.5952380952380952,,0.46258503401360546,,0.2512290847227443,,lodo,False,flat,,
logistic_l1,3,C=0.1,0.9682539682539681,,0.9838676401552502,,0.9092261904761905,,0.9375,,0.8809523809523809,,0.9424083769633508,,0.07573529270101982,,lodo,False,flat,,
logistic_l1,3,C=1.0,0.9640376984126984,,0.9807592762776723,,0.9092261904761905,,0.9375,,0.8809523809523809,,0.9424083769633508,,0.06330118154150811,,lodo,False,flat,,
logistic_l1,3,C=10.0,0.9508928571428572,,0.97335410878626,,0.9226190476190477,,0.9166666666666666,,0.9285714285714286,,0.9411764705882353,,0.07146446070050934,,lodo,False,flat,,
logistic_l1,3,C=100.0,0.9499007936507937,,0.9725126683513744,,0.9226190476190477,,0.9166666666666666,,0.9285714285714286,,0.9411764705882353,,0.07390783655575134,,lodo,False,flat,,
logistic_l1,4,C=0.01,0.5329861111111112,,0.7383195079556086,,0.47470238095238093,,0.3541666666666667,,0.5952380952380952,,0.46258503401360546,,0.249455336843316,,lodo,False,flat,,
logistic_l1,4,C=0.1,0.9670138888888888,,0.9835034076436898,,0.9092261904761905,,0.9375,,0.8809523809523809,,0.9424083769633508,,0.07637215195573975,,lodo,False,flat,,
logistic_l1,4,C=1.0,0.9620535714285714,,0.9807071980860926,,0.9211309523809523,,0.9375,,0.9047619047619048,,0.9473684210526315,,0.06563223969880268,,lodo,False,flat,,
logistic_l1,4,C=10.0,0.9459325396825398,,0.9704672055160474,,0.9226190476190477,,0.9166666666666666,,0.9285714285714286,,0.9411764705882353,,0.07343819252291052,,lodo,False,flat,,
logistic_l1,4,C=100.0,0.9434523809523809,,0.9690406726306682,,0.9226190476190477,,0.9166666666666666,,0.9285714285714286,,0.9411764705882353,,0.07559647718698655,,lodo,False,flat,,
logistic_l1,5,C=0.01,0.5322420634920635,,0.738084020682551,,0.47470238095238093,,0.3541666666666667,,0.5952380952380952,,0.46258503401360546,,0.2494437296078687,,lodo,False,flat,,
logistic_l1,5,C=0.1,0.9670138888888888,,0.9835034076436898,,0.9092261904761905,,0.9375,,0.8809523809523809,,0.9424083769633508,,0.07636999488793411,,lodo,False,flat,,
logistic_l1,5,C=1.0,0.9603174603174603,,0.9796365322330705,,0.9211309523809523,,0.9375,,0.9047619047619048,,0.9473684210526315,,0.06661386313753524,,lodo,False,flat,,
logistic_l1,5,C=10.0,0.9402281746031746,,0.965877151519351,,0.9107142857142857,,0.9166666666666666,,0.9047619047619048,,0.9361702127659575,,0.07727915276992417,,lodo,False,flat,,
logistic_l1,5,C=100.0,0.939484126984127,,0.9648415984732257,,0.9107142857142857,,0.9166666666666666,,0.9047619047619048,,0.9361702127659575,,0.07938243698457909,,lodo,False,flat,,
logistic_l1,6,C=0.01,0.5121527777777778,,0.726501837952088,,0.47470238095238093,,0.3541666666666667,,0.5952380952380952,,0.46258503401360546,,0.24945067992167003,,lodo,False,flat,,
logistic_l1,6,C=0.1,0.9670138888888888,,0.9835034076436898,,0.9092261904761905,,0.9375,,0.8809523809523809,,0.9424083769633508,,0.07636926528399933,,lodo,False,flat,,
logistic_l1,6,C=1.0,0.9615575396825397,,0.9799604242827283,,0.9278273809523809,,0.9270833333333334,,0.9285714285714286,,0.9468085106382979,,0.06441338741824199,,lodo,False,flat,,
logistic_l1,6,C=10.0,0.9590773809523809,,0.9759248043189914,,0.9159226190476191,,0.9270833333333334,,0.9047619047619048,,0.9417989417989417,,0.06778549367752817,,lodo,False,flat,,
logistic_l1,6,C=100.0,0.957093253968254,,0.9729001501261569,,0.9159226190476191,,0.9270833333333334,,0.9047619047619048,,0.9417989417989417,,0.06856461509838477,,lodo,False,flat,,
logistic_l1,7,C=0.01,0.46329365079365076,,0.7061841318604141,,0.47470238095238093,,0.3541666666666667,,0.5952380952380952,,0.46258503401360546,,0.24989877418141723,,lodo,False,flat,,
logistic_l1,7,C=0.1,0.9670138888888888,,0.9835034076436898,,0.9092261904761905,,0.9375,,0.8809523809523809,,0.9424083769633508,,0.07636980450398041,,lodo,False,flat,,
logistic_l1,7,C=1.0,0.9615575396825397,,0.9801840988594267,,0.9278273809523809,,0.9270833333333334,,0.9285714285714286,,0.9468085106382979,,0.0646503452427857,,lodo,False,flat,,
logistic_l1,7,C=10.0,0.956845238095238,,0.9757251685510352,,0.9159226190476191,,0.9270833333333334,,0.9047619047619048,,0.9417989417989417,,0.07097000659745739,,lodo,False,flat,,
logistic_l1,7,C=100.0,0.9538690476190477,,0.9722000546516532,,0.9040178571428572,,0.9270833333333334,,0.8809523809523809,,0.9368421052631579,,0.07412479531509975,,lodo,False,flat,,
logistic_l1,8,C=0.01,0.4461805555555556,,0.7010391942542888,,0.47470238095238093,,0.3541666666666667,,0.5952380952380952,,0.46258503401360546,,0.2500145831590773,,lodo,False,flat,,
logistic_l1,8,C=0.1,0.9670138888888888,,0.9835034076436898,,0.9092261904761905,,0.9375,,0.8809523809523809,,0.9424083769633508,,0.07636941370341724,,lodo,False,flat,,
logistic_l1,8,C=1.0,0.9615575396825397,,0.9801840988594267,,0.9278273809523809,,0.9270833333333334,,0.9285714285714286,,0.9468085106382979,,0.06463124967576504,,lodo,False,flat,,
logistic_l1,8,C=10.0,0.9546130952380952,,0.9743126198961879,,0.9159226190476191,,0.9270833333333334,,0.9047619047619048,,0.9417989417989417,,0.06950454819983648,,lodo,False,flat,,
logistic_l1,8,C=100.0,0.9521329365079365,,0.971061583843045,,0.9040178571428572,,0.9270833333333334,,0.8809523809523809,,0.9368421052631579,,0.07301477089541225,,lodo,False,flat,,
logistic_l1,9,C=0.01,0.48239087301587297,,0.7138429330634385,,0.47470238095238093,,0.3541666666666667,,0.5952380952380952,,0.46258503401360546,,0.25011976640636335,,lodo,False,flat,,
logistic_l1,9,C=0.1,0.9670138888888888,,0.9835034076436898,,0.9092261904761905,,0.9375,,0.8809523809523809,,0.9424083769633508,,0.07636997802081807,,lodo,False,flat,,
logistic_l1,9,C=1.0,0.9613095238095237,,0.9801000363948215,,0.9278273809523809,,0.9270833333333334,,0.9285714285714286,,0.9468085106382979,,0.06482193625578396,,lodo,False,flat,,
logistic_l1,9,C=10.0,0.9503968253968254,,0.9713463025628957,,0.9159226190476191,,0.9270833333333334,,0.9047619047619048,,0.9417989417989417,,0.071244214721153,,lodo,False,flat,,
logistic_l1,9,C=100.0,0.9479166666666666,,0.9695198493822987,,0.8869047619047619,,0.9166666666666666,,0.8571428571428571,,0.9263157894736842,,0.0782402496393403,,lodo,False,flat,,
logistic_l1,10,C=0.01,0.47718253968253965,,0.7168538996026242,,0.47470238095238093,,0.3541666666666667,,0.5952380952380952,,0.46258503401360546,,0.25019757408596033,,lodo,False,flat,,
logistic_l1,10,C=0.1,0.9670138888888888,,0.9835034076436898,,0.9092261904761905,,0.9375,,0.8809523809523809,,0.9424083769633508,,0.07636944946070576,,lodo,False,flat,,
logistic_l1,10,C=1.0,0.9613095238095238,,0.9799577823225405,,0.9278273809523809,,0.9270833333333334,,0.9285714285714286,,0.9468085106382979,,0.0661257407003628,,lodo,False,flat,,
logistic_l1,10,C=10.0,0.9506448412698412,,0.9709786924386933,,0.9159226190476191,,0.9270833333333334,,0.9047619047619048,,0.9417989417989417,,0.07113295537526289,,lodo,False,flat,,
logistic_l1,10,C=100.0,0.9508928571428571,,0.9694589273274503,,0.9040178571428572,,0.9270833333333334,,0.8809523809523809,,0.9368421052631579,,0.07390244927739034,,lodo,False,flat,,
logistic_l2,0,C=0.01,0.9417162698412698,,0.9643431251320632,,0.8705357142857142,,0.9791666666666666,,0.7619047619047619,,0.94,,0.185024036780454,,lodo,False,flat,,
logistic_l2,0,C=0.1,0.9461805555555556,,0.9491959123998852,,0.8958333333333334,,0.9583333333333334,,0.8333333333333334,,0.9435897435897436,,0.10248122448985968,,lodo,False,flat,,
logistic_l2,0,C=1.0,0.9469246031746031,,0.9495873894166597,,0.8921130952380952,,0.9270833333333334,,0.8571428571428571,,0.9319371727748691,,0.0730597495626921,,lodo,False,flat,,
logistic_l2,0,C=10.0,0.945436507936508,,0.9490596897518386,,0.9040178571428572,,0.9270833333333334,,0.8809523809523809,,0.9368421052631579,,0.07001239903750103,,lodo,False,flat,,
logistic_l2,0,C=100.0,0.945436507936508,,0.9490596897518386,,0.9040178571428572,,0.9270833333333334,,0.8809523809523809,,0.9368421052631579,,0.06998474711233804,,lodo,False,flat,,
logistic_l2,1,C=0.01,0.9461805555555556,,0.964189853154688,,0.9248511904761905,,0.96875,,0.8809523809523809,,0.9587628865979382,,0.16398500550677267,,lodo,False,flat,,
logistic_l2,1,C=0.1,0.9464285714285715,,0.9627511505348061,,0.9144345238095237,,0.9479166666666666,,0.8809523809523809,,0.9479166666666666,,0.08828185840040526,,lodo,False,flat,,
logistic_l2,1,C=1.0,0.9424603174603174,,0.9511363087143054,,0.9040178571428572,,0.9270833333333334,,0.8809523809523809,,0.9368421052631579,,0.07105124255413706,,lodo,False,flat,,
logistic_l2,1,C=10.0,0.9365079365079365,,0.9395688479118597,,0.9040178571428572,,0.9270833333333334,,0.8809523809523809,,0.9368421052631579,,0.06925324161496776,,lodo,False,flat,,
logistic_l2,1,C=100.0,0.9362599206349207,,0.938909144623387,,0.9040178571428572,,0.9270833333333334,,0.8809523809523809,,0.9368421052631579,,0.0691632828260777,,lodo,False,flat,,
logistic_l2,2,C=0.01,0.9627976190476191,,0.9794664530100772,,0.9129464285714286,,0.96875,,0.8571428571428571,,0.9538461538461539,,0.14766517462073592,,lodo,False,flat,,
logistic_l2,2,C=0.1,0.9605654761904763,,0.9783307954774234,,0.9129464285714286,,0.96875,,0.8571428571428571,,0.9538461538461539,,0.07505727790676454,,lodo,False,flat,,
logistic_l2,2,C=1.0,0.9585813492063492,,0.9759999095140546,,0.8973214285714286,,0.9375,,0.8571428571428571,,0.9375,,0.06307645968487627,,lodo,False,flat,,
logistic_l2,2,C=10.0,0.957093253968254,,0.9758977544505721,,0.9211309523809523,,0.9375,,0.9047619047619048,,0.9473684210526315,,0.06563224853389643,,lodo,False,flat,,
logistic_l2,2,C=100.0,0.9563492063492063,,0.9758191050314368,,0.9159226190476191,,0.9270833333333334,,0.9047619047619048,,0.9417989417989417,,0.06955601080058973,,lodo,False,flat,,
logistic_l2,3,C=0.01,0.9635416666666667,,0.9802690666562345,,0.8973214285714286,,0.9375,,0.8571428571428571,,0.9375,,0.1395978743891976,,lodo,False,flat,,
logistic_l2,3,C=0.1,0.9637896825396826,,0.9804181048382483,,0.8973214285714286,,0.9375,,0.8571428571428571,,0.9375,,0.07303173545499121,,lodo,False,flat,,
logistic_l2,3,C=1.0,0.9573412698412699,,0.977036403261089,,0.9092261904761905,,0.9375,,0.8809523809523809,,0.9424083769633508,,0.06534059041495562,,lodo,False,flat,,
logistic_l2,3,C=10.0,0.9533730158730158,,0.9747920209243006,,0.9159226190476191,,0.9270833333333334,,0.9047619047619048,,0.9417989417989417,,0.06894769995361966,,lodo,False,flat,,
logistic_l2,3,C=100.0,0.9501488095238095,,0.97283740516493,,0.9226190476190477,,0.9166666666666666,,0.9285714285714286,,0.9411764705882353,,0.07354530253748721,,lodo,False,flat,,
logistic_l2,4,C=0.01,0.964781746031746,,0.9810249365143728,,0.9159226190476191,,0.9270833333333334,,0.9047619047619048,,0.9417989417989417,,0.13266220374939958,,lodo,False,flat,,
logistic_l2,4,C=0.1,0.9637896825396826,,0.9802124470399856,,0.9159226190476191,,0.9270833333333334,,0.9047619047619048,,0.9417989417989417,,0.0716802798572222,,lodo,False,flat,,
logistic_l2,4,C=1.0,0.957093253968254,,0.9775207717780345,,0.9211309523809523,,0.9375,,0.9047619047619048,,0.9473684210526315,,0.06589069749128237,,lodo,False,flat,,
logistic_l2,4,C=10.0,0.9518849206349207,,0.9755715092093935,,0.9226190476190477,,0.9166666666666666,,0.9285714285714286,,0.9411764705882353,,0.07044503469750373,,lodo,False,flat,,
logistic_l2,4,C=100.0,0.9437003968253969,,0.9691334944128464,,0.9226190476190477,,0.9166666666666666,,0.9285714285714286,,0.9411764705882353,,0.07523176604486519,,lodo,False,flat,,
logistic_l2,5,C=0.01,0.9635416666666667,,0.979989453877452,,0.9159226190476191,,0.9270833333333334,,0.9047619047619048,,0.9417989417989417,,0.13301006680801009,,lodo,False,flat,,
logistic_l2,5,C=0.1,0.9620535714285714,,0.9794274531953646,,0.9159226190476191,,0.9270833333333334,,0.9047619047619048,,0.9417989417989417,,0.07278631981518746,,lodo,False,flat,,
logistic_l2,5,C=1.0,0.9518849206349207,,0.9735810066038162,,0.9159226190476191,,0.9270833333333334,,0.9047619047619048,,0.9417989417989417,,0.06859289889000601,,lodo,False,flat,,
logistic_l2,5,C=10.0,0.9449404761904763,,0.9694595603931591,,0.9107142857142857,,0.9166666666666666,,0.9047619047619048,,0.9361702127659575,,0.07365671763609709,,lodo,False,flat,,
logistic_l2,5,C=100.0,0.9399801587301588,,0.9653820237669404,,0.9107142857142857,,0.9166666666666666,,0.9047619047619048,,0.9361702127659575,,0.0789906477217152,,lodo,False,flat,,
logistic_l2,6,C=0.01,0.9662698412698414,,0.9815637848769595,,0.9159226190476191,,0.9270833333333334,,0.9047619047619048,,0.9417989417989417,,0.13288074015848883,,lodo,False,flat,,
logistic_l2,6,C=0.1,0.964781746031746,,0.980975377420693,,0.9159226190476191,,0.9270833333333334,,0.9047619047619048,,0.9417989417989417,,0.07151178168069092,,lodo,False,flat,,
logistic_l2,6,C=1.0,0.9605654761904763,,0.97895442710373,,0.9211309523809523,,0.9375,,0.9047619047619048,,0.9473684210526315,,0.064136858987582,,lodo,False,flat,,
logistic_l2,6,C=10.0,0.9627976190476191,,0.9797175903658581,,0.9278273809523809,,0.9270833333333334,,0.9285714285714286,,0.9468085106382979,,0.06415294177243983,,lodo,False,flat,,
logistic_l2,6,C=100.0,0.9595734126984128,,0.9762653639018115,,0.9159226190476191,,0.9270833333333334,,0.9047619047619048,,0.9417989417989417,,0.06811759681904525,,lodo,False,flat,,
logistic_l2,7,C=0.01,0.9605654761904763,,0.9775812157740169,,0.9159226190476191,,0.9270833333333334,,0.9047619047619048,,0.9417989417989417,,0.130271249194055,,lodo,False,flat,,
logistic_l2,7,C=0.1,0.9605654761904762,,0.9782774535860563,,0.9159226190476191,,0.9270833333333334,,0.9047619047619048,,0.9417989417989417,,0.0714359932342145,,lodo,False,flat,,
logistic_l2,7,C=1.0,0.9593253968253969,,0.978358406438534,,0.9211309523809523,,0.9375,,0.9047619047619048,,0.9473684210526315,,0.0655247959099364,,lodo,False,flat,,
logistic_l2,7,C=10.0,0.9598214285714286,,0.9782607748135214,,0.9159226190476191,,0.9270833333333334,,0.9047619047619048,,0.9417989417989417,,0.06672823174833468,,lodo,False,flat,,
logistic_l2,7,C=100.0,0.9563492063492064,,0.9750294534921193,,0.9040178571428572,,0.9270833333333334,,0.8809523809523809,,0.9368421052631579,,0.0733499561071718,,lodo,False,flat,,
logistic_l2,8,C=0.01,0.9603174603174602,,0.9774562964271722,,0.9159226190476191,,0.9270833333333334,,0.9047619047619048,,0.9417989417989417,,0.129851012828303,,lodo,False,flat,,
logistic_l2,8,C=0.1,0.9593253968253967,,0.9776882934820735,,0.9159226190476191,,0.9270833333333334,,0.9047619047619048,,0.9417989417989417,,0.07122109285404957,,lodo,False,flat,,
logistic_l2,8,C=1.0,0.9551091269841271,,0.9755808753998626,,0.9211309523809523,,0.9375,,0.9047619047619048,,0.9473684210526315,,0.06556568804598222,,lodo,False,flat,,
logistic_l2,8,C=10.0,0.9561011904761905,,0.9757395173812557,,0.9159226190476191,,0.9270833333333334,,0.9047619047619048,,0.9417989417989417,,0.0666352469632226,,lodo,False,flat,,
logistic_l2,8,C=100.0,0.953125,,0.9733338910188924,,0.9040178571428572,,0.9270833333333334,,0.8809523809523809,,0.9368421052631579,,0.07190813891551703,,lodo,False,flat,,
logistic_l2,9,C=0.01,0.9600694444444444,,0.9775038726445506,,0.9159226190476191,,0.9270833333333334,,0.9047619047619048,,0.9417989417989417,,0.13007985849303144,,lodo,False,flat,,
logistic_l2,9,C=0.1,0.9588293650793651,,0.9771801862406723,,0.9159226190476191,,0.9270833333333334,,0.9047619047619048,,0.9417989417989417,,0.0715394103406241,,lodo,False,flat,,
logistic_l2,9,C=1.0,0.9536210317460317,,0.9742826697013254,,0.9211309523809523,,0.9375,,0.9047619047619048,,0.9473684210526315,,0.06657327248154975,,lodo,False,flat,,
logistic_l2,9,C=10.0,0.955109126984127,,0.9752845391033229,,0.9092261904761905,,0.9375,,0.8809523809523809,,0.9424083769633508,,0.06798956432395785,,lodo,False,flat,,
logistic_l2,9,C=100.0,0.9516369047619048,,0.9725963182437929,,0.8921130952380952,,0.9270833333333334,,0.8571428571428571,,0.9319371727748691,,0.07545240198143459,,lodo,False,flat,,
logistic_l2,10,C=0.01,0.957093253968254,,0.9761598338512225,,0.9159226190476191,,0.9270833333333334,,0.9047619047619048,,0.9417989417989417,,0.12999419117924077,,lodo,False,flat,,
logistic_l2,10,C=0.1,0.9568452380952381,,0.9760238787017663,,0.9159226190476191,,0.9270833333333334,,0.9047619047619048,,0.9417989417989417,,0.07190448347474225,,lodo,False,flat,,
logistic_l2,10,C=1.0,0.953125,,0.974190275943595,,0.9330357142857143,,0.9375,,0.9285714285714286,,0.9523809523809523,,0.06713449188876097,,lodo,False,flat,,
logistic_l2,10,C=10.0,0.9541170634920635,,0.9749588663621476,,0.9211309523809523,,0.9375,,0.9047619047619048,,0.9473684210526315,,0.06848095125522749,,lodo,False,flat,,
logistic_l2,10,C=100.0,0.9528769841269842,,0.9711121739799979,,0.9159226190476191,,0.9270833333333334,,0.9047619047619048,,0.9417989417989417,,0.07244442915805739,,lodo,False,flat,,
logistic_l1,2,C=1.0,0.9565972222222222,,0.9774606398941363,,0.9092261904761905,,0.9375,,0.8809523809523809,,0.9424083769633508,,0.0690176109971591,,lodo,False,nested,20.0,"k=2,C=1.0 x5; k=2,C=0.1 x5; k=6,C=1.0 x1; k=2,C=100.0 x1; k=8,C=1.0 x1; k=2,C=10.0 x1; k=7,C=10.0 x1; k=6,C=100.0 x1; k=7,C=100.0 x1; k=10,C=100.0 x1; k=1,C=0.1 x1; k=6,C=10.0 x1"
logistic_l2,3,C=100.0,0.9630456349206349,,0.9822332180369773,,0.9144345238095237,,0.9479166666666666,,0.8809523809523809,,0.9479166666666666,,0.07642366375735143,,lodo,False,nested,20.0,"k=3,C=100.0 x3; k=2,C=100.0 x3; k=6,C=100.0 x2; k=6,C=0.01 x2; k=10,C=0.01 x1; k=6,C=10.0 x1; k=7,C=1.0 x1; k=3,C=1.0 x1; k=2,C=10.0 x1; k=7,C=10.0 x1; k=10,C=100.0 x1; k=2,C=0.1 x1; k=3,C=0.01 x1; k=6,C=0.1 x1"
