model,k,param_str,roc_auc_mean,roc_auc_std,pr_auc_mean,pr_auc_std,balanced_accuracy_mean,balanced_accuracy_std,sensitivity_mean,sensitivity_std,specificity_mean,specificity_std,f1_mean,f1_std,brier_mean,brier_std,scheme,pool_correction,tuning,n_outer_folds,selection_distribution,fold_features,label_variant
logistic_l1,0,C=0.01,0.4960655737704917,0.0043165940236353,0.446605220187444,0.0026472751083849,0.4970491803278689,0.0029729990183028,0.5540983606557377,0.2454519263585537,0.44,0.2458545188611436,0.4683357512219253,0.1192492722701168,0.2517530260435351,0.0014756310251642,plain,False,flat,,,fold_features_D11_qualonly_da_untreated.csv,da_untreated
logistic_l1,0,C=0.1,0.7923606557377049,0.0151792791733525,0.681656439687011,0.0344348089464531,0.7614098360655738,0.0058373002384727,0.9508196721311476,0.0,0.5720000000000001,0.0116746004769455,0.7677266019222839,0.0044282810060476,0.1909541382681822,0.0008196659599912,plain,False,flat,,,fold_features_D11_qualonly_da_untreated.csv,da_untreated
logistic_l1,0,C=1.0,0.7927868852459017,0.0073099786731855,0.7358005005390014,0.011789585537003,0.7700327868852459,0.010590233485554,0.936065573770492,0.014354016979851,0.604,0.0126491106406735,0.7726589311024883,0.0097496542932291,0.1729189017501904,0.0023605517560794,plain,False,flat,,,fold_features_D11_qualonly_da_untreated.csv,da_untreated
logistic_l1,0,C=10.0,0.7926775956284153,0.0067882842200085,0.7372737778655896,0.0080413965208987,0.7672677595628415,0.0103416252996346,0.9278688524590164,0.0158375702144146,0.6066666666666667,0.0113311544746506,0.7695220414711608,0.0097604134056292,0.1726342327294223,0.002493820870215,plain,False,flat,,,fold_features_D11_qualonly_da_untreated.csv,da_untreated
logistic_l1,0,C=100.0,0.7926775956284152,0.006952858529491,0.73737346380343,0.0080608785319279,0.766448087431694,0.0100808770552357,0.9262295081967212,0.0159315625542221,0.6066666666666667,0.0113311544746506,0.7686833498301209,0.0095466859886605,0.172646662921883,0.002512005319639,plain,False,flat,,,fold_features_D11_qualonly_da_untreated.csv,da_untreated
logistic_l1,1,C=0.01,0.4970491803278689,0.0042186358613374,0.4469451004253111,0.0025787211881403,0.4972131147540984,0.0026826093352204,0.5344262295081967,0.212932526827673,0.4599999999999999,0.211869981094276,0.4677365510909525,0.0971628107333174,0.2514872041687112,0.0014739510631058,plain,False,flat,,,fold_features_D11_qualonly_da_untreated.csv,da_untreated
logistic_l1,1,C=0.1,0.8042185792349728,0.0071157156104133,0.7486068822628595,0.0122959455197974,0.7439016393442623,0.013548783351044,0.8918032786885245,0.0192424227996273,0.596,0.0126491106406734,0.7467049326422429,0.0129576887308684,0.1821657347895336,0.0015651648961847,plain,False,flat,,,fold_features_D11_qualonly_da_untreated.csv,da_untreated
logistic_l1,1,C=1.0,0.8095956284153004,0.0085326507435994,0.7359227245716377,0.0126387847459334,0.7601092896174864,0.0156627270139932,0.8868852459016393,0.023756355321622,0.6333333333333333,0.0157134840263677,0.758705952592548,0.0152641912505292,0.1679416069991748,0.0033728538646349,plain,False,flat,,,fold_features_D11_qualonly_da_untreated.csv,da_untreated
logistic_l1,1,C=10.0,0.813398907103825,0.0076970036044023,0.7237516332173481,0.0135717346466131,0.7697486338797814,0.0150419468497037,0.8901639344262294,0.0190082263725968,0.6493333333333333,0.0126491106406734,0.7669242155307483,0.0145316129997836,0.165968791828047,0.0033658457442807,plain,False,flat,,,fold_features_D11_qualonly_da_untreated.csv,da_untreated
logistic_l1,1,C=100.0,0.8141420765027322,0.0077382743282336,0.7223594089859506,0.0144825582537173,0.7713879781420765,0.0140468977847231,0.8934426229508198,0.0177069417989286,0.6493333333333333,0.0126491106406734,0.7686699874892863,0.0135228003031612,0.1658491035136595,0.0034019646469299,plain,False,flat,,,fold_features_D11_qualonly_da_untreated.csv,da_untreated
logistic_l1,2,C=0.01,0.4980327868852459,0.0049362141161251,0.44765747339834,0.0033150226932221,0.4981967213114754,0.0026149696424055,0.4163934426229508,0.2211866341538538,0.58,0.2201009869229223,0.3960679153705341,0.1612307097890475,0.2508920685171645,0.0014922214289502,plain,False,flat,,,fold_features_D11_qualonly_da_untreated.csv,da_untreated
logistic_l1,2,C=0.1,0.8573551912568306,0.0231472095920889,0.8041912451390454,0.0301728182395673,0.8016393442622951,0.0219090476801463,0.90327868852459,0.0426439628745938,0.7,0.0237268405600695,0.794812076497005,0.0225539761739356,0.1612904152551567,0.0067666510850967,plain,False,flat,,,fold_features_D11_qualonly_da_untreated.csv,da_untreated
logistic_l1,2,C=1.0,0.8615081967213115,0.0204327617360957,0.8065211820410403,0.0260106295166228,0.8084153005464481,0.0272994195974437,0.8901639344262294,0.0394428031314067,0.7266666666666667,0.0268512132746545,0.7995591224622516,0.0276146384440162,0.1436307843024776,0.0101279819803665,plain,False,flat,,,fold_features_D11_qualonly_da_untreated.csv,da_untreated
logistic_l1,2,C=10.0,0.858775956284153,0.0204574932359492,0.8038523998056328,0.0277172126517497,0.7941311475409836,0.0224055888424932,0.8442622950819672,0.0364526340549899,0.744,0.0319258399930097,0.7819836261701225,0.0232703736912719,0.1462003858619829,0.0108160402605227,plain,False,flat,,,fold_features_D11_qualonly_da_untreated.csv,da_untreated
logistic_l1,2,C=100.0,0.8581202185792349,0.0201255049324442,0.8033140482726304,0.0279371427779885,0.7941311475409836,0.0220712149582394,0.8442622950819672,0.0330137868130999,0.744,0.0359972564112295,0.7820959655796875,0.0223681808513606,0.1471507347437774,0.0108625976795408,plain,False,flat,,,fold_features_D11_qualonly_da_untreated.csv,da_untreated
logistic_l1,3,C=0.01,0.4980327868852459,0.0049362141161251,0.44765747339834,0.0033150226932221,0.4981967213114754,0.0026149696424055,0.4163934426229508,0.2211866341538538,0.58,0.2201009869229223,0.3960679153705341,0.1612307097890475,0.2507760535656513,0.0014143582773536,plain,False,flat,,,fold_features_D11_qualonly_da_untreated.csv,da_untreated
logistic_l1,3,C=0.1,0.912087431693989,0.0057005941270667,0.8717419075111575,0.0082350305866172,0.8541639344262295,0.0136706900871645,0.880327868852459,0.0219261231122829,0.828,0.0262560986448745,0.8417425121939038,0.0142344556346197,0.1390076831091585,0.0019182264471298,plain,False,flat,,,fold_features_D11_qualonly_da_untreated.csv,da_untreated
logistic_l1,3,C=1.0,0.913639344262295,0.0064500012596212,0.8710144038313091,0.0080363735302709,0.8595956284153006,0.0148929177354936,0.8885245901639344,0.0186113512195917,0.8306666666666667,0.0166888740937943,0.8475386601943093,0.0156281754319442,0.1163814108914882,0.0039959365883062,plain,False,flat,,,fold_features_D11_qualonly_da_untreated.csv,da_untreated
logistic_l1,3,C=10.0,0.9086994535519126,0.0050939853063822,0.8675870960811908,0.0072456910235966,0.8614426229508197,0.0128854472582812,0.8868852459016393,0.0120961440552888,0.836,0.0189084865654956,0.849359403573547,0.0133477858304939,0.1197407279119323,0.0039623339250616,plain,False,flat,,,fold_features_D11_qualonly_da_untreated.csv,da_untreated
logistic_l1,3,C=100.0,0.9077814207650274,0.0055911962562342,0.8667647777344791,0.0077308629453991,0.8606229508196721,0.0131590075069672,0.8852459016393442,0.0109289617486338,0.836,0.0218185559264596,0.8484906823308535,0.0134488484163176,0.121077789395742,0.0045478674635758,plain,False,flat,,,fold_features_D11_qualonly_da_untreated.csv,da_untreated
logistic_l1,4,C=0.01,0.4983606557377049,0.0049482978896925,0.4477935046127655,0.0032824416205902,0.4981967213114754,0.0026149696424055,0.4163934426229508,0.2211866341538538,0.58,0.2201009869229223,0.3960679153705341,0.1612307097890475,0.2507558371648792,0.0014133960332116,plain,False,flat,,,fold_features_D11_qualonly_da_untreated.csv,da_untreated
logistic_l1,4,C=0.1,0.912087431693989,0.0057005941270667,0.8717419075111575,0.0082350305866172,0.8541639344262295,0.0136706900871645,0.880327868852459,0.0219261231122829,0.828,0.0262560986448745,0.8417425121939038,0.0142344556346197,0.1390079441271515,0.0019181261042786,plain,False,flat,,,fold_features_D11_qualonly_da_untreated.csv,da_untreated
logistic_l1,4,C=1.0,0.9209398907103824,0.0075310688673439,0.888353017263437,0.0101474880764564,0.8578579234972677,0.016061418079757,0.8770491803278688,0.0193198574094685,0.8386666666666667,0.0171557858361056,0.8451843503937008,0.0169542285752862,0.1139605946776802,0.0044539212912066,plain,False,flat,,,fold_features_D11_qualonly_da_untreated.csv,da_untreated
logistic_l1,4,C=10.0,0.9184043715846996,0.0069443020081543,0.8902391496647677,0.0087154051607965,0.8516612021857923,0.018822652713376,0.860655737704918,0.0259203086899047,0.8426666666666666,0.0175541490294502,0.8379246983743969,0.0204190570038814,0.1155035131871047,0.0054066926333189,plain,False,flat,,,fold_features_D11_qualonly_da_untreated.csv,da_untreated
logistic_l1,4,C=100.0,0.9175956284153004,0.0071112006922005,0.8902088266301182,0.0088554185561277,0.853967213114754,0.0207423133368202,0.8639344262295081,0.0244989199688086,0.844,0.0199257882412976,0.840499031169491,0.022257095053732,0.1168664068794251,0.0062958340719398,plain,False,flat,,,fold_features_D11_qualonly_da_untreated.csv,da_untreated
logistic_l1,5,C=0.01,0.4977049180327869,0.0043852246224565,0.4472511856969703,0.0026636584193914,0.4985245901639344,0.0023756355321622,0.3770491803278689,0.2218336954118518,0.62,0.2201009869229223,0.3726364172911487,0.160334835540076,0.2506523984906648,0.0013360976521447,plain,False,flat,,,fold_features_D11_qualonly_da_untreated.csv,da_untreated
logistic_l1,5,C=0.1,0.9120437158469944,0.0057074810406747,0.8716815143048399,0.0082566030775162,0.8541639344262295,0.0136706900871645,0.880327868852459,0.0219261231122829,0.828,0.0262560986448745,0.8417425121939038,0.0142344556346197,0.1390081701947005,0.0019178562097399,plain,False,flat,,,fold_features_D11_qualonly_da_untreated.csv,da_untreated
logistic_l1,5,C=1.0,0.9205683060109292,0.0078918909853515,0.8875167960981862,0.0100942462948562,0.8547322404371585,0.0144824940955218,0.8721311475409836,0.0169310747375187,0.8373333333333333,0.0196763943299365,0.8418118314343772,0.0151283260785659,0.1144333173409941,0.0045266472917069,plain,False,flat,,,fold_features_D11_qualonly_da_untreated.csv,da_untreated
logistic_l1,5,C=10.0,0.9165901639344264,0.0085486559556408,0.8879670742253127,0.0100215972283438,0.8509945355191256,0.0238480864049595,0.860655737704918,0.0320965577171331,0.8413333333333334,0.0221777332442216,0.8372285160497851,0.0258927657655289,0.1174638511771666,0.0067384954098023,plain,False,flat,,,fold_features_D11_qualonly_da_untreated.csv,da_untreated
logistic_l1,5,C=100.0,0.914360655737705,0.0095781056077643,0.8867091246066254,0.0105133013411855,0.844743169398907,0.0249937175459892,0.8508196721311476,0.0283416447647867,0.8386666666666667,0.0269979423084221,0.8304363253582778,0.0267216338816536,0.1196278659523225,0.0079110392134592,plain,False,flat,,,fold_features_D11_qualonly_da_untreated.csv,da_untreated
logistic_l1,6,C=0.01,0.4977049180327869,0.0043852246224565,0.4472511856969703,0.0026636584193914,0.4990163934426229,0.002912112042508,0.4180327868852458,0.2412121142551174,0.58,0.2394437999475729,0.3916106335219479,0.1708815211047485,0.2505678893997319,0.0012706028343588,plain,False,flat,,,fold_features_D11_qualonly_da_untreated.csv,da_untreated
logistic_l1,6,C=0.1,0.9120437158469944,0.0057074810406747,0.8716815143048399,0.0082566030775162,0.8541639344262295,0.0136706900871645,0.880327868852459,0.0219261231122829,0.828,0.0262560986448745,0.8417425121939038,0.0142344556346197,0.1390082063303962,0.0019175864287317,plain,False,flat,,,fold_features_D11_qualonly_da_untreated.csv,da_untreated
logistic_l1,6,C=1.0,0.9196939890710384,0.0078871809748801,0.8853684566159041,0.0098298942457566,0.8542185792349727,0.0160312508964592,0.8737704918032787,0.02051910749237,0.8346666666666668,0.0200739374055755,0.841371293302202,0.0169174942286177,0.1142295731084618,0.0045170189665598,plain,False,flat,,,fold_features_D11_qualonly_da_untreated.csv,da_untreated
logistic_l1,6,C=10.0,0.91624043715847,0.0076518690329712,0.8863672065057854,0.0080395870308131,0.8448961748633879,0.0203627541440559,0.8524590163934427,0.0244379013934403,0.8373333333333333,0.0249839454623203,0.8307063650113774,0.0217276462891407,0.1163135765469586,0.0075108271231661,plain,False,flat,,,fold_features_D11_qualonly_da_untreated.csv,da_untreated
logistic_l1,6,C=100.0,0.9143387978142076,0.0081573309748277,0.8851669983068359,0.0082060749171449,0.8492568306010929,0.0190336270129881,0.8491803278688526,0.0229247835665606,0.8493333333333334,0.0227058484879018,0.8348360772597567,0.0203490985426121,0.1181997127187413,0.0080415383364971,plain,False,flat,,,fold_features_D11_qualonly_da_untreated.csv,da_untreated
logistic_l1,7,C=0.01,0.4980327868852459,0.0044258921817085,0.4473872169113959,0.0026463070618268,0.4990163934426229,0.002912112042508,0.4180327868852458,0.2412121142551174,0.58,0.2394437999475729,0.3916106335219479,0.1708815211047485,0.2503642126669627,0.0011963884355333,plain,False,flat,,,fold_features_D11_qualonly_da_untreated.csv,da_untreated
logistic_l1,7,C=0.1,0.9120437158469944,0.0057074810406747,0.8716815143048399,0.0082566030775162,0.8541639344262295,0.0136706900871645,0.880327868852459,0.0219261231122829,0.828,0.0262560986448745,0.8417425121939038,0.0142344556346197,0.1390087514735933,0.0019187447271332,plain,False,flat,,,fold_features_D11_qualonly_da_untreated.csv,da_untreated
logistic_l1,7,C=1.0,0.9193661202185792,0.0076481565291013,0.8848636790012078,0.0094468521760007,0.8557049180327869,0.0159203169415041,0.8754098360655738,0.0234400115732538,0.836,0.0189084865654956,0.8429041588220582,0.0169440825325317,0.1143913678969959,0.004407127192015,plain,False,flat,,,fold_features_D11_qualonly_da_untreated.csv,da_untreated
logistic_l1,7,C=10.0,0.9108852459016392,0.0079807532884445,0.878086534604749,0.0098151885902543,0.838032786885246,0.0208891569967984,0.8360655737704917,0.0336853224205954,0.8400000000000001,0.0226623089493012,0.8224312422993039,0.0230511813239386,0.1207398795586268,0.007760783493542,plain,False,flat,,,fold_features_D11_qualonly_da_untreated.csv,da_untreated
logistic_l1,7,C=100.0,0.9072131147540984,0.0086493140963687,0.874691821542184,0.0111982630297809,0.834087431693989,0.0232835880833743,0.8295081967213115,0.0311043704278857,0.8386666666666667,0.0221777332442216,0.8180244334446403,0.0252945091009006,0.1240882420469798,0.0083484529727306,plain,False,flat,,,fold_features_D11_qualonly_da_untreated.csv,da_untreated
logistic_l1,8,C=0.01,0.4980327868852459,0.0044258921817085,0.4473872169113959,0.0026463070618268,0.4990163934426229,0.002912112042508,0.4180327868852458,0.2412121142551174,0.58,0.2394437999475729,0.3916106335219479,0.1708815211047485,0.2502952009825009,0.0011818944455991,plain,False,flat,,,fold_features_D11_qualonly_da_untreated.csv,da_untreated
logistic_l1,8,C=0.1,0.9120437158469944,0.0057074810406747,0.8716815143048399,0.0082566030775162,0.8541639344262295,0.0136706900871645,0.880327868852459,0.0219261231122829,0.828,0.0262560986448745,0.8417425121939038,0.0142344556346197,0.1390085414670335,0.0019186722234834,plain,False,flat,,,fold_features_D11_qualonly_da_untreated.csv,da_untreated
logistic_l1,8,C=1.0,0.9193879781420764,0.00756114268238,0.8850121095004875,0.0093413087892566,0.8525792349726776,0.0177698218932421,0.8704918032786886,0.0272677048084691,0.8346666666666668,0.0200739374055754,0.8394590348254608,0.019081910964626,0.1147526651591859,0.0046171621228951,plain,False,flat,,,fold_features_D11_qualonly_da_untreated.csv,da_untreated
logistic_l1,8,C=10.0,0.9130928961748632,0.0081993600286169,0.8806746444381612,0.0101674260237119,0.8368524590163935,0.0161234022768691,0.8377049180327869,0.0272677048084691,0.836,0.0218185559264597,0.8214697506226918,0.0175405042850358,0.11912318073083,0.0078264412159003,plain,False,flat,,,fold_features_D11_qualonly_da_untreated.csv,da_untreated
logistic_l1,8,C=100.0,0.9065136612021858,0.007807933928818,0.8745883336130988,0.0102980345487319,0.8269617486338797,0.0208380813166841,0.8245901639344263,0.035456017918051,0.8293333333333333,0.0265181046936467,0.8104850994825183,0.0225808162787202,0.125631022585915,0.007157942975883,plain,False,flat,,,fold_features_D11_qualonly_da_untreated.csv,da_untreated
logistic_l1,9,C=0.01,0.4980327868852459,0.0044258921817085,0.4473872169113959,0.0026463070618268,0.4990163934426229,0.002912112042508,0.4180327868852458,0.2412121142551174,0.58,0.2394437999475729,0.3916106335219479,0.1708815211047485,0.2501477651802578,0.0011378809998773,plain,False,flat,,,fold_features_D11_qualonly_da_untreated.csv,da_untreated
logistic_l1,9,C=0.1,0.9120437158469944,0.0057074810406747,0.8716815143048399,0.0082566030775162,0.8541639344262295,0.0136706900871645,0.880327868852459,0.0219261231122829,0.828,0.0262560986448745,0.8417425121939038,0.0142344556346197,0.1390090948831623,0.0019187485379014,plain,False,flat,,,fold_features_D11_qualonly_da_untreated.csv,da_untreated
logistic_l1,9,C=1.0,0.9188415300546448,0.0083861851339682,0.8847030933825144,0.0104477660995764,0.8522732240437157,0.0196790819535688,0.8672131147540985,0.0272677048084691,0.8373333333333333,0.0206559111797729,0.8389648860496566,0.0211165551409894,0.1152125888592847,0.0049189320208569,plain,False,flat,,,fold_features_D11_qualonly_da_untreated.csv,da_untreated
logistic_l1,9,C=10.0,0.9076502732240436,0.0114958040073764,0.8731621827467502,0.0155851147154759,0.8291693989071038,0.0232974346644159,0.8196721311475409,0.0327868852459016,0.8386666666666667,0.0247056748616662,0.8122536503623294,0.0255961049011973,0.1237555450055316,0.0098559515663935,plain,False,flat,,,fold_features_D11_qualonly_da_untreated.csv,da_untreated
logistic_l1,9,C=100.0,0.9020109289617488,0.0122330839219606,0.8666998872006234,0.016514536033377,0.8227103825136612,0.0163515189495337,0.8147540983606557,0.0299800365559457,0.8306666666666667,0.0227058484879018,0.80539034798047,0.0183814701689581,0.1292443968714101,0.0104623361184833,plain,False,flat,,,fold_features_D11_qualonly_da_untreated.csv,da_untreated
logistic_l1,10,C=0.01,0.4983606557377049,0.004161624648013,0.4474891414231166,0.0025763297134941,0.4995081967213114,0.0027917026829387,0.3590163934426229,0.2095754871114304,0.64,0.2065591117977288,0.3622803283672849,0.1621662737865613,0.2500597123000412,0.0011027662862909,plain,False,flat,,,fold_features_D11_qualonly_da_untreated.csv,da_untreated
logistic_l1,10,C=0.1,0.9120437158469944,0.0057501065845908,0.8716899471216533,0.0082943046785911,0.8541639344262295,0.0136706900871645,0.880327868852459,0.0219261231122829,0.828,0.0262560986448745,0.8417425121939038,0.0142344556346197,0.1390096874810818,0.0019192774226211,plain,False,flat,,,fold_features_D11_qualonly_da_untreated.csv,da_untreated
logistic_l1,10,C=1.0,0.91951912568306,0.0082545943173867,0.8859985363951507,0.0106486793610687,0.8509945355191256,0.0175380383275403,0.860655737704918,0.0221968262421747,0.8413333333333334,0.0193218356615859,0.8373149904255675,0.0187343883207225,0.1143652557895042,0.0054336672879439,plain,False,flat,,,fold_features_D11_qualonly_da_untreated.csv,da_untreated
logistic_l1,10,C=10.0,0.9047650273224044,0.0103522647587736,0.8720195550686679,0.0138268704526529,0.8271693989071037,0.0175356166615044,0.8196721311475409,0.0289153148750228,0.8346666666666666,0.0210349503399097,0.8102681468845253,0.0194609122521575,0.1262217750231212,0.0084352975275095,plain,False,flat,,,fold_features_D11_qualonly_da_untreated.csv,da_untreated
logistic_l1,10,C=100.0,0.8978142076502733,0.0125014456647573,0.863343275081462,0.0167247692176805,0.8182513661202186,0.0183992135687923,0.8098360655737705,0.0311043704278857,0.8266666666666665,0.032659863237109,0.8006437108115261,0.0197309865709514,0.1335274234153646,0.0102769310602604,plain,False,flat,,,fold_features_D11_qualonly_da_untreated.csv,da_untreated
logistic_l2,0,C=0.01,0.7893989071038251,0.0135009913523339,0.7288798029729872,0.0228949919348916,0.7517704918032787,0.0049905069453381,0.9475409836065574,0.0069120823173079,0.556,0.0089993141028074,0.7600299118136856,0.0042348368793255,0.2263272393205854,0.0004267086141984,plain,False,flat,,,fold_features_D11_qualonly_da_untreated.csv,da_untreated
logistic_l2,0,C=0.1,0.7900546448087431,0.0080741287725743,0.7383485781952737,0.0122109377259815,0.7518797814207651,0.008785273544445,0.9344262295081968,0.0133851898512742,0.5693333333333334,0.0089993141028073,0.7584659294799068,0.0081880608923103,0.1864506904598548,0.0012720050931345,plain,False,flat,,,fold_features_D11_qualonly_da_untreated.csv,da_untreated
logistic_l2,0,C=1.0,0.7914098360655737,0.0068333352147905,0.7384206679792563,0.0085187216164587,0.7635737704918032,0.0138625166923813,0.9311475409836064,0.0186113512195916,0.596,0.0126491106406734,0.7670239347689012,0.0129187391133117,0.1741772939110539,0.0021976481960838,plain,False,flat,,,fold_features_D11_qualonly_da_untreated.csv,da_untreated
logistic_l2,0,C=10.0,0.7923715846994536,0.0068219836351639,0.7380458425196796,0.0082532856610062,0.7674207650273224,0.0103268825645486,0.9295081967213116,0.0155521852139428,0.6053333333333333,0.0112436539028209,0.7698367397310646,0.0097251478436883,0.1727681576092828,0.0024721855845958,plain,False,flat,,,fold_features_D11_qualonly_da_untreated.csv,da_untreated
logistic_l2,0,C=100.0,0.792568306010929,0.0068619801401653,0.7374572924429015,0.0081984585108431,0.766448087431694,0.0100808770552357,0.9262295081967212,0.0159315625542221,0.6066666666666667,0.0113311544746506,0.7686833498301209,0.0095466859886605,0.1726578564561912,0.0025095875168797,plain,False,flat,,,fold_features_D11_qualonly_da_untreated.csv,da_untreated
logistic_l2,1,C=0.01,0.8054426229508197,0.0033284226321673,0.7532330974782424,0.003089010383619,0.734896174863388,0.0089424837730799,0.8524590163934427,0.0154558859275747,0.6173333333333333,0.0089993141028074,0.7339092263245695,0.0091609688259382,0.2121423515435825,0.0005216354339865,plain,False,flat,,,fold_features_D11_qualonly_da_untreated.csv,da_untreated
logistic_l2,1,C=0.1,0.813398907103825,0.0059200952732227,0.7533003985543363,0.007116958870548,0.7526775956284153,0.0077258819041525,0.8786885245901639,0.0084655373687593,0.6266666666666667,0.0108866210790363,0.7517630431699955,0.0070156207768642,0.1729257039659887,0.0014163081951062,plain,False,flat,,,fold_features_D11_qualonly_da_untreated.csv,da_untreated
logistic_l2,1,C=1.0,0.8165245901639345,0.0078290838819627,0.7364497343649897,0.0116539200104029,0.7642622950819672,0.0107566254478458,0.8885245901639344,0.0169310747375187,0.64,0.0088888888888888,0.7622677758428432,0.0106781361766855,0.165471280293887,0.0025364457974203,plain,False,flat,,,fold_features_D11_qualonly_da_untreated.csv,da_untreated
logistic_l2,1,C=10.0,0.8148196721311475,0.007773694341917,0.7250753783499959,0.0127663469274085,0.7699016393442623,0.0122544373054043,0.8918032786885245,0.0158375702144147,0.648,0.0112436539028208,0.7672615367850609,0.0118283695468364,0.1656079661748253,0.0032159225600394,plain,False,flat,,,fold_features_D11_qualonly_da_untreated.csv,da_untreated
logistic_l2,1,C=100.0,0.8141857923497268,0.0076841646720648,0.7221216403651567,0.0143203888541673,0.7713879781420765,0.0140468977847231,0.8934426229508198,0.0177069417989286,0.6493333333333333,0.0126491106406734,0.7686699874892863,0.0135228003031612,0.1658201038284084,0.0033895636490041,plain,False,flat,,,fold_features_D11_qualonly_da_untreated.csv,da_untreated
logistic_l2,2,C=0.01,0.8451803278688524,0.0146439206248208,0.7892609832248544,0.016893409673755,0.7907978142076503,0.0098323949165158,0.9442622950819672,0.0158375702144146,0.6373333333333333,0.0215910360915397,0.7901496873965146,0.008544274103633,0.1971163339543397,0.0019316930176565,plain,False,flat,,,fold_features_D11_qualonly_da_untreated.csv,da_untreated
logistic_l2,2,C=0.1,0.8555628415300547,0.0174205806677282,0.7979467802138595,0.0195485509744455,0.8005027322404372,0.0196485185144649,0.9196721311475408,0.0293763498485587,0.6813333333333333,0.0221777332442215,0.7956766522485037,0.0193090356456107,0.1544955236113482,0.0053353054707219,plain,False,flat,,,fold_features_D11_qualonly_da_untreated.csv,da_untreated
logistic_l2,2,C=1.0,0.8631038251366121,0.0191281601310295,0.8073904112807806,0.021293802090112,0.8156393442622951,0.0211864969902796,0.90327868852459,0.0322820884977965,0.728,0.0210349503399097,0.807214231523228,0.0214657740559579,0.1434351011513986,0.0088778864353787,plain,False,flat,,,fold_features_D11_qualonly_da_untreated.csv,da_untreated
logistic_l2,2,C=10.0,0.8599344262295082,0.0197318933027851,0.8054503916295866,0.0255493742134369,0.8003825136612022,0.021567422935326,0.8540983606557377,0.0313434544255737,0.7466666666666667,0.0288032919929238,0.7887611346462983,0.022117300849484,0.1452802306617566,0.0105467133934507,plain,False,flat,,,fold_features_D11_qualonly_da_untreated.csv,da_untreated
logistic_l2,2,C=100.0,0.8583606557377049,0.0200625099351037,0.8038810822542837,0.0274352677488132,0.7941311475409836,0.0220712149582394,0.8442622950819672,0.0330137868130999,0.744,0.0359972564112295,0.7820959655796875,0.0223681808513606,0.1470452711843964,0.010833951835912,plain,False,flat,,,fold_features_D11_qualonly_da_untreated.csv,da_untreated
logistic_l2,3,C=0.01,0.9056612021857924,0.0066195794970582,0.864214445853077,0.0092378790356501,0.8439234972677596,0.0118161401963633,0.9491803278688524,0.0143540169798509,0.7386666666666667,0.0168654808542313,0.8361247994493972,0.0113854751021971,0.1815851838208197,0.001323363020426,plain,False,flat,,,fold_features_D11_qualonly_da_untreated.csv,da_untreated
logistic_l2,3,C=0.1,0.9150819672131149,0.0052228292455955,0.8724220609176097,0.0059410526380039,0.858448087431694,0.0145527925084863,0.9262295081967212,0.0115919144456811,0.7906666666666666,0.0199257882412977,0.8484262707122093,0.0144417836373628,0.1287699608096271,0.0019218411377191,plain,False,flat,,,fold_features_D11_qualonly_da_untreated.csv,da_untreated
logistic_l2,3,C=1.0,0.9142295081967212,0.0054183358248579,0.8712172012192976,0.0062625236190477,0.8578469945355192,0.0136955052024725,0.898360655737705,0.0150645341552898,0.8173333333333334,0.0199257882412976,0.8463868187895189,0.0140260295912232,0.1166189107070424,0.0031364034053174,plain,False,flat,,,fold_features_D11_qualonly_da_untreated.csv,da_untreated
logistic_l2,3,C=10.0,0.9096612021857924,0.0052317660188118,0.8680570844200775,0.0070724760077881,0.8632349726775956,0.0115565064601389,0.8918032786885245,0.0084655373687593,0.8346666666666668,0.0219539360626283,0.8514391054428744,0.0116509800943308,0.1189983714332022,0.0037595033601081,plain,False,flat,,,fold_features_D11_qualonly_da_untreated.csv,da_untreated
logistic_l2,3,C=100.0,0.907912568306011,0.0055832152083484,0.8669765748087711,0.0077957550139347,0.8592896174863387,0.0128552807826401,0.8852459016393442,0.0109289617486338,0.8333333333333334,0.0210818510677891,0.8471513966165679,0.0131551459777597,0.1209327910872369,0.0044848659276796,plain,False,flat,,,fold_features_D11_qualonly_da_untreated.csv,da_untreated
logistic_l2,4,C=0.01,0.8924371584699454,0.0067113673532541,0.8436422161071189,0.0094382604486488,0.8185464480874318,0.008406551251726,0.9344262295081968,0.0109289617486338,0.7026666666666667,0.0189084865654956,0.81258754156931,0.0074516244498564,0.1813291718490753,0.0013156584772769,plain,False,flat,,,fold_features_D11_qualonly_da_untreated.csv,da_untreated
logistic_l2,4,C=0.1,0.914273224043716,0.0057266090994754,0.8737212782973046,0.0068286982048062,0.8569617486338797,0.0159542712339964,0.9245901639344264,0.0158375702144146,0.7893333333333333,0.0215910360915397,0.8469154284079657,0.015869066689381,0.1293045473603985,0.0020531400765485,plain,False,flat,,,fold_features_D11_qualonly_da_untreated.csv,da_untreated
logistic_l2,4,C=1.0,0.9191256830601092,0.0067370644841191,0.885084831706943,0.0078453924213537,0.8514426229508197,0.0164656616088234,0.8868852459016393,0.0303758297479503,0.8160000000000001,0.0163903012574095,0.8392576167423474,0.017747212248233,0.1151168186983504,0.0040783066508994,plain,False,flat,,,fold_features_D11_qualonly_da_untreated.csv,da_untreated
logistic_l2,4,C=10.0,0.9184262295081967,0.0078322023097757,0.8882875250891603,0.0096301764265263,0.8521202185792349,0.0141001443829087,0.8655737704918032,0.0229247835665606,0.8386666666666667,0.0238927645434944,0.8387732581746288,0.014982162590499,0.1152296041752214,0.0054939015556573,plain,False,flat,,,fold_features_D11_qualonly_da_untreated.csv,da_untreated
logistic_l2,4,C=100.0,0.9175300546448086,0.0070760655133784,0.8896265245717482,0.0089520870322643,0.8524808743169399,0.0194278020092541,0.862295081967213,0.0234400115732537,0.8426666666666666,0.0196763943299365,0.8389079865016873,0.0208361562841625,0.1165319842219854,0.0061903022626295,plain,False,flat,,,fold_features_D11_qualonly_da_untreated.csv,da_untreated
logistic_l2,5,C=0.01,0.8879781420765027,0.0046186987123749,0.840352463956712,0.0083827569079693,0.8446994535519126,0.0108878400626901,0.9360655737704916,0.023756355321622,0.7533333333333333,0.0113311544746506,0.8359186605040051,0.0114260980985471,0.1792018254871073,0.001233212778396,plain,False,flat,,,fold_features_D11_qualonly_da_untreated.csv,da_untreated
logistic_l2,5,C=0.1,0.910863387978142,0.0057256820286595,0.8693195061657072,0.0064787598100197,0.8611147540983607,0.0096357942430807,0.9262295081967212,0.015931562554222,0.796,0.0154600241163787,0.850902694233409,0.0097278440349635,0.1292113163198753,0.0020889115545237,plain,False,flat,,,fold_features_D11_qualonly_da_untreated.csv,da_untreated
logistic_l2,5,C=1.0,0.9166338797814207,0.0079875018912393,0.8816827569930338,0.0089849470427335,0.8474426229508196,0.0135153795920046,0.8868852459016393,0.0210931793066872,0.808,0.0190645427462464,0.8355054804726599,0.0140792929143141,0.1163868767331027,0.0042981662371381,plain,False,flat,,,fold_features_D11_qualonly_da_untreated.csv,da_untreated
logistic_l2,5,C=10.0,0.9158032786885244,0.0081660141266125,0.8844396552381169,0.0093984420902527,0.8533005464480874,0.0176450786651368,0.8639344262295081,0.0268260933522045,0.8426666666666666,0.023349200953891,0.8398102138557288,0.0191172291283809,0.1172107681923256,0.006021377554005,plain,False,flat,,,fold_features_D11_qualonly_da_untreated.csv,da_untreated
logistic_l2,5,C=100.0,0.9148196721311476,0.0094223454947857,0.887168506305696,0.0103541132928141,0.8419234972677595,0.025570615117303,0.8491803278688523,0.0316751404288293,0.8346666666666666,0.0260673391975381,0.8274465507038352,0.0276253285390821,0.1191027952702036,0.0077182811478179,plain,False,flat,,,fold_features_D11_qualonly_da_untreated.csv,da_untreated
logistic_l2,6,C=0.01,0.8878907103825137,0.0053910795769966,0.8435572710669741,0.0081408738682576,0.8379344262295081,0.0114137121876729,0.9278688524590164,0.0221294609085426,0.748,0.0159629199965048,0.8292478678655423,0.0115533615577224,0.1793984769913031,0.0011721358280743,plain,False,flat,,,fold_features_D11_qualonly_da_untreated.csv,da_untreated
logistic_l2,6,C=0.1,0.9096612021857924,0.0063685002235139,0.8678863935989363,0.0071924321403275,0.856448087431694,0.0178140400273718,0.9262295081967212,0.0235036209482039,0.7866666666666667,0.0217732421580727,0.8464444608625925,0.0179017429839211,0.1303582127109905,0.0025306830635203,plain,False,flat,,,fold_features_D11_qualonly_da_untreated.csv,da_untreated
logistic_l2,6,C=1.0,0.9147322404371584,0.008010895000222,0.878419520198921,0.0090953071976596,0.8446229508196721,0.0137229980608266,0.8852459016393442,0.0172802057932698,0.8039999999999999,0.0189084865654957,0.8327145921199322,0.0141120296986416,0.117252913779933,0.0047506003790032,plain,False,flat,,,fold_features_D11_qualonly_da_untreated.csv,da_untreated
logistic_l2,6,C=10.0,0.9166338797814207,0.0081480522318736,0.8840056072380491,0.0092539785923015,0.8452568306010928,0.0224391721074804,0.8491803278688523,0.0326042270823525,0.8413333333333334,0.0254926762661333,0.8307138843794762,0.0245634237291508,0.1159527141659902,0.0066324689892893,plain,False,flat,,,fold_features_D11_qualonly_da_untreated.csv,da_untreated
logistic_l2,6,C=100.0,0.9148415300546447,0.0080681764245675,0.8851880080395083,0.0087548701211101,0.8479234972677595,0.0209244035549842,0.8491803278688523,0.0253966121062781,0.8466666666666667,0.0228791780910822,0.8334717815881738,0.0225687229156524,0.1175094452840809,0.0079896337976212,plain,False,flat,,,fold_features_D11_qualonly_da_untreated.csv,da_untreated
logistic_l2,7,C=0.01,0.8870819672131148,0.0052034305858423,0.8435668136637284,0.0071635404396666,0.8278469945355191,0.017852704240792,0.898360655737705,0.0241922881105777,0.7573333333333333,0.0215910360915397,0.8178967967904287,0.0178063155702506,0.1793449449671069,0.0012370996996866,plain,False,flat,,,fold_features_D11_qualonly_da_untreated.csv,da_untreated
logistic_l2,7,C=0.1,0.9096612021857924,0.0061289295281198,0.8679039453829684,0.0069011825607517,0.8566557377049181,0.0175546782381987,0.921311475409836,0.0265463558502538,0.792,0.0179986282056147,0.8463172576848871,0.0179712222013358,0.1305054452191922,0.0024712057772014,plain,False,flat,,,fold_features_D11_qualonly_da_untreated.csv,da_untreated
logistic_l2,7,C=1.0,0.913704918032787,0.0068090150723278,0.8766443806873718,0.0080993936469721,0.843344262295082,0.0092346960363533,0.8786885245901639,0.0176224213077564,0.808,0.0143329026636418,0.8309789021927939,0.0098108335189263,0.1175246069328609,0.0040585138875859,plain,False,flat,,,fold_features_D11_qualonly_da_untreated.csv,da_untreated
logistic_l2,7,C=10.0,0.9129617486338798,0.0076247644807832,0.8790219898778497,0.0095440143402943,0.8378797814207651,0.0201990552117454,0.8344262295081967,0.0357913068717219,0.8413333333333334,0.0221777332442216,0.8220871117886736,0.0229091179748966,0.1187853021290381,0.0064520421082069,plain,False,flat,,,fold_features_D11_qualonly_da_untreated.csv,da_untreated
logistic_l2,7,C=100.0,0.9081311475409836,0.0083785855657519,0.8755744716395295,0.01081490697166,0.83424043715847,0.0232687408729081,0.8311475409836065,0.0319099482418719,0.8373333333333333,0.023349200953891,0.8183139622823628,0.0252691369929498,0.1232070690739797,0.0081509564529686,plain,False,flat,,,fold_features_D11_qualonly_da_untreated.csv,da_untreated
logistic_l2,8,C=0.01,0.8860765027322405,0.0056753953262994,0.8433955063725085,0.006891558831162,0.8220000000000001,0.0195517500009362,0.9,0.0224642675312507,0.744,0.0272528172742326,0.8127971457231243,0.0189291989186375,0.1793910471484219,0.0012739960929199,plain,False,flat,,,fold_features_D11_qualonly_da_untreated.csv,da_untreated
logistic_l2,8,C=0.1,0.9085901639344264,0.0067683526682209,0.8663882757173834,0.0074481749767244,0.855016393442623,0.0117980154223445,0.9180327868852458,0.0204462152282729,0.792,0.0168654808542313,0.8446178399483388,0.0120811931248681,0.1308979116054978,0.0024978561319621,plain,False,flat,,,fold_features_D11_qualonly_da_untreated.csv,da_untreated
logistic_l2,8,C=1.0,0.9135737704918032,0.0068404397873492,0.8762636212931663,0.0077171864392636,0.8407322404371584,0.0166390865393894,0.8721311475409836,0.0253966121062781,0.8093333333333333,0.0154600241163787,0.8279324853624066,0.0178472988856993,0.1180036602374253,0.0043628409929373,plain,False,flat,,,fold_features_D11_qualonly_da_untreated.csv,da_untreated
logistic_l2,8,C=10.0,0.9148852459016392,0.0085405794033232,0.880262072557427,0.0101728279538146,0.8429508196721311,0.0178776792311916,0.8459016393442622,0.0269925443392971,0.8400000000000001,0.0188561808316412,0.8281697005337654,0.0195974720398826,0.1168627681453238,0.0072392878365985,plain,False,flat,,,fold_features_D11_qualonly_da_untreated.csv,da_untreated
logistic_l2,8,C=100.0,0.908327868852459,0.0075410364032892,0.8766485078605584,0.0103425342373898,0.8276284153005464,0.0224536192192205,0.8245901639344263,0.0362884321658666,0.8306666666666667,0.0281442492426445,0.8111515473490354,0.0243026732167888,0.1239075929755661,0.0066877187215759,plain,False,flat,,,fold_features_D11_qualonly_da_untreated.csv,da_untreated
logistic_l2,9,C=0.01,0.8846994535519126,0.0068590784640301,0.8410086353911884,0.0084252613551232,0.822568306010929,0.0210279112573709,0.8918032786885245,0.0192424227996273,0.7533333333333333,0.0339934634239518,0.8127351465518332,0.0200544350869084,0.1787226123152586,0.0013200970547246,plain,False,flat,,,fold_features_D11_qualonly_da_untreated.csv,da_untreated
logistic_l2,9,C=0.1,0.9097486338797814,0.0067782670325938,0.867880010515211,0.0072861150346445,0.8568633879781421,0.0115615410459087,0.9163934426229507,0.0196265409793092,0.7973333333333333,0.0105174751699548,0.8462716809224728,0.0120979348692576,0.1307073876115086,0.0025849970328847,plain,False,flat,,,fold_features_D11_qualonly_da_untreated.csv,da_untreated
logistic_l2,9,C=1.0,0.9140765027322404,0.0079830145396091,0.8771402421450558,0.0086712287203631,0.8391475409836066,0.0139916133087625,0.862295081967213,0.0158375702144146,0.8160000000000001,0.018645490634136,0.8257823935469604,0.0145467383413967,0.1180635960597295,0.0048677945657796,plain,False,flat,,,fold_features_D11_qualonly_da_untreated.csv,da_untreated
logistic_l2,9,C=10.0,0.9100546448087432,0.0102963220035493,0.8753197100190265,0.0123473700811695,0.8375191256830601,0.0196293165608507,0.8377049180327869,0.0357913068717219,0.8373333333333333,0.018645490634136,0.8219565268382221,0.0224515856943193,0.1206363141084686,0.0079366607319183,plain,False,flat,,,fold_features_D11_qualonly_da_untreated.csv,da_untreated
logistic_l2,9,C=100.0,0.9046775956284152,0.0112819497974837,0.8694833471903893,0.0156884431319816,0.8240437158469944,0.0160040373007248,0.8147540983606557,0.0268260933522045,0.8333333333333334,0.0228791780910822,0.8067540526258584,0.0176509967894704,0.1268590990798986,0.0097683752862797,plain,False,flat,,,fold_features_D11_qualonly_da_untreated.csv,da_untreated
logistic_l2,10,C=0.01,0.8842185792349728,0.0090046214848215,0.8381605780056312,0.0134477133832884,0.8267213114754097,0.0252662767983141,0.8934426229508198,0.0281301369972322,0.76,0.0377123616632825,0.8166360131441701,0.0244209161608481,0.1774724751107978,0.0014694180494421,plain,False,flat,,,fold_features_D11_qualonly_da_untreated.csv,da_untreated
logistic_l2,10,C=0.1,0.91224043715847,0.0073427659157336,0.870479112520275,0.0091112215723524,0.8591693989071038,0.0127951545402193,0.9196721311475408,0.0224642675312507,0.7986666666666666,0.0098381971649682,0.8486273411977207,0.013488216224842,0.1298349412452078,0.0031265192518264,plain,False,flat,,,fold_features_D11_qualonly_da_untreated.csv,da_untreated
logistic_l2,10,C=1.0,0.9157814207650272,0.0082367289162146,0.8801968086396286,0.0088373411066412,0.8421202185792349,0.0185623838721289,0.8655737704918032,0.0253966121062781,0.8186666666666668,0.0200739374055755,0.8288488512785193,0.0196662098379951,0.1167411922760877,0.0053814251331621,plain,False,flat,,,fold_features_D11_qualonly_da_untreated.csv,da_untreated
logistic_l2,10,C=10.0,0.9084371584699454,0.0086026658254123,0.8748092635768623,0.010398384620106,0.8297814207650273,0.0175984754472621,0.8262295081967214,0.0246810705806256,0.8333333333333334,0.0219988776369148,0.81353823381021,0.0190642183334605,0.1219368632597322,0.0073448439066071,plain,False,flat,,,fold_features_D11_qualonly_da_untreated.csv,da_untreated
logistic_l2,10,C=100.0,0.9005464480874317,0.0106803539245514,0.8656448697153311,0.0151149651311902,0.8202513661202187,0.0132103427998918,0.8098360655737705,0.0258626438605447,0.8306666666666667,0.0218185559264597,0.8025258042760515,0.0147695148433884,0.1307324303135,0.00871134313245,plain,False,flat,,,fold_features_D11_qualonly_da_untreated.csv,da_untreated
logistic_l1,4,C=1.0,0.9083934426229509,0.0158353745895242,0.8730667119327755,0.0178352423925056,0.8387978142076502,0.0249179262665625,0.8442622950819672,0.033906212147516,0.8333333333333334,0.0219988776369148,0.8238771650016126,0.0271332799577214,0.1228177481599228,0.0116800781168472,plain,False,nested,50.0,"k=4,C=1.0 x8; k=4,C=100.0 x7; k=4,C=10.0 x5; k=5,C=100.0 x5; k=8,C=100.0 x4; k=3,C=0.1 x3; k=10,C=1.0 x2; k=5,C=1.0 x2; k=8,C=10.0 x2; k=5,C=10.0 x2; k=9,C=10.0 x2; k=7,C=100.0 x2; k=2,C=1.0 x1; k=8,C=1.0 x1; k=6,C=100.0 x1; k=3,C=1.0 x1; k=6,C=10.0 x1; k=10,C=10.0 x1",fold_features_D11_qualonly_da_untreated.csv,da_untreated
logistic_l2,4,C=100.0,0.9017049180327869,0.0095549381860761,0.864489117397015,0.0100954551326734,0.836535519125683,0.0151396738380525,0.8557377049180328,0.0335075622224172,0.8173333333333334,0.0189084865654956,0.8224844636749756,0.0171456580264714,0.128621440117881,0.0072459845198347,plain,False,nested,50.0,"k=4,C=100.0 x11; k=4,C=10.0 x5; k=3,C=0.1 x5; k=4,C=1.0 x4; k=5,C=1.0 x3; k=6,C=100.0 x3; k=8,C=100.0 x3; k=9,C=10.0 x2; k=5,C=100.0 x2; k=3,C=0.01 x2; k=7,C=100.0 x2; k=10,C=10.0 x2; k=2,C=1.0 x1; k=7,C=10.0 x1; k=5,C=10.0 x1; k=9,C=100.0 x1; k=6,C=1.0 x1; k=10,C=0.1 x1",fold_features_D11_qualonly_da_untreated.csv,da_untreated
logistic_l1,0,C=0.01,0.5152677595628415,0.0498145185580436,0.463904313832249,0.0322144014795534,0.5010163934426229,0.0247179866099076,0.4180327868852459,0.2640254852027985,0.584,0.2629218538550341,0.3917357155754199,0.1721313937674297,0.2502785686222621,0.0031149097873226,donor_grouped,False,flat,,,fold_features_D11_qualonly_da_untreated.csv,da_untreated
logistic_l1,0,C=0.1,0.7918251366120218,0.0087381284800281,0.6807855875829325,0.016300699166148,0.7614098360655739,0.0037843080813169,0.9508196721311476,0.0,0.5720000000000001,0.0075686161626339,0.7677132566515628,0.002883450207677,0.1908650147636205,0.0005948721095096,donor_grouped,False,flat,,,fold_features_D11_qualonly_da_untreated.csv,da_untreated
logistic_l1,0,C=1.0,0.7805901639344263,0.0093018527233047,0.6944967933544686,0.0223307949847118,0.7565027322404372,0.0057223897142706,0.9196721311475412,0.0051840617379809,0.5933333333333334,0.0113311544746506,0.7601792548928709,0.0046418130526168,0.1756438871286349,0.0020408300703107,donor_grouped,False,flat,,,fold_features_D11_qualonly_da_untreated.csv,da_untreated
logistic_l1,0,C=10.0,0.7851147540983607,0.0090272312557236,0.7121111571125929,0.0204773968986961,0.7597377049180328,0.0083425521584028,0.9114754098360656,0.0084655373687593,0.608,0.0168654808542313,0.7616776431025031,0.0068407321792737,0.1747712356539507,0.0020829115540903,donor_grouped,False,flat,,,fold_features_D11_qualonly_da_untreated.csv,da_untreated
logistic_l1,0,C=100.0,0.7855519125683059,0.0088969177511457,0.7137141652750513,0.0204002154577823,0.7597377049180328,0.0083425521584028,0.9114754098360656,0.0084655373687593,0.608,0.0168654808542313,0.7616776431025031,0.0068407321792737,0.1747168463088714,0.0020845072712451,donor_grouped,False,flat,,,fold_features_D11_qualonly_da_untreated.csv,da_untreated
logistic_l1,1,C=0.01,0.5218032786885246,0.0540854982777374,0.4669861086395926,0.0353655642826048,0.5085464480874318,0.0434503412740062,0.4344262295081967,0.2608395406527349,0.5826666666666667,0.2633909922810855,0.4083427676248284,0.1682937539342915,0.2497644541878963,0.0028167898006001,donor_grouped,False,flat,,,fold_features_D11_qualonly_da_untreated.csv,da_untreated
logistic_l1,1,C=0.1,0.7986666666666666,0.0077734553283495,0.7359079798839091,0.0153252984869686,0.753792349726776,0.0132545474057358,0.9049180327868852,0.0215829701181765,0.6026666666666667,0.0105174751699548,0.7560993492133294,0.0129735786232218,0.1834331237030245,0.0019414054714649,donor_grouped,False,flat,,,fold_features_D11_qualonly_da_untreated.csv,da_untreated
logistic_l1,1,C=1.0,0.800415300546448,0.0048125502399536,0.6954954886926369,0.010333281618066,0.7575409836065574,0.0126325277700383,0.8950819672131148,0.0234400115732538,0.62,0.0094280904158206,0.7577129243555059,0.0128960718937958,0.1706565739575808,0.0018486407553615,donor_grouped,False,flat,,,fold_features_D11_qualonly_da_untreated.csv,da_untreated
logistic_l1,1,C=10.0,0.7997814207650273,0.0061236871080366,0.6804897876943807,0.0122055722126356,0.7613879781420765,0.0148038962621667,0.8934426229508198,0.0221968262421747,0.6293333333333333,0.0137706074531819,0.7605877215635102,0.0143702894771928,0.1711761601828806,0.0032078413827157,donor_grouped,False,flat,,,fold_features_D11_qualonly_da_untreated.csv,da_untreated
logistic_l1,1,C=100.0,0.7990382513661202,0.0065267042185656,0.6786817236537417,0.011452391773768,0.7597486338797814,0.014026404531722,0.8901639344262294,0.0219261231122829,0.6293333333333333,0.0137706074531819,0.7588543198159374,0.0136752185639409,0.1714791084257897,0.0034427306005774,donor_grouped,False,flat,,,fold_features_D11_qualonly_da_untreated.csv,da_untreated
logistic_l1,2,C=0.01,0.5176502732240438,0.0680423082171128,0.464536617669624,0.0420652392707929,0.5143934426229508,0.0481155200298163,0.5327868852459016,0.2749942653570739,0.496,0.2887726261778108,0.4565009539335753,0.1785361302644578,0.2498130074334076,0.0027883720028099,donor_grouped,False,flat,,,fold_features_D11_qualonly_da_untreated.csv,da_untreated
logistic_l1,2,C=0.1,0.8526775956284153,0.0228921098329867,0.7780070797071915,0.042168422409608,0.8128196721311476,0.0229139003946914,0.9016393442622952,0.0278634946097965,0.724,0.0350238014308365,0.8047818655796828,0.0221297749219717,0.1640711041589036,0.0087940005423897,donor_grouped,False,flat,,,fold_features_D11_qualonly_da_untreated.csv,da_untreated
logistic_l1,2,C=1.0,0.8647650273224043,0.0193546670517736,0.7934899659287398,0.040842035614201,0.8207650273224043,0.011364835759472,0.9081967213114754,0.0192424227996273,0.7333333333333333,0.0251415744421883,0.8123564353379358,0.0108261962233603,0.1453481294075991,0.008140502444076,donor_grouped,False,flat,,,fold_features_D11_qualonly_da_untreated.csv,da_untreated
logistic_l1,2,C=10.0,0.857792349726776,0.0172208750733764,0.7844912263906866,0.0410393355618329,0.8071912568306011,0.0113032214135517,0.8770491803278688,0.0208081232400652,0.7373333333333333,0.014124665406285,0.797259111070233,0.0118215707756505,0.1480938679422903,0.0067121735687581,donor_grouped,False,flat,,,fold_features_D11_qualonly_da_untreated.csv,da_untreated
logistic_l1,2,C=100.0,0.8556502732240437,0.0167859744743823,0.7820355333302319,0.0410411907480481,0.8006338797814208,0.0139787074544112,0.8639344262295081,0.0219261231122829,0.7373333333333333,0.0126491106406735,0.7900385524904487,0.0145872157315145,0.1494088284219806,0.0065899616084747,donor_grouped,False,flat,,,fold_features_D11_qualonly_da_untreated.csv,da_untreated
logistic_l1,3,C=0.01,0.5180874316939891,0.0684448619091893,0.4646220508266704,0.0421555934270886,0.5168633879781421,0.0432574033998264,0.5163934426229508,0.2938905313557345,0.5173333333333334,0.2995173071526095,0.4436821947738294,0.1926382443949068,0.249794305521506,0.0027115455930578,donor_grouped,False,flat,,,fold_features_D11_qualonly_da_untreated.csv,da_untreated
logistic_l1,3,C=0.1,0.9088743169398906,0.0057577180101509,0.8649923358697033,0.0065280388491722,0.8521639344262295,0.0195125450314696,0.880327868852459,0.0244989199688086,0.8240000000000001,0.0215910360915397,0.8397155722261015,0.0203506809624407,0.1395094643868042,0.0025484489080241,donor_grouped,False,flat,,,fold_features_D11_qualonly_da_untreated.csv,da_untreated
logistic_l1,3,C=1.0,0.9148633879781422,0.0031104370427885,0.8734945649527364,0.0068478783595818,0.8732786885245902,0.0126877720185132,0.9065573770491804,0.0134962721696486,0.8400000000000001,0.0177777777777778,0.8620887298747764,0.013137935535414,0.1174567890731937,0.0027181489400817,donor_grouped,False,flat,,,fold_features_D11_qualonly_da_untreated.csv,da_untreated
logistic_l1,3,C=10.0,0.9068196721311474,0.0052032775535182,0.8648129685100054,0.0105580617325983,0.8568306010928962,0.0115239382137231,0.880327868852459,0.0155521852139428,0.8333333333333334,0.012957670877434,0.8443303946745029,0.0122223070936577,0.1219954697656081,0.0039790264982483,donor_grouped,False,flat,,,fold_features_D11_qualonly_da_untreated.csv,da_untreated
logistic_l1,3,C=100.0,0.9047431693989072,0.0063490903185756,0.8632162881239873,0.0117794928198297,0.8463715846994535,0.0138443149890032,0.8754098360655738,0.0192424227996273,0.8173333333333334,0.0189084865654956,0.8337276724352197,0.0145014192119225,0.1241486131679067,0.004617419303558,donor_grouped,False,flat,,,fold_features_D11_qualonly_da_untreated.csv,da_untreated
logistic_l1,4,C=0.01,0.5180874316939891,0.0684448619091893,0.4646220508266704,0.0421555934270886,0.5168633879781421,0.0432574033998264,0.5163934426229508,0.2938905313557345,0.5173333333333334,0.2995173071526095,0.4436821947738294,0.1926382443949068,0.2497971509710278,0.0027112791419253,donor_grouped,False,flat,,,fold_features_D11_qualonly_da_untreated.csv,da_untreated
logistic_l1,4,C=0.1,0.9088743169398906,0.0057577180101509,0.8649923358697033,0.0065280388491722,0.8521639344262295,0.0195125450314696,0.880327868852459,0.0244989199688086,0.8240000000000001,0.0215910360915397,0.8397155722261015,0.0203506809624407,0.1395095411784173,0.0025485482389143,donor_grouped,False,flat,,,fold_features_D11_qualonly_da_untreated.csv,da_untreated
logistic_l1,4,C=1.0,0.923912568306011,0.0042364668222308,0.890574710435254,0.0071714505605331,0.8654426229508196,0.0097977801752228,0.8868852459016393,0.0163021135411763,0.844,0.0166888740937943,0.8533183306640814,0.0103463753122397,0.1127390253212886,0.0029105797602924,donor_grouped,False,flat,,,fold_features_D11_qualonly_da_untreated.csv,da_untreated
logistic_l1,4,C=10.0,0.9187103825136612,0.0069170342025118,0.8886301170365053,0.0119207213009686,0.8523169398907104,0.0105961530563547,0.8819672131147541,0.0150645341552898,0.8226666666666667,0.0199257882412976,0.8400118202941487,0.0108205733531974,0.1149842969610932,0.0051527893102024,donor_grouped,False,flat,,,fold_features_D11_qualonly_da_untreated.csv,da_untreated
logistic_l1,4,C=100.0,0.9163497267759564,0.0071899316503223,0.8875281804431976,0.0115307131212545,0.8360218579234973,0.0154274552952392,0.8573770491803279,0.0110647304542713,0.8146666666666667,0.0254926762661333,0.8224740112990376,0.0156098067062832,0.1175267443610637,0.0059407396913776,donor_grouped,False,flat,,,fold_features_D11_qualonly_da_untreated.csv,da_untreated
logistic_l1,5,C=0.01,0.5222622950819672,0.064617907758394,0.4682820244566801,0.0404710512984075,0.5232021857923497,0.0406937835705559,0.5557377049180328,0.3213793095935631,0.4906666666666666,0.3209122798492209,0.459265044995275,0.2003180070407548,0.2498335008593473,0.0027243353922962,donor_grouped,False,flat,,,fold_features_D11_qualonly_da_untreated.csv,da_untreated
logistic_l1,5,C=0.1,0.9088743169398906,0.0057577180101509,0.8649923358697033,0.0065280388491722,0.8521639344262295,0.0195125450314696,0.880327868852459,0.0244989199688086,0.8240000000000001,0.0215910360915397,0.8397155722261015,0.0203506809624407,0.1395081987520171,0.0025486388748334,donor_grouped,False,flat,,,fold_features_D11_qualonly_da_untreated.csv,da_untreated
logistic_l1,5,C=1.0,0.9226666666666666,0.0053874842594385,0.8898419597251349,0.0080462818046962,0.8585245901639345,0.0087872673585609,0.8770491803278688,0.0159315625542221,0.8400000000000001,0.0198761597999981,0.8458805397805854,0.009147658674615,0.1139164279083088,0.0030342111666118,donor_grouped,False,flat,,,fold_features_D11_qualonly_da_untreated.csv,da_untreated
logistic_l1,5,C=10.0,0.9166120218579236,0.0083673001602523,0.8892944694106732,0.0108965872374311,0.8402732240437158,0.0194502940996847,0.8672131147540985,0.0180410645018788,0.8133333333333332,0.027397395568751,0.8273418125479172,0.0198877459842433,0.1174760050732519,0.0063729216674404,donor_grouped,False,flat,,,fold_features_D11_qualonly_da_untreated.csv,da_untreated
logistic_l1,5,C=100.0,0.9137486338797812,0.0083583815376656,0.8873397171445884,0.0101206535826362,0.8338688524590164,0.0182182474221745,0.8557377049180328,0.0229247835665606,0.812,0.0212684197582318,0.8201135191257398,0.0194587278467441,0.120268234993121,0.0071687738920725,donor_grouped,False,flat,,,fold_features_D11_qualonly_da_untreated.csv,da_untreated
logistic_l1,6,C=0.01,0.526,0.0600313774466962,0.4718759714932501,0.0366794766324721,0.5232021857923497,0.0406937835705559,0.5557377049180328,0.3213793095935631,0.4906666666666666,0.3209122798492209,0.459265044995275,0.2003180070407548,0.2499031160159967,0.0027038744404833,donor_grouped,False,flat,,,fold_features_D11_qualonly_da_untreated.csv,da_untreated
logistic_l1,6,C=0.1,0.9088743169398906,0.0057577180101509,0.8649923358697033,0.0065280388491722,0.8521639344262295,0.0195125450314696,0.880327868852459,0.0244989199688086,0.8240000000000001,0.0215910360915397,0.8397155722261015,0.0203506809624407,0.1395082426529071,0.0025479752555445,donor_grouped,False,flat,,,fold_features_D11_qualonly_da_untreated.csv,da_untreated
logistic_l1,6,C=1.0,0.9224918032786884,0.003762272925026,0.8873965625178656,0.0060840072879249,0.8555519125683061,0.0094407577032914,0.8737704918032787,0.0173663918929734,0.8373333333333333,0.0163903012574096,0.8426775738034765,0.0100552314296426,0.1133532899256809,0.0027652356334852,donor_grouped,False,flat,,,fold_features_D11_qualonly_da_untreated.csv,da_untreated
logistic_l1,6,C=10.0,0.918775956284153,0.0085231577580039,0.8890032549499065,0.0116686153504301,0.8509398907103826,0.0195640592132213,0.8672131147540985,0.0196265409793092,0.8346666666666668,0.026067339197538,0.8377915438566601,0.0204904345183008,0.1152010539839213,0.007221839885258,donor_grouped,False,flat,,,fold_features_D11_qualonly_da_untreated.csv,da_untreated
logistic_l1,6,C=100.0,0.9162841530054644,0.0084811998009638,0.8874574428592483,0.0126966371571692,0.8482732240437159,0.0210909172918983,0.8672131147540985,0.0180410645018789,0.8293333333333333,0.0293467982563896,0.8352164270365853,0.0219753890661373,0.117467256143919,0.0078082477735191,donor_grouped,False,flat,,,fold_features_D11_qualonly_da_untreated.csv,da_untreated
logistic_l1,7,C=0.01,0.5268743169398907,0.0581943570274368,0.4722756026761961,0.0357192439708784,0.5232021857923497,0.0406937835705559,0.5557377049180328,0.3213793095935631,0.4906666666666666,0.3209122798492209,0.459265044995275,0.2003180070407548,0.2499581659590365,0.0026527807900607,donor_grouped,False,flat,,,fold_features_D11_qualonly_da_untreated.csv,da_untreated
logistic_l1,7,C=0.1,0.9088743169398906,0.0057577180101509,0.8649923358697033,0.0065280388491722,0.8521639344262295,0.0195125450314696,0.880327868852459,0.0244989199688086,0.8240000000000001,0.0215910360915397,0.8397155722261015,0.0203506809624407,0.1395094107684261,0.0025476478024205,donor_grouped,False,flat,,,fold_features_D11_qualonly_da_untreated.csv,da_untreated
logistic_l1,7,C=1.0,0.9223169398907104,0.0036447354639535,0.8872382077460248,0.0058653934314214,0.853912568306011,0.0102553876346812,0.8704918032786886,0.0196265409793092,0.8373333333333333,0.0163903012574096,0.8408236571559607,0.0110409731811066,0.113424254807358,0.0027292246009042,donor_grouped,False,flat,,,fold_features_D11_qualonly_da_untreated.csv,da_untreated
logistic_l1,7,C=10.0,0.9146666666666666,0.0097910051987007,0.884926277438894,0.0139926115529951,0.8397158469945355,0.0135087743994939,0.8540983606557377,0.014354016979851,0.8253333333333334,0.0193218356615859,0.8257273870110747,0.0140485556182762,0.1186101740778901,0.0083637173184783,donor_grouped,False,flat,,,fold_features_D11_qualonly_da_untreated.csv,da_untreated
logistic_l1,7,C=100.0,0.9116502732240438,0.0099883243441017,0.8825477556972938,0.0142138722200272,0.8352021857923496,0.0111847955410511,0.8557377049180328,0.0129313219302723,0.8146666666666667,0.0171557858361055,0.8214373699653823,0.0115569785688924,0.1220067566189643,0.0091469390463351,donor_grouped,False,flat,,,fold_features_D11_qualonly_da_untreated.csv,da_untreated
logistic_l1,8,C=0.01,0.5268743169398907,0.0581943570274368,0.4722756026761961,0.0357192439708784,0.5263715846994536,0.0399126471109694,0.5754098360655737,0.2878542054520044,0.4773333333333333,0.2994513501574356,0.4881807076458774,0.1377586748727187,0.2499723739947552,0.002628369050012,donor_grouped,False,flat,,,fold_features_D11_qualonly_da_untreated.csv,da_untreated
logistic_l1,8,C=0.1,0.9088743169398906,0.0057577180101509,0.8649923358697033,0.0065280388491722,0.8521639344262295,0.0195125450314696,0.880327868852459,0.0244989199688086,0.8240000000000001,0.0215910360915397,0.8397155722261015,0.0203506809624407,0.1395096194609807,0.0025477806721594,donor_grouped,False,flat,,,fold_features_D11_qualonly_da_untreated.csv,da_untreated
logistic_l1,8,C=1.0,0.9218360655737704,0.003489974179654,0.8866865866051405,0.004664062627388,0.8547322404371585,0.0101720658726585,0.8721311475409836,0.0215829701181765,0.8373333333333333,0.0163903012574096,0.8417181115387871,0.0110778791921206,0.1136632619578833,0.0025596839114985,donor_grouped,False,flat,,,fold_features_D11_qualonly_da_untreated.csv,da_untreated
logistic_l1,8,C=10.0,0.9183387978142076,0.0092231343629888,0.8879733824537563,0.0119695650313781,0.8402732240437158,0.0119224515187169,0.8672131147540985,0.0120961440552888,0.8133333333333332,0.0166295883856619,0.8272510948849418,0.0123059439024146,0.1151083776072196,0.0072871138477648,donor_grouped,False,flat,,,fold_features_D11_qualonly_da_untreated.csv,da_untreated
logistic_l1,8,C=100.0,0.9148852459016392,0.0079987922154233,0.8863171280840628,0.0115563515627434,0.8347868852459015,0.013760759275,0.8655737704918032,0.0229247835665606,0.8039999999999999,0.0199257882412976,0.8217601007739164,0.0144979121061345,0.1205857800052208,0.0084075257109205,donor_grouped,False,flat,,,fold_features_D11_qualonly_da_untreated.csv,da_untreated
logistic_l1,9,C=0.01,0.5296284153005464,0.056024677626059,0.4732726559183413,0.0352079613157717,0.5260546448087432,0.0406183831892602,0.5934426229508196,0.2626136498947672,0.4586666666666666,0.2863271029374327,0.5030437078429995,0.1083626954975567,0.2500660173926996,0.0026043654804062,donor_grouped,False,flat,,,fold_features_D11_qualonly_da_untreated.csv,da_untreated
logistic_l1,9,C=0.1,0.9088743169398906,0.0057577180101509,0.8649923358697033,0.0065280388491722,0.8521639344262295,0.0195125450314696,0.880327868852459,0.0244989199688086,0.8240000000000001,0.0215910360915397,0.8397155722261015,0.0203506809624407,0.1395091032632892,0.0025468593780864,donor_grouped,False,flat,,,fold_features_D11_qualonly_da_untreated.csv,da_untreated
logistic_l1,9,C=1.0,0.921704918032787,0.0035779995735936,0.8867215150607416,0.0050199900829732,0.8530928961748634,0.0083037417409687,0.8688524590163935,0.0172802057932698,0.8373333333333333,0.0163903012574096,0.8399237696419,0.0089090539698793,0.1139293647704794,0.0027156906102038,donor_grouped,False,flat,,,fold_features_D11_qualonly_da_untreated.csv,da_untreated
logistic_l1,9,C=10.0,0.9146010928961747,0.0082380178082453,0.8827595854639758,0.011326689348246,0.8338688524590164,0.0092410530993673,0.8557377049180328,0.0103681234759619,0.812,0.0132590523468233,0.8201316178137616,0.0096102590746154,0.1178053594485478,0.0066847532623645,donor_grouped,False,flat,,,fold_features_D11_qualonly_da_untreated.csv,da_untreated
logistic_l1,9,C=100.0,0.9124371584699452,0.0083913425828627,0.881582506082282,0.0125829711508051,0.8413989071038251,0.016498252286003,0.8721311475409836,0.0276483292692317,0.8106666666666668,0.0105174751699548,0.8285157674135769,0.0178445799400795,0.1227297136126851,0.0065507837040599,donor_grouped,False,flat,,,fold_features_D11_qualonly_da_untreated.csv,da_untreated
logistic_l1,10,C=0.01,0.5279016393442623,0.0551958867168994,0.4725777893858372,0.0349050908571242,0.5260546448087432,0.0406183831892602,0.5934426229508196,0.2626136498947672,0.4586666666666666,0.2863271029374327,0.5030437078429995,0.1083626954975567,0.2500882298600544,0.0025472134523039,donor_grouped,False,flat,,,fold_features_D11_qualonly_da_untreated.csv,da_untreated
logistic_l1,10,C=0.1,0.9088743169398906,0.0057577180101509,0.8649923358697033,0.0065280388491722,0.8521639344262295,0.0195125450314696,0.880327868852459,0.0244989199688086,0.8240000000000001,0.0215910360915397,0.8397155722261015,0.0203506809624407,0.139509658651261,0.0025470655359827,donor_grouped,False,flat,,,fold_features_D11_qualonly_da_untreated.csv,da_untreated
logistic_l1,10,C=1.0,0.9209398907103824,0.0033753019021681,0.8848815353179349,0.004946603307314,0.8508852459016394,0.0103287779530046,0.8737704918032787,0.0256888727290561,0.8280000000000001,0.0203184523567332,0.8379741227282566,0.0112837628799163,0.1142433090475949,0.0025155902669283,donor_grouped,False,flat,,,fold_features_D11_qualonly_da_untreated.csv,da_untreated
logistic_l1,10,C=10.0,0.9063169398907104,0.0073802282385297,0.8745793175793211,0.0087088148314525,0.8324808743169398,0.0099423255792376,0.862295081967213,0.0192424227996273,0.8026666666666668,0.0151372323252679,0.8192743308944979,0.0107074282520916,0.1257749165520197,0.0071597303902354,donor_grouped,False,flat,,,fold_features_D11_qualonly_da_untreated.csv,da_untreated
logistic_l1,10,C=100.0,0.9029945355191258,0.0071393627932209,0.8710491719608175,0.0092300661584292,0.8260218579234972,0.0083233210478659,0.8573770491803279,0.0173663918929734,0.7946666666666667,0.0200739374055755,0.8127506271048454,0.0084828592579287,0.1317986270159806,0.0083346511493066,donor_grouped,False,flat,,,fold_features_D11_qualonly_da_untreated.csv,da_untreated
logistic_l2,0,C=0.01,0.7462950819672132,0.0165126770921461,0.6242050911852931,0.0283540649040476,0.7440327868852459,0.0054003400186419,0.936065573770492,0.0120961440552888,0.5519999999999999,0.009322745317068,0.7527843137254902,0.005216871019362,0.2280995709641238,0.0005525644868286,donor_grouped,False,flat,,,fold_features_D11_qualonly_da_untreated.csv,da_untreated
logistic_l2,0,C=0.1,0.7734207650273224,0.0102051511016545,0.6875100891693012,0.0191552477291427,0.7572131147540985,0.0056655772373253,0.9344262295081968,0.0,0.58,0.0113311544746506,0.7625638472821015,0.0043082509766289,0.1903441755086466,0.0015754405308016,donor_grouped,False,flat,,,fold_features_D11_qualonly_da_untreated.csv,da_untreated
logistic_l2,0,C=1.0,0.7826010928961749,0.0081310953116079,0.706986843194278,0.0186414103168228,0.7658797814207651,0.0042163702135578,0.9344262295081968,0.0,0.5973333333333333,0.0084327404271156,0.7692433839126073,0.0032844112597042,0.1768846691379175,0.0019383089606389,donor_grouped,False,flat,,,fold_features_D11_qualonly_da_untreated.csv,da_untreated
logistic_l2,0,C=10.0,0.7855300546448087,0.0090503417854991,0.7127556917970354,0.0201741653978298,0.7613770491803279,0.009245755229714,0.9147540983606556,0.0069120823173079,0.608,0.0168654808542313,0.7633803933255651,0.0076219883438229,0.1749149346562617,0.0020549073683966,donor_grouped,False,flat,,,fold_features_D11_qualonly_da_untreated.csv,da_untreated
logistic_l2,0,C=100.0,0.7855737704918033,0.0090140196687576,0.7135741573502662,0.0205678198840187,0.7597377049180328,0.0083425521584028,0.9114754098360656,0.0084655373687593,0.608,0.0168654808542313,0.7616776431025031,0.0068407321792737,0.1747284888263274,0.0020813965201367,donor_grouped,False,flat,,,fold_features_D11_qualonly_da_untreated.csv,da_untreated
logistic_l2,1,C=0.01,0.8004371584699455,0.0058196650047987,0.7436789637593789,0.0067570300344185,0.737103825136612,0.0067481360848242,0.8475409836065573,0.0134962721696485,0.6266666666666667,0.0,0.7348578105707565,0.0074313119570168,0.2133506010668018,0.0006936489442272,donor_grouped,False,flat,,,fold_features_D11_qualonly_da_untreated.csv,da_untreated
logistic_l2,1,C=0.1,0.8069071038251365,0.0047130738363103,0.7357944451394183,0.0089686128152161,0.7589289617486339,0.0042160554439615,0.8885245901639344,0.0103681234759619,0.6293333333333334,0.0056218269514104,0.7580226872817523,0.0045623408636278,0.1753112023037835,0.0013482498827223,donor_grouped,False,flat,,,fold_features_D11_qualonly_da_untreated.csv,da_untreated
logistic_l2,1,C=1.0,0.8049617486338798,0.0042622016710141,0.6987904011841801,0.0105690557426177,0.7653333333333333,0.0069516749959669,0.9,0.0120961440552888,0.6306666666666667,0.0089993141028073,0.764608121224197,0.0067784867626077,0.1690971690246197,0.0018841528829757,donor_grouped,False,flat,,,fold_features_D11_qualonly_da_untreated.csv,da_untreated
logistic_l2,1,C=10.0,0.8002841530054644,0.0058270033723489,0.6808901377043101,0.0123616768737133,0.7592349726775957,0.0136187317975477,0.8918032786885245,0.0176224213077564,0.6266666666666667,0.01539600717839,0.7587077234694597,0.0128590565639963,0.1708556536031127,0.0030521737812823,donor_grouped,False,flat,,,fold_features_D11_qualonly_da_untreated.csv,da_untreated
logistic_l2,1,C=100.0,0.7991038251366119,0.0066709055173516,0.6786738871221992,0.0115821602080566,0.7597486338797814,0.014026404531722,0.8901639344262294,0.0219261231122829,0.6293333333333333,0.0137706074531819,0.7588543198159374,0.0136752185639409,0.1714712290419157,0.0034345256057192,donor_grouped,False,flat,,,fold_features_D11_qualonly_da_untreated.csv,da_untreated
logistic_l2,2,C=0.01,0.8433224043715846,0.0151421412507432,0.7729449004311223,0.0320542396417705,0.7878360655737705,0.0165417336694334,0.9196721311475408,0.0224642675312507,0.6559999999999999,0.0175541490294502,0.7851344191667164,0.0158317806202352,0.1976391219065921,0.0030147478199291,donor_grouped,False,flat,,,fold_features_D11_qualonly_da_untreated.csv,da_untreated
logistic_l2,2,C=0.1,0.8521967213114754,0.0176810050868932,0.7774175910441368,0.0378969907866083,0.8059890710382513,0.017111790134329,0.9213114754098362,0.0241922881105777,0.6906666666666668,0.0257624475487812,0.8005845215095544,0.01642040353978,0.1570197357085856,0.0062190413692574,donor_grouped,False,flat,,,fold_features_D11_qualonly_da_untreated.csv,da_untreated
logistic_l2,2,C=1.0,0.8591693989071038,0.0172362350869939,0.7793656521098351,0.0393540269021536,0.8190710382513661,0.0115137129277626,0.9114754098360656,0.0176224213077563,0.7266666666666667,0.0191162783712058,0.8110951874656612,0.0111195648873261,0.1470738356976604,0.0071472017456095,donor_grouped,False,flat,,,fold_features_D11_qualonly_da_untreated.csv,da_untreated
logistic_l2,2,C=10.0,0.8567868852459016,0.0164533372560187,0.7823491153796793,0.0405050399245303,0.8046775956284152,0.010209181721148,0.8786885245901639,0.0207362469519238,0.7306666666666667,0.0163903012574095,0.7952029794693465,0.0106246119163734,0.1480407388105512,0.006502094926727,donor_grouped,False,flat,,,fold_features_D11_qualonly_da_untreated.csv,da_untreated
logistic_l2,2,C=100.0,0.8555409836065573,0.0166083305265087,0.7818845405784145,0.0408430483513866,0.7998142076502732,0.0146092464391324,0.862295081967213,0.0221294609085426,0.7373333333333333,0.0126491106406735,0.7891319742704377,0.015191556402024,0.1493929211024361,0.0065733103862271,donor_grouped,False,flat,,,fold_features_D11_qualonly_da_untreated.csv,da_untreated
logistic_l2,3,C=0.01,0.9042841530054644,0.0081696862391165,0.8645637831833295,0.0104973768990998,0.8504371584699453,0.0098088065916738,0.9475409836065574,0.0103681234759618,0.7533333333333333,0.0180534186769688,0.8420009473212285,0.0092690610408744,0.1813035932000393,0.0016115677032155,donor_grouped,False,flat,,,fold_features_D11_qualonly_da_untreated.csv,da_untreated
logistic_l2,3,C=0.1,0.9144918032786884,0.0051290362560959,0.8728148109808215,0.0068540286661437,0.8683387978142075,0.0103344106651262,0.939344262295082,0.0079187851072073,0.7973333333333333,0.0137706074531819,0.8584653175226624,0.0102463944978518,0.1293136604918105,0.0022394756515026,donor_grouped,False,flat,,,fold_features_D11_qualonly_da_untreated.csv,da_untreated
logistic_l2,3,C=1.0,0.9132240437158472,0.0036429872495446,0.8696129421815602,0.0063768105614529,0.8646120218579234,0.010943378469378,0.9065573770491804,0.02051910749237,0.8226666666666667,0.0126491106406734,0.8533356836062433,0.0115711721509958,0.1178828227753262,0.0030812039977024,donor_grouped,False,flat,,,fold_features_D11_qualonly_da_untreated.csv,da_untreated
logistic_l2,3,C=10.0,0.9081967213114754,0.0055325451385266,0.8650752721709294,0.0116996707102176,0.8590819672131147,0.0124467818795063,0.8901639344262294,0.0190082263725968,0.828,0.0132590523468233,0.8470769476685496,0.0132306244231248,0.1208198001184421,0.003812036161261,donor_grouped,False,flat,,,fold_features_D11_qualonly_da_untreated.csv,da_untreated
logistic_l2,3,C=100.0,0.904808743169399,0.0063066832989086,0.8634791768250929,0.0115616896235405,0.8457049180327869,0.0142008110202528,0.8754098360655738,0.0192424227996273,0.8160000000000001,0.0206559111797728,0.8330934974498996,0.0147811435376357,0.123879575643201,0.0045324889835202,donor_grouped,False,flat,,,fold_features_D11_qualonly_da_untreated.csv,da_untreated
logistic_l2,4,C=0.01,0.8891803278688524,0.0063249644923018,0.84277989635628,0.0082479636182147,0.8198360655737705,0.0137315251337593,0.9196721311475412,0.0180410645018789,0.72,0.025915341754868,0.8125194698765495,0.0128050162599064,0.1812937194388463,0.0014778340519483,donor_grouped,False,flat,,,fold_features_D11_qualonly_da_untreated.csv,da_untreated
logistic_l2,4,C=0.1,0.9126338797814209,0.0040854116421773,0.8699099479506355,0.0062092591925102,0.8527103825136612,0.007328120361866,0.9147540983606556,0.0169310747375187,0.7906666666666666,0.0154600241163787,0.8422473800398077,0.0075455772215022,0.1299565603929179,0.0019376616153167,donor_grouped,False,flat,,,fold_features_D11_qualonly_da_untreated.csv,da_untreated
logistic_l2,4,C=1.0,0.9178360655737704,0.0051760682801845,0.8808602313498419,0.007413201723805,0.8540546448087432,0.0068691710077278,0.8934426229508198,0.0115919144456811,0.8146666666666667,0.0132590523468233,0.8423579072269212,0.0070537856202354,0.115007751807795,0.0032273824757394,donor_grouped,False,flat,,,fold_features_D11_qualonly_da_untreated.csv,da_untreated
logistic_l2,4,C=10.0,0.919103825136612,0.0061586528462433,0.8869150578783043,0.0104921503833717,0.8653333333333333,0.0134561711952702,0.9,0.0196265409793092,0.8306666666666667,0.0267036780191996,0.8538898339403966,0.0137667477094945,0.1143721801696323,0.0047039633823689,donor_grouped,False,flat,,,fold_features_D11_qualonly_da_untreated.csv,da_untreated
logistic_l2,4,C=100.0,0.9162622950819672,0.006799379770017,0.8870705821682426,0.0109499990294949,0.8356612021857923,0.0134919497203743,0.860655737704918,0.0115919144456811,0.8106666666666668,0.023349200953891,0.8223497891810929,0.0135975221264643,0.1170177007198104,0.0057880579075954,donor_grouped,False,flat,,,fold_features_D11_qualonly_da_untreated.csv,da_untreated
logistic_l2,5,C=0.01,0.8848306010928961,0.0085995798664421,0.8378279152874043,0.0127055769014858,0.8273879781420765,0.0078364373156274,0.8934426229508198,0.0193198574094685,0.7613333333333333,0.0182709375920839,0.8170664718857811,0.0080244923584119,0.1793438008666,0.0013752184596649,donor_grouped,False,flat,,,fold_features_D11_qualonly_da_untreated.csv,da_untreated
logistic_l2,5,C=0.1,0.9082841530054644,0.0049824560075389,0.8663721276436978,0.0067884206235083,0.8468196721311475,0.0104423800504059,0.9016393442622952,0.0189295170226107,0.792,0.0112436539028209,0.8358151613054595,0.010966489490935,0.1303547971221609,0.0023114451297503,donor_grouped,False,flat,,,fold_features_D11_qualonly_da_untreated.csv,da_untreated
logistic_l2,5,C=1.0,0.9133333333333332,0.0064193115434266,0.8773850582685349,0.0082250848785903,0.8459562841530055,0.0123219432679342,0.8852459016393442,0.0204462152282729,0.8066666666666666,0.0169239402352531,0.8339475464818807,0.0128942746409966,0.1174742015190062,0.0037354841853708,donor_grouped,False,flat,,,fold_features_D11_qualonly_da_untreated.csv,da_untreated
logistic_l2,5,C=10.0,0.9160874316939892,0.0072182278431557,0.8855799410490984,0.0094784127861072,0.8572896174863388,0.0138356607914883,0.8852459016393442,0.0204462152282729,0.8293333333333333,0.018645490634136,0.8450617203429797,0.0145841097694179,0.1166944049273384,0.0058662687604975,donor_grouped,False,flat,,,fold_features_D11_qualonly_da_untreated.csv,da_untreated
logistic_l2,5,C=100.0,0.9146666666666666,0.0082830988110319,0.8881444088151224,0.0099529193439471,0.832688524590164,0.019551505638255,0.8573770491803279,0.0244989199688086,0.808,0.0219539360626283,0.8191044201540997,0.0208446653051219,0.1195350855405877,0.0070320442271927,donor_grouped,False,flat,,,fold_features_D11_qualonly_da_untreated.csv,da_untreated
logistic_l2,6,C=0.01,0.8835409836065574,0.0070110612305628,0.8400687876472646,0.0102550977663555,0.8204699453551912,0.0147256060760945,0.8836065573770492,0.0293763498485587,0.7573333333333333,0.0272528172742326,0.8098570392841242,0.0149820138363036,0.1793145693667193,0.0013060463856913,donor_grouped,False,flat,,,fold_features_D11_qualonly_da_untreated.csv,da_untreated
logistic_l2,6,C=0.1,0.9073879781420764,0.0042472294576385,0.8651264774477964,0.0062552629361447,0.8471803278688524,0.0091038316966107,0.898360655737705,0.0186113512195917,0.796,0.0126491106406735,0.8359577828773466,0.0096287915102639,0.1309786827700261,0.0020013603868803,donor_grouped,False,flat,,,fold_features_D11_qualonly_da_untreated.csv,da_untreated
logistic_l2,6,C=1.0,0.91272131147541,0.005959419416249,0.8754066931937139,0.0081645830417508,0.8395519125683061,0.0124897043209797,0.8737704918032787,0.0134962721696486,0.8053333333333332,0.0200739374055755,0.8270574981747313,0.012621475180076,0.1178335838682002,0.0033947180313537,donor_grouped,False,flat,,,fold_features_D11_qualonly_da_untreated.csv,da_untreated
logistic_l2,6,C=10.0,0.9182513661202184,0.0080238396490702,0.8849614276433689,0.010493773440371,0.8584699453551913,0.0140806052090906,0.8836065573770492,0.0196265409793092,0.8333333333333334,0.0169239402352531,0.846140766695308,0.0149822001311781,0.1146569740011331,0.0063700125907095,donor_grouped,False,flat,,,fold_features_D11_qualonly_da_untreated.csv,da_untreated
logistic_l2,6,C=100.0,0.9169398907103826,0.0082592233506409,0.888149590117606,0.0117961415708935,0.8493989071038252,0.0228851519562166,0.8721311475409836,0.0241922881105777,0.8266666666666668,0.0288032919929238,0.8365835483444712,0.0240521529119325,0.1167154882477356,0.0076571649226703,donor_grouped,False,flat,,,fold_features_D11_qualonly_da_untreated.csv,da_untreated
logistic_l2,7,C=0.01,0.8827540983606557,0.006972643335476,0.8403908075342187,0.0106839523508147,0.8196065573770491,0.0145954455373769,0.8672131147540985,0.0349470534542502,0.772,0.0203184523567332,0.8074095028568042,0.0162584425371928,0.1793014660007378,0.0012071777426088,donor_grouped,False,flat,,,fold_features_D11_qualonly_da_untreated.csv,da_untreated
logistic_l2,7,C=0.1,0.9076284153005464,0.0039562237715405,0.8653456542310538,0.0061793594119272,0.8488743169398907,0.0062737275258141,0.8950819672131148,0.0158375702144146,0.8026666666666668,0.0105174751699548,0.8373864159109953,0.006719095519253,0.1311248916340499,0.0019150029454137,donor_grouped,False,flat,,,fold_features_D11_qualonly_da_untreated.csv,da_untreated
logistic_l2,7,C=1.0,0.9129398907103824,0.0063868122693769,0.8756685180133509,0.008836726531632,0.8404262295081967,0.0133278030076792,0.8688524590163935,0.0133851898512742,0.8119999999999999,0.0230512044086932,0.8275702971410073,0.0133321579067515,0.1180545864965572,0.0035435113706801,donor_grouped,False,flat,,,fold_features_D11_qualonly_da_untreated.csv,da_untreated
logistic_l2,7,C=10.0,0.9154098360655738,0.0088199422287099,0.8825565603813427,0.0114564312290121,0.8499125683060109,0.0160859277365162,0.8704918032786886,0.0163021135411763,0.8293333333333333,0.0241803920155296,0.8369772846376342,0.0165551938434598,0.1167916343382415,0.0070530835989347,donor_grouped,False,flat,,,fold_features_D11_qualonly_da_untreated.csv,da_untreated
logistic_l2,7,C=100.0,0.91248087431694,0.0101592719000003,0.8834040514325971,0.0142325066709009,0.8355081967213115,0.0125742125979766,0.8590163934426229,0.0138241646346158,0.8119999999999999,0.0193218356615859,0.8220133409866701,0.0128955560298449,0.1210678378178571,0.0089242617638206,donor_grouped,False,flat,,,fold_features_D11_qualonly_da_untreated.csv,da_untreated
logistic_l2,8,C=0.01,0.8792131147540984,0.0042760663676808,0.8378042749376264,0.0095468061953855,0.82048087431694,0.0132901846937403,0.862295081967213,0.0347327837859468,0.7786666666666667,0.0210349503399097,0.8077628594893265,0.0152088599331945,0.1794441849788441,0.0008626526469927,donor_grouped,False,flat,,,fold_features_D11_qualonly_da_untreated.csv,da_untreated
logistic_l2,8,C=0.1,0.9060546448087432,0.003969084345961,0.8630596007854221,0.0066800079380511,0.846360655737705,0.0107745990073473,0.8967213114754099,0.0155521852139428,0.796,0.0109769680313142,0.8350934601758226,0.0111798045145036,0.1317852201136382,0.0018205441094085,donor_grouped,False,flat,,,fold_features_D11_qualonly_da_untreated.csv,da_untreated
logistic_l2,8,C=1.0,0.9119344262295082,0.00584646678925,0.8740432236379364,0.007698642376863,0.8381202185792349,0.015154459152045,0.8655737704918032,0.0169310747375187,0.8106666666666668,0.0224873078056418,0.8250647963751148,0.0155256312870508,0.1189261860399518,0.00367408823479,donor_grouped,False,flat,,,fold_features_D11_qualonly_da_untreated.csv,da_untreated
logistic_l2,8,C=10.0,0.9174207650273224,0.0082706562295044,0.8841032885480541,0.0103756673939457,0.8550819672131148,0.0090244669563013,0.8901639344262294,0.0134962721696486,0.82,0.0129576708774339,0.8431675322593,0.0093677857295627,0.1144991888797037,0.0061241068523282,donor_grouped,False,flat,,,fold_features_D11_qualonly_da_untreated.csv,da_untreated
logistic_l2,8,C=100.0,0.9163715846994536,0.0077170818649566,0.8875193598961442,0.0103068540285971,0.8347868852459015,0.013760759275,0.8655737704918032,0.0229247835665606,0.8039999999999999,0.0199257882412976,0.8217601007739164,0.0144979121061345,0.1186218764967329,0.0078908670220809,donor_grouped,False,flat,,,fold_features_D11_qualonly_da_untreated.csv,da_untreated
logistic_l2,9,C=0.01,0.8789945355191258,0.0042760663676808,0.8381251695170375,0.0095765064520187,0.8216612021857923,0.0157631346863905,0.860655737704918,0.0339062121475159,0.7826666666666666,0.0126491106406735,0.8086864445096413,0.0177954694219491,0.1785486006333442,0.0007030347857293,donor_grouped,False,flat,,,fold_features_D11_qualonly_da_untreated.csv,da_untreated
logistic_l2,9,C=0.1,0.9088306010928962,0.0041835073288916,0.8664422709591453,0.0065909620794497,0.8434426229508196,0.015046044527632,0.8868852459016393,0.0224642675312508,0.8,0.0125707872210941,0.8316004490065826,0.0158838909586319,0.1310407896689511,0.0016654738326554,donor_grouped,False,flat,,,fold_features_D11_qualonly_da_untreated.csv,da_untreated
logistic_l2,9,C=1.0,0.9135081967213114,0.0059156100800875,0.8762244243670232,0.0071776521089109,0.8417595628415301,0.0153724090872181,0.8688524590163935,0.0172802057932698,0.8146666666666667,0.0212684197582318,0.8288238757690367,0.0158057541609091,0.1182028559378767,0.0036057826218671,donor_grouped,False,flat,,,fold_features_D11_qualonly_da_untreated.csv,da_untreated
logistic_l2,9,C=10.0,0.9143825136612024,0.0081414367136154,0.8802967773095067,0.0092582517836339,0.845398907103825,0.0126247459014803,0.8721311475409836,0.0129313219302724,0.8186666666666668,0.0190645427462464,0.8326098032077386,0.0129438705358968,0.1168531413124448,0.0060331024781307,donor_grouped,False,flat,,,fold_features_D11_qualonly_da_untreated.csv,da_untreated
logistic_l2,9,C=100.0,0.9133333333333332,0.0082258942500628,0.8816619709462635,0.012334332701669,0.8397595628415301,0.0150176642805662,0.8688524590163935,0.0244379013934403,0.8106666666666668,0.0105174751699548,0.826726858647924,0.0162029174624657,0.1206905364830891,0.0063634727634812,donor_grouped,False,flat,,,fold_features_D11_qualonly_da_untreated.csv,da_untreated
logistic_l2,10,C=0.01,0.8789289617486338,0.004379410118038,0.8369266628054095,0.0065099356973602,0.8170054644808744,0.0105490997732912,0.839344262295082,0.0265463558502537,0.7946666666666666,0.0168654808542313,0.8023766736097944,0.0120765444232877,0.1774197396882482,0.0009255394482672,donor_grouped,False,flat,,,fold_features_D11_qualonly_da_untreated.csv,da_untreated
logistic_l2,10,C=0.1,0.9114972677595627,0.0034305258686594,0.8685446627021302,0.0058102710382742,0.8481092896174862,0.0109203123028709,0.8868852459016393,0.0210931793066871,0.8093333333333333,0.0189084865654956,0.8361406384122398,0.011434070399805,0.1302796465483115,0.0016092381247956,donor_grouped,False,flat,,,fold_features_D11_qualonly_da_untreated.csv,da_untreated
logistic_l2,10,C=1.0,0.9155628415300546,0.0056831068140624,0.8783956616449629,0.007062095451474,0.8438579234972678,0.0113519890203932,0.8770491803278688,0.0177069417989286,0.8106666666666668,0.018645490634136,0.8313980153780361,0.0117950395539665,0.1169898757148601,0.0031223310527344,donor_grouped,False,flat,,,fold_features_D11_qualonly_da_untreated.csv,da_untreated
logistic_l2,10,C=10.0,0.909967213114754,0.0076467682143422,0.8757376366984966,0.0081736194481803,0.8407868852459016,0.0077734553283494,0.8655737704918032,0.0150645341552898,0.8160000000000001,0.0137706074531818,0.8275721359040078,0.0082535346801828,0.1208476830438052,0.0058032614982614,donor_grouped,False,flat,,,fold_features_D11_qualonly_da_untreated.csv,da_untreated
logistic_l2,10,C=100.0,0.9045245901639344,0.007140849757766,0.872370670222774,0.0088231886983981,0.83575956284153,0.0099281662543611,0.8688524590163935,0.0289153148750228,0.8026666666666668,0.0137706074531819,0.8228026152142431,0.0116185883853959,0.1291158549260172,0.007971643798155,donor_grouped,False,flat,,,fold_features_D11_qualonly_da_untreated.csv,da_untreated
logistic_l1,4,C=100.0,0.9046994535519126,0.0105039395502747,0.8722122481802005,0.0119682397704702,0.837398907103825,0.0157208133055772,0.8721311475409836,0.0169310747375187,0.8026666666666668,0.0249839454623203,0.8248976161224693,0.0160472671028693,0.1255908406172953,0.00919543429942,donor_grouped,False,nested,50.0,"k=4,C=100.0 x9; k=6,C=100.0 x7; k=4,C=1.0 x5; k=7,C=10.0 x4; k=10,C=10.0 x4; k=5,C=100.0 x3; k=8,C=100.0 x3; k=6,C=10.0 x3; k=3,C=1.0 x2; k=5,C=10.0 x2; k=3,C=0.1 x1; k=7,C=100.0 x1; k=2,C=10.0 x1; k=9,C=100.0 x1; k=4,C=10.0 x1; k=8,C=10.0 x1; k=5,C=1.0 x1; k=10,C=1.0 x1",fold_features_D11_qualonly_da_untreated.csv,da_untreated
logistic_l2,4,C=100.0,0.9056612021857924,0.0082439119194482,0.8742714821094306,0.0122485114201635,0.8339672131147541,0.020762905333688,0.8639344262295081,0.0309600338234214,0.8039999999999999,0.0259534245700558,0.8208199111466549,0.0217829321487564,0.1254201490927179,0.0062602940435807,donor_grouped,False,nested,50.0,"k=4,C=100.0 x11; k=6,C=100.0 x8; k=5,C=100.0 x6; k=4,C=10.0 x6; k=10,C=10.0 x4; k=7,C=100.0 x3; k=8,C=10.0 x2; k=8,C=100.0 x2; k=9,C=0.1 x2; k=10,C=1.0 x1; k=9,C=100.0 x1; k=3,C=0.1 x1; k=5,C=0.1 x1; k=5,C=10.0 x1; k=9,C=1.0 x1",fold_features_D11_qualonly_da_untreated.csv,da_untreated
logistic_l1,0,C=0.01,0.4970491803278688,,0.4543131047990589,,0.5,,1.0,,0.0,,0.6192893401015228,,0.2569128721636825,,loco,False,flat,,,fold_features_D11_qualonly_da_untreated.csv,da_untreated
logistic_l1,0,C=0.1,0.7951912568306011,,0.6613754435198118,,0.7620765027322405,,0.9508196721311476,,0.5733333333333334,,0.7682119205298014,,0.1864034692889344,,loco,False,flat,,,fold_features_D11_qualonly_da_untreated.csv,da_untreated
logistic_l1,0,C=1.0,0.7903825136612022,,0.7345120808398201,,0.7687431693989071,,0.9508196721311476,,0.5866666666666667,,0.7733333333333333,,0.1726456339842601,,loco,False,flat,,,fold_features_D11_qualonly_da_untreated.csv,da_untreated
logistic_l1,0,C=10.0,0.7899453551912569,,0.7360849958493093,,0.7605464480874318,,0.9344262295081968,,0.5866666666666667,,0.7651006711409396,,0.1723618300506196,,loco,False,flat,,,fold_features_D11_qualonly_da_untreated.csv,da_untreated
logistic_l1,0,C=100.0,0.7903825136612022,,0.7365011370851227,,0.7605464480874318,,0.9344262295081968,,0.5866666666666667,,0.7651006711409396,,0.1723587683295003,,loco,False,flat,,,fold_features_D11_qualonly_da_untreated.csv,da_untreated
logistic_l1,1,C=0.01,0.4601092896174863,,0.4217091405286896,,0.5012021857923497,,0.6557377049180327,,0.3466666666666667,,0.5333333333333333,,0.2506116252403596,,loco,False,flat,,,fold_features_D11_qualonly_da_untreated.csv,da_untreated
logistic_l1,1,C=0.1,0.8043715846994535,,0.7521308940373428,,0.7508196721311475,,0.9016393442622952,,0.6,,0.7534246575342466,,0.1781832513932907,,loco,False,flat,,,fold_features_D11_qualonly_da_untreated.csv,da_untreated
logistic_l1,1,C=1.0,0.8059016393442623,,0.7335883191113677,,0.7626229508196721,,0.8852459016393442,,0.64,,0.7605633802816901,,0.1682976147690931,,loco,False,flat,,,fold_features_D11_qualonly_da_untreated.csv,da_untreated
logistic_l1,1,C=10.0,0.8109289617486338,,0.7200084785965111,,0.7708196721311475,,0.9016393442622952,,0.64,,0.7692307692307693,,0.1663986698885299,,loco,False,flat,,,fold_features_D11_qualonly_da_untreated.csv,da_untreated
logistic_l1,1,C=100.0,0.8118032786885246,,0.7207539735436812,,0.7708196721311475,,0.9016393442622952,,0.64,,0.7692307692307693,,0.1662419463563842,,loco,False,flat,,,fold_features_D11_qualonly_da_untreated.csv,da_untreated
logistic_l1,2,C=0.01,0.4817486338797814,,0.4402304763124152,,0.5066666666666667,,1.0,,0.0133333333333333,,0.6224489795918368,,0.2507708353410141,,loco,False,flat,,,fold_features_D11_qualonly_da_untreated.csv,da_untreated
logistic_l1,2,C=0.1,0.8653551912568306,,0.8021583563704071,,0.8436065573770491,,0.9672131147540984,,0.72,,0.8368794326241135,,0.1517081030941877,,loco,False,flat,,,fold_features_D11_qualonly_da_untreated.csv,da_untreated
logistic_l1,2,C=1.0,0.8614207650273223,,0.8008395254177301,,0.8241530054644809,,0.9016393442622952,,0.7466666666666667,,0.8148148148148148,,0.1385221170859471,,loco,False,flat,,,fold_features_D11_qualonly_da_untreated.csv,da_untreated
logistic_l1,2,C=10.0,0.8590163934426229,,0.7994453439177651,,0.8062295081967212,,0.8524590163934426,,0.76,,0.7938931297709924,,0.1408212259969888,,loco,False,flat,,,fold_features_D11_qualonly_da_untreated.csv,da_untreated
logistic_l1,2,C=100.0,0.8583606557377048,,0.7992122938250608,,0.8046994535519125,,0.8360655737704918,,0.7733333333333333,,0.7906976744186046,,0.1412476555216682,,loco,False,flat,,,fold_features_D11_qualonly_da_untreated.csv,da_untreated
logistic_l1,3,C=0.01,0.4832786885245901,,0.4417389672079149,,0.5,,1.0,,0.0,,0.6192893401015228,,0.2508323902682202,,loco,False,flat,,,fold_features_D11_qualonly_da_untreated.csv,da_untreated
logistic_l1,3,C=0.1,0.9114754098360656,,0.8663086419659877,,0.8574863387978142,,0.9016393442622952,,0.8133333333333334,,0.8461538461538461,,0.1322743139840839,,loco,False,flat,,,fold_features_D11_qualonly_da_untreated.csv,da_untreated
logistic_l1,3,C=1.0,0.912568306010929,,0.8676404681239414,,0.8708196721311475,,0.9016393442622952,,0.84,,0.859375,,0.1175450202174018,,loco,False,flat,,,fold_features_D11_qualonly_da_untreated.csv,da_untreated
logistic_l1,3,C=10.0,0.9088524590163934,,0.8640980979823176,,0.8708196721311475,,0.9016393442622952,,0.84,,0.859375,,0.1206684036333226,,loco,False,flat,,,fold_features_D11_qualonly_da_untreated.csv,da_untreated
logistic_l1,3,C=100.0,0.909071038251366,,0.8641948623753031,,0.8641530054644808,,0.9016393442622952,,0.8266666666666667,,0.8527131782945736,,0.1210621875478821,,loco,False,flat,,,fold_features_D11_qualonly_da_untreated.csv,da_untreated
logistic_l1,4,C=0.01,0.4797814207650274,,0.4400081754008803,,0.5,,1.0,,0.0,,0.6192893401015228,,0.2508424592905476,,loco,False,flat,,,fold_features_D11_qualonly_da_untreated.csv,da_untreated
logistic_l1,4,C=0.1,0.9114754098360656,,0.8663086419659877,,0.8574863387978142,,0.9016393442622952,,0.8133333333333334,,0.8461538461538461,,0.132274529130742,,loco,False,flat,,,fold_features_D11_qualonly_da_untreated.csv,da_untreated
logistic_l1,4,C=1.0,0.92327868852459,,0.8911661927684732,,0.8544262295081967,,0.8688524590163934,,0.84,,0.8412698412698413,,0.112755398926483,,loco,False,flat,,,fold_features_D11_qualonly_da_untreated.csv,da_untreated
logistic_l1,4,C=10.0,0.9182513661202184,,0.8886413573809826,,0.8544262295081967,,0.8688524590163934,,0.84,,0.8412698412698413,,0.1159036490167104,,loco,False,flat,,,fold_features_D11_qualonly_da_untreated.csv,da_untreated
logistic_l1,4,C=100.0,0.9165027322404372,,0.8871243848588288,,0.8559562841530055,,0.8852459016393442,,0.8266666666666667,,0.84375,,0.1165049680887497,,loco,False,flat,,,fold_features_D11_qualonly_da_untreated.csv,da_untreated
logistic_l1,5,C=0.01,0.4688524590163934,,0.4361944363757167,,0.5,,1.0,,0.0,,0.6192893401015228,,0.2508936653361215,,loco,False,flat,,,fold_features_D11_qualonly_da_untreated.csv,da_untreated
logistic_l1,5,C=0.1,0.9114754098360656,,0.8663086419659877,,0.8574863387978142,,0.9016393442622952,,0.8133333333333334,,0.8461538461538461,,0.1322746813684508,,loco,False,flat,,,fold_features_D11_qualonly_da_untreated.csv,da_untreated
logistic_l1,5,C=1.0,0.9224043715846996,,0.8901187562440654,,0.86775956284153,,0.8688524590163934,,0.8666666666666667,,0.8548387096774194,,0.1135866782772741,,loco,False,flat,,,fold_features_D11_qualonly_da_untreated.csv,da_untreated
logistic_l1,5,C=10.0,0.9189071038251366,,0.8897611257018568,,0.8692896174863388,,0.8852459016393442,,0.8533333333333334,,0.8571428571428571,,0.1149165071255351,,loco,False,flat,,,fold_features_D11_qualonly_da_untreated.csv,da_untreated
logistic_l1,5,C=100.0,0.9189071038251366,,0.8900489932547083,,0.852896174863388,,0.8524590163934426,,0.8533333333333334,,0.8387096774193549,,0.1160706737832168,,loco,False,flat,,,fold_features_D11_qualonly_da_untreated.csv,da_untreated
logistic_l1,6,C=0.01,0.4655737704918032,,0.4350452651402727,,0.5,,1.0,,0.0,,0.6192893401015228,,0.2509143563216989,,loco,False,flat,,,fold_features_D11_qualonly_da_untreated.csv,da_untreated
logistic_l1,6,C=0.1,0.9114754098360656,,0.8663086419659877,,0.8574863387978142,,0.9016393442622952,,0.8133333333333334,,0.8461538461538461,,0.1322737045327914,,loco,False,flat,,,fold_features_D11_qualonly_da_untreated.csv,da_untreated
logistic_l1,6,C=1.0,0.9232786885245902,,0.8894288033758344,,0.8595628415300547,,0.8524590163934426,,0.8666666666666667,,0.8455284552845529,,0.1121739021821715,,loco,False,flat,,,fold_features_D11_qualonly_da_untreated.csv,da_untreated
logistic_l1,6,C=10.0,0.91672131147541,,0.8852973008804199,,0.852896174863388,,0.8524590163934426,,0.8533333333333334,,0.8387096774193549,,0.1141438023380517,,loco,False,flat,,,fold_features_D11_qualonly_da_untreated.csv,da_untreated
logistic_l1,6,C=100.0,0.9158469945355192,,0.884675457160893,,0.852896174863388,,0.8524590163934426,,0.8533333333333334,,0.8387096774193549,,0.115317881411189,,loco,False,flat,,,fold_features_D11_qualonly_da_untreated.csv,da_untreated
logistic_l1,7,C=0.01,0.4673224043715847,,0.4409168363506552,,0.5,,1.0,,0.0,,0.6192893401015228,,0.2510102966092645,,loco,False,flat,,,fold_features_D11_qualonly_da_untreated.csv,da_untreated
logistic_l1,7,C=0.1,0.9114754098360656,,0.8663086419659877,,0.8574863387978142,,0.9016393442622952,,0.8133333333333334,,0.8461538461538461,,0.1322750191212776,,loco,False,flat,,,fold_features_D11_qualonly_da_untreated.csv,da_untreated
logistic_l1,7,C=1.0,0.9228415300546448,,0.8890069631486662,,0.8595628415300547,,0.8524590163934426,,0.8666666666666667,,0.8455284552845529,,0.1122400006172083,,loco,False,flat,,,fold_features_D11_qualonly_da_untreated.csv,da_untreated
logistic_l1,7,C=10.0,0.9130054644808744,,0.8785503759218647,,0.838032786885246,,0.8360655737704918,,0.84,,0.8225806451612904,,0.1168632937780289,,loco,False,flat,,,fold_features_D11_qualonly_da_untreated.csv,da_untreated
logistic_l1,7,C=100.0,0.9114754098360656,,0.8764207174566119,,0.838032786885246,,0.8360655737704918,,0.84,,0.8225806451612904,,0.1189245855509384,,loco,False,flat,,,fold_features_D11_qualonly_da_untreated.csv,da_untreated
logistic_l1,8,C=0.01,0.4754098360655738,,0.4549647066317003,,0.5,,1.0,,0.0,,0.6192893401015228,,0.2510031979464383,,loco,False,flat,,,fold_features_D11_qualonly_da_untreated.csv,da_untreated
logistic_l1,8,C=0.1,0.9114754098360656,,0.8663086419659877,,0.8574863387978142,,0.9016393442622952,,0.8133333333333334,,0.8461538461538461,,0.1322753737800512,,loco,False,flat,,,fold_features_D11_qualonly_da_untreated.csv,da_untreated
logistic_l1,8,C=1.0,0.9213114754098362,,0.8870974304766216,,0.8462295081967213,,0.8524590163934426,,0.84,,0.832,,0.1135160199590385,,loco,False,flat,,,fold_features_D11_qualonly_da_untreated.csv,da_untreated
logistic_l1,8,C=10.0,0.9173770491803278,,0.8823671161855532,,0.852896174863388,,0.8524590163934426,,0.8533333333333334,,0.8387096774193549,,0.114254224306397,,loco,False,flat,,,fold_features_D11_qualonly_da_untreated.csv,da_untreated
logistic_l1,8,C=100.0,0.9130054644808744,,0.8797289789938321,,0.8231693989071038,,0.819672131147541,,0.8266666666666667,,0.8064516129032258,,0.1189227819472242,,loco,False,flat,,,fold_features_D11_qualonly_da_untreated.csv,da_untreated
logistic_l1,9,C=0.01,0.4321311475409836,,0.410517293386192,,0.5,,1.0,,0.0,,0.6192893401015228,,0.2511316715595952,,loco,False,flat,,,fold_features_D11_qualonly_da_untreated.csv,da_untreated
logistic_l1,9,C=0.1,0.9114754098360656,,0.8663086419659877,,0.8574863387978142,,0.9016393442622952,,0.8133333333333334,,0.8461538461538461,,0.1322724980022697,,loco,False,flat,,,fold_features_D11_qualonly_da_untreated.csv,da_untreated
logistic_l1,9,C=1.0,0.92,,0.8863046466748946,,0.852896174863388,,0.8524590163934426,,0.8533333333333334,,0.8387096774193549,,0.1144203594865908,,loco,False,flat,,,fold_features_D11_qualonly_da_untreated.csv,da_untreated
logistic_l1,9,C=10.0,0.915191256830601,,0.8796713403414336,,0.8216393442622951,,0.8032786885245902,,0.84,,0.8032786885245902,,0.1167361474862692,,loco,False,flat,,,fold_features_D11_qualonly_da_untreated.csv,da_untreated
logistic_l1,9,C=100.0,0.9114754098360656,,0.8738264339480161,,0.8231693989071038,,0.819672131147541,,0.8266666666666667,,0.8064516129032258,,0.1180185724297066,,loco,False,flat,,,fold_features_D11_qualonly_da_untreated.csv,da_untreated
logistic_l1,10,C=0.01,0.3180327868852459,,0.3455006394467037,,0.5,,1.0,,0.0,,0.6192893401015228,,0.2512185161234763,,loco,False,flat,,,fold_features_D11_qualonly_da_untreated.csv,da_untreated
logistic_l1,10,C=0.1,0.9114754098360656,,0.8663086419659877,,0.8574863387978142,,0.9016393442622952,,0.8133333333333334,,0.8461538461538461,,0.1322774382923506,,loco,False,flat,,,fold_features_D11_qualonly_da_untreated.csv,da_untreated
logistic_l1,10,C=1.0,0.9234972677595628,,0.8918293241376554,,0.852896174863388,,0.8524590163934426,,0.8533333333333334,,0.8387096774193549,,0.112873359156183,,loco,False,flat,,,fold_features_D11_qualonly_da_untreated.csv,da_untreated
logistic_l1,10,C=10.0,0.9092896174863389,,0.8745650783408085,,0.8298360655737704,,0.819672131147541,,0.84,,0.8130081300813008,,0.1211100139214527,,loco,False,flat,,,fold_features_D11_qualonly_da_untreated.csv,da_untreated
logistic_l1,10,C=100.0,0.9066666666666666,,0.8680735576198655,,0.8165027322404372,,0.819672131147541,,0.8133333333333334,,0.8,,0.1235212711801153,,loco,False,flat,,,fold_features_D11_qualonly_da_untreated.csv,da_untreated
logistic_l2,0,C=0.01,0.7862295081967213,,0.7277327977427311,,0.7487431693989071,,0.9508196721311476,,0.5466666666666666,,0.7581699346405228,,0.2230400642845377,,loco,False,flat,,,fold_features_D11_qualonly_da_untreated.csv,da_untreated
logistic_l2,0,C=0.1,0.789071038251366,,0.7387399294181438,,0.7538797814207651,,0.9344262295081968,,0.5733333333333334,,0.76,,0.1844649565572031,,loco,False,flat,,,fold_features_D11_qualonly_da_untreated.csv,da_untreated
logistic_l2,0,C=1.0,0.7914754098360656,,0.7374421890356169,,0.7605464480874318,,0.9344262295081968,,0.5866666666666667,,0.7651006711409396,,0.1737354390882466,,loco,False,flat,,,fold_features_D11_qualonly_da_untreated.csv,da_untreated
logistic_l2,0,C=10.0,0.7908196721311475,,0.7370209051500161,,0.7605464480874318,,0.9344262295081968,,0.5866666666666667,,0.7651006711409396,,0.1725087823761425,,loco,False,flat,,,fold_features_D11_qualonly_da_untreated.csv,da_untreated
logistic_l2,0,C=100.0,0.7906010928961749,,0.7366943258029015,,0.7605464480874318,,0.9344262295081968,,0.5866666666666667,,0.7651006711409396,,0.172396702568071,,loco,False,flat,,,fold_features_D11_qualonly_da_untreated.csv,da_untreated
logistic_l2,1,C=0.01,0.8034972677595629,,0.7502380477913753,,0.7477595628415301,,0.8688524590163934,,0.6266666666666667,,0.7464788732394366,,0.2079310076530033,,loco,False,flat,,,fold_features_D11_qualonly_da_untreated.csv,da_untreated
logistic_l2,1,C=0.1,0.8102732240437158,,0.7492592994673959,,0.7626229508196721,,0.8852459016393442,,0.64,,0.7605633802816901,,0.1717889009281568,,loco,False,flat,,,fold_features_D11_qualonly_da_untreated.csv,da_untreated
logistic_l2,1,C=1.0,0.8148633879781421,,0.7340273298335608,,0.7708196721311475,,0.9016393442622952,,0.64,,0.7692307692307693,,0.1660159999426566,,loco,False,flat,,,fold_features_D11_qualonly_da_untreated.csv,da_untreated
logistic_l2,1,C=10.0,0.8118032786885245,,0.7208446540068051,,0.7708196721311475,,0.9016393442622952,,0.64,,0.7692307692307693,,0.1661230549172821,,loco,False,flat,,,fold_features_D11_qualonly_da_untreated.csv,da_untreated
logistic_l2,1,C=100.0,0.8120218579234972,,0.7208544520500465,,0.7708196721311475,,0.9016393442622952,,0.64,,0.7692307692307693,,0.1662123556761689,,loco,False,flat,,,fold_features_D11_qualonly_da_untreated.csv,da_untreated
logistic_l2,2,C=0.01,0.8439344262295082,,0.7850940813662441,,0.7887431693989071,,0.9508196721311476,,0.6266666666666667,,0.7891156462585034,,0.1900752268491713,,loco,False,flat,,,fold_features_D11_qualonly_da_untreated.csv,da_untreated
logistic_l2,2,C=0.1,0.8513661202185792,,0.7955964893731795,,0.8220765027322404,,0.9508196721311476,,0.6933333333333334,,0.8169014084507042,,0.1515166506921652,,loco,False,flat,,,fold_features_D11_qualonly_da_untreated.csv,da_untreated
logistic_l2,2,C=1.0,0.8574863387978141,,0.7967596487957718,,0.8241530054644809,,0.9016393442622952,,0.7466666666666667,,0.8148148148148148,,0.1404018081562053,,loco,False,flat,,,fold_features_D11_qualonly_da_untreated.csv,da_untreated
logistic_l2,2,C=10.0,0.8587978142076501,,0.800525988816803,,0.8144262295081968,,0.8688524590163934,,0.76,,0.803030303030303,,0.1403877074529513,,loco,False,flat,,,fold_features_D11_qualonly_da_untreated.csv,da_untreated
logistic_l2,2,C=100.0,0.8585792349726775,,0.7993976561342302,,0.8046994535519125,,0.8360655737704918,,0.7733333333333333,,0.7906976744186046,,0.1411882851860378,,loco,False,flat,,,fold_features_D11_qualonly_da_untreated.csv,da_untreated
logistic_l2,3,C=0.01,0.9114754098360656,,0.8675520825081366,,0.8569398907103825,,0.9672131147540984,,0.7466666666666667,,0.8489208633093526,,0.1717295814203592,,loco,False,flat,,,fold_features_D11_qualonly_da_untreated.csv,da_untreated
logistic_l2,3,C=0.1,0.9158469945355192,,0.871343109071022,,0.8672131147540985,,0.9344262295081968,,0.8,,0.8571428571428571,,0.125003158695337,,loco,False,flat,,,fold_features_D11_qualonly_da_untreated.csv,da_untreated
logistic_l2,3,C=1.0,0.911912568306011,,0.8662946541330897,,0.879016393442623,,0.918032786885246,,0.84,,0.8682170542635659,,0.117013241778276,,loco,False,flat,,,fold_features_D11_qualonly_da_untreated.csv,da_untreated
logistic_l2,3,C=10.0,0.9097267759562842,,0.8644868025954352,,0.8708196721311475,,0.9016393442622952,,0.84,,0.859375,,0.1193709553809883,,loco,False,flat,,,fold_features_D11_qualonly_da_untreated.csv,da_untreated
logistic_l2,3,C=100.0,0.9088524590163934,,0.8640170796071317,,0.8641530054644808,,0.9016393442622952,,0.8266666666666667,,0.8527131782945736,,0.1209095237462166,,loco,False,flat,,,fold_features_D11_qualonly_da_untreated.csv,da_untreated
logistic_l2,4,C=0.01,0.9001092896174864,,0.849493831806416,,0.833879781420765,,0.9344262295081968,,0.7333333333333333,,0.8260869565217391,,0.1722739294149862,,loco,False,flat,,,fold_features_D11_qualonly_da_untreated.csv,da_untreated
logistic_l2,4,C=0.1,0.914535519125683,,0.8737936311846919,,0.8441530054644808,,0.9016393442622952,,0.7866666666666666,,0.8333333333333334,,0.1252560080338559,,loco,False,flat,,,fold_features_D11_qualonly_da_untreated.csv,da_untreated
logistic_l2,4,C=1.0,0.9175956284153004,,0.881914924382615,,0.8492896174863388,,0.8852459016393442,,0.8133333333333334,,0.8372093023255814,,0.1158555003643098,,loco,False,flat,,,fold_features_D11_qualonly_da_untreated.csv,da_untreated
logistic_l2,4,C=10.0,0.9191256830601092,,0.887745157769244,,0.8610928961748634,,0.8688524590163934,,0.8533333333333334,,0.848,,0.1149743793302338,,loco,False,flat,,,fold_features_D11_qualonly_da_untreated.csv,da_untreated
logistic_l2,4,C=100.0,0.9169398907103824,,0.8877748765702901,,0.8559562841530055,,0.8852459016393442,,0.8266666666666667,,0.84375,,0.1162492377975796,,loco,False,flat,,,fold_features_D11_qualonly_da_untreated.csv,da_untreated
logistic_l2,5,C=0.01,0.894207650273224,,0.8441072656497489,,0.8554098360655737,,0.9508196721311476,,0.76,,0.8467153284671532,,0.1705328790325525,,loco,False,flat,,,fold_features_D11_qualonly_da_untreated.csv,da_untreated
logistic_l2,5,C=0.1,0.9106010928961747,,0.8695702959734073,,0.8523497267759563,,0.918032786885246,,0.7866666666666666,,0.8421052631578947,,0.1255258529012859,,loco,False,flat,,,fold_features_D11_qualonly_da_untreated.csv,da_untreated
logistic_l2,5,C=1.0,0.9147540983606556,,0.8798389457746801,,0.8359562841530055,,0.8852459016393442,,0.7866666666666666,,0.8244274809160306,,0.1171273796391962,,loco,False,flat,,,fold_features_D11_qualonly_da_untreated.csv,da_untreated
logistic_l2,5,C=10.0,0.9180327868852458,,0.8860766355511227,,0.8610928961748634,,0.8688524590163934,,0.8533333333333334,,0.848,,0.1154095391179619,,loco,False,flat,,,fold_features_D11_qualonly_da_untreated.csv,da_untreated
logistic_l2,5,C=100.0,0.919344262295082,,0.8900008443623326,,0.852896174863388,,0.8524590163934426,,0.8533333333333334,,0.8387096774193549,,0.1158748278193858,,loco,False,flat,,,fold_features_D11_qualonly_da_untreated.csv,da_untreated
logistic_l2,6,C=0.01,0.8959562841530055,,0.8488598195293626,,0.853879781420765,,0.9344262295081968,,0.7733333333333333,,0.8444444444444444,,0.1708509312889447,,loco,False,flat,,,fold_features_D11_qualonly_da_untreated.csv,da_untreated
logistic_l2,6,C=0.1,0.9092896174863389,,0.8684878477273301,,0.8605464480874316,,0.9344262295081968,,0.7866666666666666,,0.8507462686567164,,0.1268049213016468,,loco,False,flat,,,fold_features_D11_qualonly_da_untreated.csv,da_untreated
logistic_l2,6,C=1.0,0.9136612021857924,,0.8759758369617613,,0.8426229508196721,,0.8852459016393442,,0.8,,0.8307692307692308,,0.1182568536138415,,loco,False,flat,,,fold_features_D11_qualonly_da_untreated.csv,da_untreated
logistic_l2,6,C=10.0,0.9154098360655736,,0.8814918067878437,,0.8544262295081967,,0.8688524590163934,,0.84,,0.8412698412698413,,0.1146116973690803,,loco,False,flat,,,fold_features_D11_qualonly_da_untreated.csv,da_untreated
logistic_l2,6,C=100.0,0.9171584699453552,,0.8847375549258261,,0.852896174863388,,0.8524590163934426,,0.8533333333333334,,0.8387096774193549,,0.1149412245621001,,loco,False,flat,,,fold_features_D11_qualonly_da_untreated.csv,da_untreated
logistic_l2,7,C=0.01,0.8961748633879781,,0.8511825646694151,,0.8472131147540984,,0.9344262295081968,,0.76,,0.8382352941176471,,0.1708576111733988,,loco,False,flat,,,fold_features_D11_qualonly_da_untreated.csv,da_untreated
logistic_l2,7,C=0.1,0.909071038251366,,0.8682579182214369,,0.8605464480874316,,0.9344262295081968,,0.7866666666666666,,0.8507462686567164,,0.1268184306436877,,loco,False,flat,,,fold_features_D11_qualonly_da_untreated.csv,da_untreated
logistic_l2,7,C=1.0,0.9143169398907104,,0.875491426973988,,0.8195628415300547,,0.8524590163934426,,0.7866666666666666,,0.8062015503875969,,0.1181561777792252,,loco,False,flat,,,fold_features_D11_qualonly_da_untreated.csv,da_untreated
logistic_l2,7,C=10.0,0.913224043715847,,0.8777194780063489,,0.838032786885246,,0.8360655737704918,,0.84,,0.8225806451612904,,0.1170343724809927,,loco,False,flat,,,fold_features_D11_qualonly_da_untreated.csv,da_untreated
logistic_l2,7,C=100.0,0.911912568306011,,0.8767192527447033,,0.838032786885246,,0.8360655737704918,,0.84,,0.8225806451612904,,0.1184719587220206,,loco,False,flat,,,fold_features_D11_qualonly_da_untreated.csv,da_untreated
logistic_l2,8,C=0.01,0.894863387978142,,0.8491545982984728,,0.8390163934426229,,0.918032786885246,,0.76,,0.8296296296296296,,0.1711463023872433,,loco,False,flat,,,fold_features_D11_qualonly_da_untreated.csv,da_untreated
logistic_l2,8,C=0.1,0.9062295081967212,,0.8635209786298196,,0.8456830601092896,,0.918032786885246,,0.7733333333333333,,0.835820895522388,,0.1278466611420561,,loco,False,flat,,,fold_features_D11_qualonly_da_untreated.csv,da_untreated
logistic_l2,8,C=1.0,0.9095081967213114,,0.8699514606363853,,0.82775956284153,,0.8688524590163934,,0.7866666666666666,,0.8153846153846154,,0.1188887531750177,,loco,False,flat,,,fold_features_D11_qualonly_da_untreated.csv,da_untreated
logistic_l2,8,C=10.0,0.917377049180328,,0.8801802965895573,,0.8395628415300547,,0.8524590163934426,,0.8266666666666667,,0.8253968253968254,,0.1136254657535027,,loco,False,flat,,,fold_features_D11_qualonly_da_untreated.csv,da_untreated
logistic_l2,8,C=100.0,0.9140983606557376,,0.880687716434141,,0.8231693989071038,,0.819672131147541,,0.8266666666666667,,0.8064516129032258,,0.1172642579557652,,loco,False,flat,,,fold_features_D11_qualonly_da_untreated.csv,da_untreated
logistic_l2,9,C=0.01,0.894863387978142,,0.8510543301593474,,0.8456830601092896,,0.918032786885246,,0.7733333333333333,,0.835820895522388,,0.1705338655626447,,loco,False,flat,,,fold_features_D11_qualonly_da_untreated.csv,da_untreated
logistic_l2,9,C=0.1,0.9106010928961747,,0.8688630271126453,,0.8456830601092896,,0.918032786885246,,0.7733333333333333,,0.835820895522388,,0.1274041369702839,,loco,False,flat,,,fold_features_D11_qualonly_da_untreated.csv,da_untreated
logistic_l2,9,C=1.0,0.9130054644808744,,0.8746006021757124,,0.8246994535519125,,0.8360655737704918,,0.8133333333333334,,0.8095238095238095,,0.1183303198314315,,loco,False,flat,,,fold_features_D11_qualonly_da_untreated.csv,da_untreated
logistic_l2,9,C=10.0,0.9147540983606558,,0.8772513823514154,,0.8231693989071038,,0.819672131147541,,0.8266666666666667,,0.8064516129032258,,0.1160166721544925,,loco,False,flat,,,fold_features_D11_qualonly_da_untreated.csv,da_untreated
logistic_l2,9,C=100.0,0.9123497267759564,,0.8748106504946658,,0.8313661202185793,,0.8360655737704918,,0.8266666666666667,,0.816,,0.1167411420312107,,loco,False,flat,,,fold_features_D11_qualonly_da_untreated.csv,da_untreated
logistic_l2,10,C=0.01,0.8950819672131148,,0.8470903043410148,,0.853879781420765,,0.9344262295081968,,0.7733333333333333,,0.8444444444444444,,0.1694771543264942,,loco,False,flat,,,fold_features_D11_qualonly_da_untreated.csv,da_untreated
logistic_l2,10,C=0.1,0.9121311475409836,,0.86777783515442,,0.8574863387978142,,0.9016393442622952,,0.8133333333333334,,0.8461538461538461,,0.1263204136612328,,loco,False,flat,,,fold_features_D11_qualonly_da_untreated.csv,da_untreated
logistic_l2,10,C=1.0,0.9160655737704918,,0.8805955438058762,,0.84775956284153,,0.8688524590163934,,0.8266666666666667,,0.8346456692913385,,0.1168751320007345,,loco,False,flat,,,fold_features_D11_qualonly_da_untreated.csv,da_untreated
logistic_l2,10,C=10.0,0.9116939890710384,,0.8768132872682297,,0.8231693989071038,,0.819672131147541,,0.8266666666666667,,0.8064516129032258,,0.1187697689243236,,loco,False,flat,,,fold_features_D11_qualonly_da_untreated.csv,da_untreated
logistic_l2,10,C=100.0,0.9088524590163932,,0.8716098699133825,,0.8231693989071038,,0.819672131147541,,0.8266666666666667,,0.8064516129032258,,0.122196904368399,,loco,False,flat,,,fold_features_D11_qualonly_da_untreated.csv,da_untreated
logistic_l1,4,C=100.0,0.907103825136612,,0.87743232310864,,0.8610928961748634,,0.8688524590163934,,0.8533333333333334,,0.848,,0.1233940103525617,,loco,False,nested,136.0,"k=4,C=100.0 x61; k=4,C=10.0 x29; k=6,C=100.0 x12; k=4,C=1.0 x12; k=8,C=10.0 x8; k=10,C=10.0 x4; k=10,C=1.0 x3; k=9,C=10.0 x3; k=5,C=100.0 x2; k=5,C=10.0 x1; k=6,C=10.0 x1",fold_features_D11_qualonly_da_untreated.csv,da_untreated
logistic_l2,4,C=100.0,0.9119125683060108,,0.8831528601727201,,0.8610928961748634,,0.8688524590163934,,0.8533333333333334,,0.848,,0.1210580858540084,,loco,False,nested,136.0,"k=4,C=100.0 x88; k=4,C=10.0 x28; k=10,C=10.0 x8; k=6,C=100.0 x6; k=5,C=100.0 x4; k=8,C=10.0 x2",fold_features_D11_qualonly_da_untreated.csv,da_untreated
logistic_l1,0,C=0.01,0.4881967213114754,,0.4461778647610845,,0.4617486338797814,,0.5901639344262295,,0.3333333333333333,,0.4897959183673469,,0.2548980151607509,,lodo,False,flat,,,fold_features_D11_qualonly_da_untreated.csv,da_untreated
logistic_l1,0,C=0.1,0.8037158469945356,,0.6926057105926624,,0.7620765027322405,,0.9508196721311476,,0.5733333333333334,,0.7682119205298014,,0.1875525322824745,,lodo,False,flat,,,fold_features_D11_qualonly_da_untreated.csv,da_untreated
logistic_l1,0,C=1.0,0.7761748633879781,,0.698144190854503,,0.7523497267759562,,0.918032786885246,,0.5866666666666667,,0.7567567567567568,,0.1764721104379158,,lodo,False,flat,,,fold_features_D11_qualonly_da_untreated.csv,da_untreated
logistic_l1,0,C=10.0,0.7770491803278688,,0.698216865961545,,0.7523497267759562,,0.918032786885246,,0.5866666666666667,,0.7567567567567568,,0.1762316829031159,,lodo,False,flat,,,fold_features_D11_qualonly_da_untreated.csv,da_untreated
logistic_l1,0,C=100.0,0.7770491803278688,,0.698216865961545,,0.759016393442623,,0.918032786885246,,0.6,,0.7619047619047619,,0.1762775169309522,,lodo,False,flat,,,fold_features_D11_qualonly_da_untreated.csv,da_untreated
logistic_l1,1,C=0.01,0.4626229508196721,,0.4304933817734234,,0.4535519125683059,,0.5737704918032787,,0.3333333333333333,,0.4794520547945205,,0.2550491338538636,,lodo,False,flat,,,fold_features_D11_qualonly_da_untreated.csv,da_untreated
logistic_l1,1,C=0.1,0.7986885245901639,,0.7245662844426328,,0.7426229508196721,,0.8852459016393442,,0.6,,0.7448275862068966,,0.1820081640092517,,lodo,False,flat,,,fold_features_D11_qualonly_da_untreated.csv,da_untreated
logistic_l1,1,C=1.0,0.7969398907103825,,0.6798708747166715,,0.7477595628415301,,0.8688524590163934,,0.6266666666666667,,0.7464788732394366,,0.1716562643937554,,lodo,False,flat,,,fold_features_D11_qualonly_da_untreated.csv,da_untreated
logistic_l1,1,C=10.0,0.7965027322404371,,0.6657332970823965,,0.7544262295081967,,0.8688524590163934,,0.64,,0.75177304964539,,0.1710189480738598,,lodo,False,flat,,,fold_features_D11_qualonly_da_untreated.csv,da_untreated
logistic_l1,1,C=100.0,0.7969398907103825,,0.6656220172547422,,0.7610928961748633,,0.8688524590163934,,0.6533333333333333,,0.7571428571428571,,0.1707475248987474,,lodo,False,flat,,,fold_features_D11_qualonly_da_untreated.csv,da_untreated
logistic_l1,2,C=0.01,0.453879781420765,,0.4261950299425655,,0.4617486338797814,,0.5901639344262295,,0.3333333333333333,,0.4897959183673469,,0.2535553894886806,,lodo,False,flat,,,fold_features_D11_qualonly_da_untreated.csv,da_untreated
logistic_l1,2,C=0.1,0.8432786885245902,,0.7450504797369264,,0.8190163934426229,,0.918032786885246,,0.72,,0.8115942028985508,,0.1607123015705507,,lodo,False,flat,,,fold_features_D11_qualonly_da_untreated.csv,da_untreated
logistic_l1,2,C=1.0,0.8520218579234973,,0.7642071775512655,,0.8108196721311476,,0.9016393442622952,,0.72,,0.8029197080291971,,0.1465434094052363,,lodo,False,flat,,,fold_features_D11_qualonly_da_untreated.csv,da_untreated
logistic_l1,2,C=10.0,0.8502732240437159,,0.7693093520180373,,0.802622950819672,,0.8852459016393442,,0.72,,0.7941176470588235,,0.1487879062526939,,lodo,False,flat,,,fold_features_D11_qualonly_da_untreated.csv,da_untreated
logistic_l1,2,C=100.0,0.8478688524590164,,0.7670699718508367,,0.7944262295081967,,0.8688524590163934,,0.72,,0.7851851851851852,,0.1495232903092269,,lodo,False,flat,,,fold_features_D11_qualonly_da_untreated.csv,da_untreated
logistic_l1,3,C=0.01,0.4604371584699453,,0.4282481263254206,,0.4617486338797814,,0.5901639344262295,,0.3333333333333333,,0.4897959183673469,,0.2529198304441312,,lodo,False,flat,,,fold_features_D11_qualonly_da_untreated.csv,da_untreated
logistic_l1,3,C=0.1,0.9116939890710384,,0.8693754191874187,,0.8574863387978142,,0.9016393442622952,,0.8133333333333334,,0.8461538461538461,,0.1335273095441753,,lodo,False,flat,,,fold_features_D11_qualonly_da_untreated.csv,da_untreated
logistic_l1,3,C=1.0,0.9134426229508196,,0.8692007794145611,,0.8641530054644808,,0.9016393442622952,,0.8266666666666667,,0.8527131782945736,,0.1167562308507212,,lodo,False,flat,,,fold_features_D11_qualonly_da_untreated.csv,da_untreated
logistic_l1,3,C=10.0,0.9108196721311476,,0.8699375019737705,,0.8708196721311475,,0.9016393442622952,,0.84,,0.859375,,0.1192309516793172,,lodo,False,flat,,,fold_features_D11_qualonly_da_untreated.csv,da_untreated
logistic_l1,3,C=100.0,0.9101639344262294,,0.8693706315556128,,0.8559562841530055,,0.8852459016393442,,0.8266666666666667,,0.84375,,0.1202680968722864,,lodo,False,flat,,,fold_features_D11_qualonly_da_untreated.csv,da_untreated
logistic_l1,4,C=0.01,0.4556284153005465,,0.4301762636818033,,0.4110382513661202,,0.4754098360655737,,0.3466666666666667,,0.4172661870503597,,0.251374555078055,,lodo,False,flat,,,fold_features_D11_qualonly_da_untreated.csv,da_untreated
logistic_l1,4,C=0.1,0.9116939890710384,,0.8693754191874187,,0.8574863387978142,,0.9016393442622952,,0.8133333333333334,,0.8461538461538461,,0.1335271962907328,,lodo,False,flat,,,fold_features_D11_qualonly_da_untreated.csv,da_untreated
logistic_l1,4,C=1.0,0.9241530054644808,,0.8922291426004899,,0.8544262295081967,,0.8688524590163934,,0.84,,0.8412698412698413,,0.1126936963918447,,lodo,False,flat,,,fold_features_D11_qualonly_da_untreated.csv,da_untreated
logistic_l1,4,C=10.0,0.9195628415300544,,0.8905317191553865,,0.8626229508196721,,0.8852459016393442,,0.84,,0.8503937007874016,,0.1151114425064579,,lodo,False,flat,,,fold_features_D11_qualonly_da_untreated.csv,da_untreated
logistic_l1,4,C=100.0,0.918032786885246,,0.8892704603393237,,0.84775956284153,,0.8688524590163934,,0.8266666666666667,,0.8346456692913385,,0.1158873885717838,,lodo,False,flat,,,fold_features_D11_qualonly_da_untreated.csv,da_untreated
logistic_l1,5,C=0.01,0.4617486338797814,,0.4334470365603319,,0.4110382513661202,,0.4754098360655737,,0.3466666666666667,,0.4172661870503597,,0.251153880107185,,lodo,False,flat,,,fold_features_D11_qualonly_da_untreated.csv,da_untreated
logistic_l1,5,C=0.1,0.9116939890710384,,0.8693754191874187,,0.8574863387978142,,0.9016393442622952,,0.8133333333333334,,0.8461538461538461,,0.1335271603859511,,lodo,False,flat,,,fold_features_D11_qualonly_da_untreated.csv,da_untreated
logistic_l1,5,C=1.0,0.922622950819672,,0.8906403739793382,,0.8692896174863388,,0.8852459016393442,,0.8533333333333334,,0.8571428571428571,,0.1139507487954732,,lodo,False,flat,,,fold_features_D11_qualonly_da_untreated.csv,da_untreated
logistic_l1,5,C=10.0,0.918032786885246,,0.8893088082251521,,0.8610928961748634,,0.8688524590163934,,0.8533333333333334,,0.848,,0.115594723634543,,lodo,False,flat,,,fold_features_D11_qualonly_da_untreated.csv,da_untreated
logistic_l1,5,C=100.0,0.9149726775956284,,0.8877578221905001,,0.8395628415300547,,0.8524590163934426,,0.8266666666666667,,0.8253968253968254,,0.1175581644774981,,lodo,False,flat,,,fold_features_D11_qualonly_da_untreated.csv,da_untreated
logistic_l1,6,C=0.01,0.4628415300546448,,0.4337614543829465,,0.4110382513661202,,0.4754098360655737,,0.3466666666666667,,0.4172661870503597,,0.2509542446685573,,lodo,False,flat,,,fold_features_D11_qualonly_da_untreated.csv,da_untreated
logistic_l1,6,C=0.1,0.9116939890710384,,0.8693754191874187,,0.8574863387978142,,0.9016393442622952,,0.8133333333333334,,0.8461538461538461,,0.1335256910309969,,lodo,False,flat,,,fold_features_D11_qualonly_da_untreated.csv,da_untreated
logistic_l1,6,C=1.0,0.9230601092896176,,0.8876493402791564,,0.8774863387978142,,0.9016393442622952,,0.8533333333333334,,0.8661417322834646,,0.1125031003925456,,lodo,False,flat,,,fold_features_D11_qualonly_da_untreated.csv,da_untreated
logistic_l1,6,C=10.0,0.9184699453551912,,0.887847000997407,,0.832896174863388,,0.8524590163934426,,0.8133333333333334,,0.8188976377952756,,0.1162406453156347,,lodo,False,flat,,,fold_features_D11_qualonly_da_untreated.csv,da_untreated
logistic_l1,6,C=100.0,0.9158469945355192,,0.88587769287991,,0.832896174863388,,0.8524590163934426,,0.8133333333333334,,0.8188976377952756,,0.1172400742559747,,lodo,False,flat,,,fold_features_D11_qualonly_da_untreated.csv,da_untreated
logistic_l1,7,C=0.01,0.4652459016393442,,0.4353183673731862,,0.4767213114754098,,0.3934426229508196,,0.56,,0.4067796610169492,,0.250871706151102,,lodo,False,flat,,,fold_features_D11_qualonly_da_untreated.csv,da_untreated
logistic_l1,7,C=0.1,0.9116939890710384,,0.8693754191874187,,0.8574863387978142,,0.9016393442622952,,0.8133333333333334,,0.8461538461538461,,0.1335267255285362,,lodo,False,flat,,,fold_features_D11_qualonly_da_untreated.csv,da_untreated
logistic_l1,7,C=1.0,0.9230601092896176,,0.8876493402791564,,0.8774863387978142,,0.9016393442622952,,0.8533333333333334,,0.8661417322834646,,0.1124859210209969,,lodo,False,flat,,,fold_features_D11_qualonly_da_untreated.csv,da_untreated
logistic_l1,7,C=10.0,0.911912568306011,,0.8815473962924818,,0.8246994535519125,,0.8360655737704918,,0.8133333333333334,,0.8095238095238095,,0.1206240259194117,,lodo,False,flat,,,fold_features_D11_qualonly_da_untreated.csv,da_untreated
logistic_l1,7,C=100.0,0.9108196721311476,,0.8818649753213708,,0.8246994535519125,,0.8360655737704918,,0.8133333333333334,,0.8095238095238095,,0.1234908125650027,,lodo,False,flat,,,fold_features_D11_qualonly_da_untreated.csv,da_untreated
logistic_l1,8,C=0.01,0.4652459016393442,,0.4353183673731862,,0.4767213114754098,,0.3934426229508196,,0.56,,0.4067796610169492,,0.2508590259773421,,lodo,False,flat,,,fold_features_D11_qualonly_da_untreated.csv,da_untreated
logistic_l1,8,C=0.1,0.9116939890710384,,0.8693754191874187,,0.8574863387978142,,0.9016393442622952,,0.8133333333333334,,0.8461538461538461,,0.1335272122395384,,lodo,False,flat,,,fold_features_D11_qualonly_da_untreated.csv,da_untreated
logistic_l1,8,C=1.0,0.9226229508196722,,0.8878166394896944,,0.8774863387978142,,0.9016393442622952,,0.8533333333333334,,0.8661417322834646,,0.1131640889654713,,lodo,False,flat,,,fold_features_D11_qualonly_da_untreated.csv,da_untreated
logistic_l1,8,C=10.0,0.9175956284153004,,0.8840420535864036,,0.8344262295081968,,0.8688524590163934,,0.8,,0.8217054263565892,,0.1151873328771071,,lodo,False,flat,,,fold_features_D11_qualonly_da_untreated.csv,da_untreated
logistic_l1,8,C=100.0,0.9086338797814209,,0.8782839250240817,,0.82775956284153,,0.8688524590163934,,0.7866666666666666,,0.8153846153846154,,0.1222503993380128,,lodo,False,flat,,,fold_features_D11_qualonly_da_untreated.csv,da_untreated
logistic_l1,9,C=0.01,0.4595628415300546,,0.427303795424188,,0.4767213114754098,,0.3934426229508196,,0.56,,0.4067796610169492,,0.2509527610810335,,lodo,False,flat,,,fold_features_D11_qualonly_da_untreated.csv,da_untreated
logistic_l1,9,C=0.1,0.9116939890710384,,0.8693754191874187,,0.8574863387978142,,0.9016393442622952,,0.8133333333333334,,0.8461538461538461,,0.1335263324004613,,lodo,False,flat,,,fold_features_D11_qualonly_da_untreated.csv,da_untreated
logistic_l1,9,C=1.0,0.9215300546448087,,0.886721952829517,,0.8610928961748634,,0.8688524590163934,,0.8533333333333334,,0.848,,0.1135061608100274,,lodo,False,flat,,,fold_features_D11_qualonly_da_untreated.csv,da_untreated
logistic_l1,9,C=10.0,0.9147540983606556,,0.8799741526281996,,0.8262295081967213,,0.8524590163934426,,0.8,,0.8125,,0.1170167595835966,,lodo,False,flat,,,fold_features_D11_qualonly_da_untreated.csv,da_untreated
logistic_l1,9,C=100.0,0.913224043715847,,0.8808265250319538,,0.8344262295081968,,0.8688524590163934,,0.8,,0.8217054263565892,,0.12018458869889,,lodo,False,flat,,,fold_features_D11_qualonly_da_untreated.csv,da_untreated
logistic_l1,10,C=0.01,0.4595628415300546,,0.427303795424188,,0.4767213114754098,,0.3934426229508196,,0.56,,0.4067796610169492,,0.2510341440035337,,lodo,False,flat,,,fold_features_D11_qualonly_da_untreated.csv,da_untreated
logistic_l1,10,C=0.1,0.9116939890710384,,0.8693754191874187,,0.8574863387978142,,0.9016393442622952,,0.8133333333333334,,0.8461538461538461,,0.1335260523996796,,lodo,False,flat,,,fold_features_D11_qualonly_da_untreated.csv,da_untreated
logistic_l1,10,C=1.0,0.9204371584699452,,0.8835916634661768,,0.8774863387978142,,0.9016393442622952,,0.8533333333333334,,0.8661417322834646,,0.113535163501268,,lodo,False,flat,,,fold_features_D11_qualonly_da_untreated.csv,da_untreated
logistic_l1,10,C=10.0,0.9068852459016392,,0.8730912177553874,,0.8410928961748634,,0.8688524590163934,,0.8133333333333334,,0.828125,,0.1232203913429463,,lodo,False,flat,,,fold_features_D11_qualonly_da_untreated.csv,da_untreated
logistic_l1,10,C=100.0,0.90448087431694,,0.871671372064476,,0.8180327868852459,,0.8360655737704918,,0.8,,0.8031496062992126,,0.1279151415116813,,lodo,False,flat,,,fold_features_D11_qualonly_da_untreated.csv,da_untreated
logistic_l2,0,C=0.01,0.719344262295082,,0.589310077331262,,0.7405464480874318,,0.9344262295081968,,0.5466666666666666,,0.75,,0.2266713237629423,,lodo,False,flat,,,fold_features_D11_qualonly_da_untreated.csv,da_untreated
logistic_l2,0,C=0.1,0.7571584699453552,,0.6611981441205355,,0.7472131147540984,,0.9344262295081968,,0.56,,0.7549668874172185,,0.191018561211012,,lodo,False,flat,,,fold_features_D11_qualonly_da_untreated.csv,da_untreated
logistic_l2,0,C=1.0,0.7707103825136612,,0.6878033716316798,,0.7523497267759562,,0.918032786885246,,0.5866666666666667,,0.7567567567567568,,0.1785237390154313,,lodo,False,flat,,,fold_features_D11_qualonly_da_untreated.csv,da_untreated
logistic_l2,0,C=10.0,0.7755191256830601,,0.6949936083060053,,0.7523497267759562,,0.918032786885246,,0.5866666666666667,,0.7567567567567568,,0.1765168312212055,,lodo,False,flat,,,fold_features_D11_qualonly_da_untreated.csv,da_untreated
logistic_l2,0,C=100.0,0.7766120218579234,,0.6977405853713542,,0.7523497267759562,,0.918032786885246,,0.5866666666666667,,0.7567567567567568,,0.1763149545969086,,lodo,False,flat,,,fold_features_D11_qualonly_da_untreated.csv,da_untreated
logistic_l2,1,C=0.01,0.8021857923497268,,0.7431412296562238,,0.7313661202185793,,0.8360655737704918,,0.6266666666666667,,0.7285714285714285,,0.2106279608024684,,lodo,False,flat,,,fold_features_D11_qualonly_da_untreated.csv,da_untreated
logistic_l2,1,C=0.1,0.8045901639344263,,0.7220233916303689,,0.7626229508196721,,0.8852459016393442,,0.64,,0.7605633802816901,,0.1755694912637913,,lodo,False,flat,,,fold_features_D11_qualonly_da_untreated.csv,da_untreated
logistic_l2,1,C=1.0,0.8010928961748633,,0.6812043452994256,,0.7626229508196721,,0.8852459016393442,,0.64,,0.7605633802816901,,0.1697488715213053,,lodo,False,flat,,,fold_features_D11_qualonly_da_untreated.csv,da_untreated
logistic_l2,1,C=10.0,0.7984699453551912,,0.667230770215111,,0.7610928961748633,,0.8688524590163934,,0.6533333333333333,,0.7571428571428571,,0.1704378289145306,,lodo,False,flat,,,fold_features_D11_qualonly_da_untreated.csv,da_untreated
logistic_l2,1,C=100.0,0.7967213114754098,,0.6654800826865781,,0.7610928961748633,,0.8688524590163934,,0.6533333333333333,,0.7571428571428571,,0.1707023064107016,,lodo,False,flat,,,fold_features_D11_qualonly_da_untreated.csv,da_untreated
logistic_l2,2,C=0.01,0.838688524590164,,0.7657127421576904,,0.8102732240437158,,0.9672131147540984,,0.6533333333333333,,0.8082191780821918,,0.1940772515672958,,lodo,False,flat,,,fold_features_D11_qualonly_da_untreated.csv,da_untreated
logistic_l2,2,C=0.1,0.8441530054644809,,0.7554588782314569,,0.8220765027322404,,0.9508196721311476,,0.6933333333333334,,0.8169014084507042,,0.1570120736305597,,lodo,False,flat,,,fold_features_D11_qualonly_da_untreated.csv,da_untreated
logistic_l2,2,C=1.0,0.8478688524590164,,0.7554845916089268,,0.8272131147540984,,0.9344262295081968,,0.72,,0.8201438848920863,,0.1480227170632398,,lodo,False,flat,,,fold_features_D11_qualonly_da_untreated.csv,da_untreated
logistic_l2,2,C=10.0,0.8491803278688524,,0.7672854885321676,,0.802622950819672,,0.8852459016393442,,0.72,,0.7941176470588235,,0.1486972277562809,,lodo,False,flat,,,fold_features_D11_qualonly_da_untreated.csv,da_untreated
logistic_l2,2,C=100.0,0.8478688524590164,,0.7667801584462692,,0.7944262295081967,,0.8688524590163934,,0.72,,0.7851851851851852,,0.1495044930387894,,lodo,False,flat,,,fold_features_D11_qualonly_da_untreated.csv,da_untreated
logistic_l2,3,C=0.01,0.9092896174863389,,0.870893640270028,,0.8554098360655737,,0.9508196721311476,,0.76,,0.8467153284671532,,0.1747526993177029,,lodo,False,flat,,,fold_features_D11_qualonly_da_untreated.csv,da_untreated
logistic_l2,3,C=0.1,0.9154098360655738,,0.8730075174019928,,0.8605464480874316,,0.9344262295081968,,0.7866666666666666,,0.8507462686567164,,0.1260436931797784,,lodo,False,flat,,,fold_features_D11_qualonly_da_untreated.csv,da_untreated
logistic_l2,3,C=1.0,0.9138797814207652,,0.8706664161628831,,0.8872131147540984,,0.9344262295081968,,0.84,,0.8769230769230769,,0.1167624268529405,,lodo,False,flat,,,fold_features_D11_qualonly_da_untreated.csv,da_untreated
logistic_l2,3,C=10.0,0.9123497267759564,,0.8702995118173382,,0.8641530054644808,,0.9016393442622952,,0.8266666666666667,,0.8527131782945736,,0.1186061254040598,,lodo,False,flat,,,fold_features_D11_qualonly_da_untreated.csv,da_untreated
logistic_l2,3,C=100.0,0.9106010928961747,,0.8696802778402408,,0.8559562841530055,,0.8852459016393442,,0.8266666666666667,,0.84375,,0.1201125006117951,,lodo,False,flat,,,fold_features_D11_qualonly_da_untreated.csv,da_untreated
logistic_l2,4,C=0.01,0.8926775956284152,,0.8419664968021744,,0.8272131147540984,,0.9344262295081968,,0.72,,0.8201438848920863,,0.1752889233681203,,lodo,False,flat,,,fold_features_D11_qualonly_da_untreated.csv,da_untreated
logistic_l2,4,C=0.1,0.9130054644808744,,0.8735191166295857,,0.8374863387978142,,0.9016393442622952,,0.7733333333333333,,0.8270676691729323,,0.1275452824537338,,lodo,False,flat,,,fold_features_D11_qualonly_da_untreated.csv,da_untreated
logistic_l2,4,C=1.0,0.9167213114754098,,0.8811080723625053,,0.8574863387978142,,0.9016393442622952,,0.8133333333333334,,0.8461538461538461,,0.1163502005500379,,lodo,False,flat,,,fold_features_D11_qualonly_da_untreated.csv,da_untreated
logistic_l2,4,C=10.0,0.9191256830601092,,0.8865873568023059,,0.8774863387978142,,0.9016393442622952,,0.8533333333333334,,0.8661417322834646,,0.1149199821368069,,lodo,False,flat,,,fold_features_D11_qualonly_da_untreated.csv,da_untreated
logistic_l2,4,C=100.0,0.918688524590164,,0.8894561210033829,,0.8559562841530055,,0.8852459016393442,,0.8266666666666667,,0.84375,,0.1156810791164882,,lodo,False,flat,,,fold_features_D11_qualonly_da_untreated.csv,da_untreated
logistic_l2,5,C=0.01,0.8878688524590164,,0.8390622512245294,,0.8487431693989071,,0.9508196721311476,,0.7466666666666667,,0.8405797101449275,,0.1734761392011819,,lodo,False,flat,,,fold_features_D11_qualonly_da_untreated.csv,da_untreated
logistic_l2,5,C=0.1,0.908415300546448,,0.8666287061314313,,0.8456830601092896,,0.918032786885246,,0.7733333333333333,,0.835820895522388,,0.1284471513909996,,lodo,False,flat,,,fold_features_D11_qualonly_da_untreated.csv,da_untreated
logistic_l2,5,C=1.0,0.9114754098360656,,0.8751924789838801,,0.8492896174863388,,0.8852459016393442,,0.8133333333333334,,0.8372093023255814,,0.1183954195610197,,lodo,False,flat,,,fold_features_D11_qualonly_da_untreated.csv,da_untreated
logistic_l2,5,C=10.0,0.9173770491803278,,0.8861512955645434,,0.8626229508196721,,0.8852459016393442,,0.84,,0.8503937007874016,,0.1161630220924022,,lodo,False,flat,,,fold_features_D11_qualonly_da_untreated.csv,da_untreated
logistic_l2,5,C=100.0,0.9156284153005464,,0.8877631551230081,,0.8544262295081967,,0.8688524590163934,,0.84,,0.8412698412698413,,0.117272935012216,,lodo,False,flat,,,fold_features_D11_qualonly_da_untreated.csv,da_untreated
logistic_l2,6,C=0.01,0.8889617486338798,,0.8421370873352382,,0.853879781420765,,0.9344262295081968,,0.7733333333333333,,0.8444444444444444,,0.1735146999482927,,lodo,False,flat,,,fold_features_D11_qualonly_da_untreated.csv,da_untreated
logistic_l2,6,C=0.1,0.9075409836065572,,0.8659625144450184,,0.8523497267759563,,0.918032786885246,,0.7866666666666666,,0.8421052631578947,,0.128953259502573,,lodo,False,flat,,,fold_features_D11_qualonly_da_untreated.csv,da_untreated
logistic_l2,6,C=1.0,0.9099453551912569,,0.8733624589234691,,0.8426229508196721,,0.8852459016393442,,0.8,,0.8307692307692308,,0.1193464395247878,,lodo,False,flat,,,fold_features_D11_qualonly_da_untreated.csv,da_untreated
logistic_l2,6,C=10.0,0.9156284153005464,,0.881238310642978,,0.8626229508196721,,0.8852459016393442,,0.84,,0.8503937007874016,,0.1160754512869129,,lodo,False,flat,,,fold_features_D11_qualonly_da_untreated.csv,da_untreated
logistic_l2,6,C=100.0,0.9171584699453552,,0.8873555511086739,,0.832896174863388,,0.8524590163934426,,0.8133333333333334,,0.8188976377952756,,0.1168274100775582,,lodo,False,flat,,,fold_features_D11_qualonly_da_untreated.csv,da_untreated
logistic_l2,7,C=0.01,0.8900546448087431,,0.845630715952688,,0.8456830601092896,,0.918032786885246,,0.7733333333333333,,0.835820895522388,,0.1735831929489636,,lodo,False,flat,,,fold_features_D11_qualonly_da_untreated.csv,da_untreated
logistic_l2,7,C=0.1,0.9081967213114752,,0.8668229555452102,,0.8508196721311476,,0.9016393442622952,,0.8,,0.8396946564885496,,0.129135841918603,,lodo,False,flat,,,fold_features_D11_qualonly_da_untreated.csv,da_untreated
logistic_l2,7,C=1.0,0.9108196721311476,,0.872432549900819,,0.8492896174863388,,0.8852459016393442,,0.8133333333333334,,0.8372093023255814,,0.1191564577478338,,lodo,False,flat,,,fold_features_D11_qualonly_da_untreated.csv,da_untreated
logistic_l2,7,C=10.0,0.9110382513661204,,0.8757553235656188,,0.8395628415300547,,0.8524590163934426,,0.8266666666666667,,0.8253968253968254,,0.1186781328773915,,lodo,False,flat,,,fold_features_D11_qualonly_da_untreated.csv,da_untreated
logistic_l2,7,C=100.0,0.9106010928961747,,0.8808810722029439,,0.8246994535519125,,0.8360655737704918,,0.8133333333333334,,0.8095238095238095,,0.1226330788932942,,lodo,False,flat,,,fold_features_D11_qualonly_da_untreated.csv,da_untreated
logistic_l2,8,C=0.01,0.8869945355191255,,0.8387131414055441,,0.8390163934426229,,0.918032786885246,,0.76,,0.8296296296296296,,0.173940708616995,,lodo,False,flat,,,fold_features_D11_qualonly_da_untreated.csv,da_untreated
logistic_l2,8,C=0.1,0.9038251366120218,,0.8585929726559866,,0.8508196721311476,,0.9016393442622952,,0.8,,0.8396946564885496,,0.1303774834347668,,lodo,False,flat,,,fold_features_D11_qualonly_da_untreated.csv,da_untreated
logistic_l2,8,C=1.0,0.9079781420765028,,0.869500879129558,,0.8508196721311476,,0.9016393442622952,,0.8,,0.8396946564885496,,0.1204435990170405,,lodo,False,flat,,,fold_features_D11_qualonly_da_untreated.csv,da_untreated
logistic_l2,8,C=10.0,0.9160655737704918,,0.8797105738038803,,0.8559562841530055,,0.8852459016393442,,0.8266666666666667,,0.84375,,0.1141998913962745,,lodo,False,flat,,,fold_features_D11_qualonly_da_untreated.csv,da_untreated
logistic_l2,8,C=100.0,0.9101639344262296,,0.8794473776111121,,0.82775956284153,,0.8688524590163934,,0.7866666666666666,,0.8153846153846154,,0.1204484211183436,,lodo,False,flat,,,fold_features_D11_qualonly_da_untreated.csv,da_untreated
logistic_l2,9,C=0.01,0.8883060109289617,,0.8407477646138193,,0.8456830601092896,,0.918032786885246,,0.7733333333333333,,0.835820895522388,,0.1730197407640827,,lodo,False,flat,,,fold_features_D11_qualonly_da_untreated.csv,da_untreated
logistic_l2,9,C=0.1,0.9075409836065572,,0.8630470229575605,,0.8656830601092896,,0.918032786885246,,0.8133333333333334,,0.8549618320610687,,0.1295338408139908,,lodo,False,flat,,,fold_features_D11_qualonly_da_untreated.csv,da_untreated
logistic_l2,9,C=1.0,0.9108196721311476,,0.8724485428793867,,0.8410928961748634,,0.8688524590163934,,0.8133333333333334,,0.828125,,0.1193329272603805,,lodo,False,flat,,,fold_features_D11_qualonly_da_untreated.csv,da_untreated
logistic_l2,9,C=10.0,0.9149726775956284,,0.8784916189264005,,0.84775956284153,,0.8688524590163934,,0.8266666666666667,,0.8346456692913385,,0.1162325213376176,,lodo,False,flat,,,fold_features_D11_qualonly_da_untreated.csv,da_untreated
logistic_l2,9,C=100.0,0.9134426229508196,,0.8778552265586452,,0.8262295081967213,,0.8524590163934426,,0.8,,0.8125,,0.1185330921891689,,lodo,False,flat,,,fold_features_D11_qualonly_da_untreated.csv,da_untreated
logistic_l2,10,C=0.01,0.8883060109289617,,0.8402106914826744,,0.8374863387978142,,0.9016393442622952,,0.7733333333333333,,0.8270676691729323,,0.1720340987677097,,lodo,False,flat,,,fold_features_D11_qualonly_da_untreated.csv,da_untreated
logistic_l2,10,C=0.1,0.9092896174863389,,0.8636119969259364,,0.8492896174863388,,0.8852459016393442,,0.8133333333333334,,0.8372093023255814,,0.1288705183368881,,lodo,False,flat,,,fold_features_D11_qualonly_da_untreated.csv,da_untreated
logistic_l2,10,C=1.0,0.9136612021857924,,0.8753368238283792,,0.8410928961748634,,0.8688524590163934,,0.8133333333333334,,0.828125,,0.1178155422434154,,lodo,False,flat,,,fold_features_D11_qualonly_da_untreated.csv,da_untreated
logistic_l2,10,C=10.0,0.9088524590163932,,0.8743001754714634,,0.8410928961748634,,0.8688524590163934,,0.8133333333333334,,0.828125,,0.1197357090318629,,lodo,False,flat,,,fold_features_D11_qualonly_da_untreated.csv,da_untreated
logistic_l2,10,C=100.0,0.9055737704918032,,0.8704887110022089,,0.8180327868852459,,0.8360655737704918,,0.8,,0.8031496062992126,,0.1258601638892898,,lodo,False,flat,,,fold_features_D11_qualonly_da_untreated.csv,da_untreated
logistic_l1,4,C=10.0,0.9055737704918032,,0.8864115782375663,,0.8210928961748634,,0.8688524590163934,,0.7733333333333333,,0.8091603053435115,,0.1260203200003825,,lodo,False,nested,20.0,"k=4,C=10.0 x4; k=6,C=100.0 x4; k=4,C=1.0 x3; k=4,C=100.0 x3; k=3,C=0.1 x2; k=5,C=10.0 x2; k=5,C=1.0 x1; k=5,C=100.0 x1",fold_features_D11_qualonly_da_untreated.csv,da_untreated
logistic_l2,4,C=100.0,0.9079781420765026,,0.8855279755527952,,0.8195628415300547,,0.8524590163934426,,0.7866666666666666,,0.8062015503875969,,0.1258599093168813,,lodo,False,nested,20.0,"k=4,C=100.0 x7; k=4,C=10.0 x3; k=6,C=100.0 x3; k=6,C=10.0 x2; k=4,C=1.0 x1; k=10,C=0.1 x1; k=8,C=100.0 x1; k=10,C=1.0 x1; k=5,C=100.0 x1",fold_features_D11_qualonly_da_untreated.csv,da_untreated
