model,k,param_str,roc_auc_mean,roc_auc_std,pr_auc_mean,pr_auc_std,balanced_accuracy_mean,balanced_accuracy_std,sensitivity_mean,sensitivity_std,specificity_mean,specificity_std,f1_mean,f1_std,brier_mean,brier_std,scheme,pool_correction,tuning
logistic_l1,0.0,C=0.01,0.4984375,0.013504180232306066,0.6941385479995548,0.007032784512300184,0.49940476190476196,0.009305058452894949,0.4583333333333333,0.2665708016342949,0.5404761904761906,0.26961942327829264,0.5122031855592353,0.1950520099573793,0.2523263881599234,0.0064305525439332925,plain,False,flat
logistic_l1,0.0,C=0.1,0.9513640873015874,0.005760343291544382,0.9667904257370482,0.008310460253131867,0.893452380952381,0.005019488349473653,0.9583333333333334,0.0,0.8285714285714286,0.010038976698947249,0.9426268969126111,0.0020298590248420583,0.09036418829812728,0.0006918265641544294,plain,False,flat
logistic_l1,0.0,C=1.0,0.9469990079365079,0.005209055022646118,0.9616626624207469,0.006484816882503163,0.8955357142857142,0.0074833421292246835,0.9291666666666668,0.004392052305789391,0.8619047619047618,0.01505846504842087,0.9340358340222285,0.003552481896581622,0.06935957437391375,0.0017389824433771263,plain,False,flat
logistic_l1,0.0,C=10.0,0.9456349206349206,0.006465137380655259,0.9607510520352468,0.007809337598478097,0.9017857142857142,0.0069089227565397714,0.925,0.004392052305789436,0.8785714285714284,0.013515386004703506,0.9352317676098332,0.003496668992616886,0.06956924073217174,0.0022151190958543884,plain,False,flat
logistic_l1,0.0,C=100.0,0.945486111111111,0.00660010164450191,0.9607583407970447,0.008021820618987364,0.9024553571428571,0.007452453983321197,0.9239583333333334,0.005031728036871362,0.880952380952381,0.01587301587301589,0.9351645783601132,0.0034686307640513976,0.0696646536359452,0.0022799622764987197,plain,False,flat
logistic_l1,1.0,C=0.01,0.5017361111111112,0.012674449667153996,0.6963764958273171,0.006622896520224991,0.5020089285714285,0.008935802296882156,0.4802083333333333,0.19366473133634904,0.5238095238095238,0.19505088456261122,0.5472787940363355,0.14719799540266562,0.2509072200815251,0.004807425135161668,plain,False,flat
logistic_l1,1.0,C=0.1,0.9502728174603174,0.0027870383318514534,0.9626312129172602,0.003675946897382629,0.9033482142857142,0.006229593955040004,0.9614583333333334,0.0050317280368713255,0.8452380952380952,0.012548720873684001,0.9476389001278545,0.003231217701847642,0.09033433664698615,0.0010317954963596923,plain,False,flat
logistic_l1,1.0,C=1.0,0.9446180555555556,0.005884303991336544,0.9591076991783073,0.007369243996994393,0.9087053571428572,0.004560390811306767,0.9364583333333334,0.009120781622613634,0.880952380952381,0.0,0.9418343551942684,0.004849539256633123,0.06951715517937149,0.0022589592982970833,plain,False,flat
logistic_l1,1.0,C=10.0,0.9400545634920634,0.006665277583851966,0.9536155673722954,0.008037044263631873,0.90625,0.005154913117764518,0.9291666666666666,0.01075828707279838,0.8833333333333334,0.0075292325242104375,0.9384272188546012,0.005314621412793234,0.06933813202605105,0.003001393084571878,plain,False,flat
logistic_l1,1.0,C=100.0,0.9392609126984126,0.00730087474537162,0.9524688560052109,0.00798174560552062,0.9057291666666666,0.005083417940698292,0.928125,0.010358634645955773,0.8833333333333334,0.0075292325242104375,0.9378705916845819,0.005139946324825254,0.06947955888357905,0.003181331923921371,plain,False,flat
logistic_l1,2.0,C=0.01,0.5009920634920635,0.011234264312379698,0.6958149314912941,0.006140332131590678,0.5017113095238096,0.005468173515488534,0.40104166666666663,0.16450053590103708,0.6023809523809524,0.16875113728235785,0.4905951182819363,0.13814747357687007,0.25127056618531995,0.00579915284932712,plain,False,flat
logistic_l1,2.0,C=0.1,0.9607886904761905,0.004372166489952667,0.9783250620792149,0.004679328745578468,0.9078125,0.01013198723334538,0.9489583333333333,0.012471031247269407,0.8666666666666666,0.016647759494764314,0.9454855838298457,0.007232664256945735,0.08335998156952712,0.0032627201628277545,plain,False,flat
logistic_l1,2.0,C=1.0,0.9568204365079366,0.005940254862606263,0.9752281039066805,0.005286800394363195,0.911235119047619,0.009153432284018121,0.934375,0.01103489484866022,0.8880952380952382,0.0196017286273468,0.9422122394030004,0.005718387045608401,0.0649373169536239,0.004999424853660024,plain,False,flat
logistic_l1,2.0,C=10.0,0.9556051587301587,0.006983701085298605,0.9742576953797346,0.005433354693875202,0.9177827380952381,0.016949666784258,0.9260416666666667,0.012471031247269424,0.9095238095238095,0.031346694695446826,0.9422394737393803,0.009484348451199637,0.06747350807647702,0.005985309846390023,plain,False,flat
logistic_l1,2.0,C=100.0,0.9560515873015873,0.007335756307002565,0.9747590210505706,0.005548930888017455,0.9186011904761905,0.015212898211151845,0.9229166666666666,0.014894174020505002,0.9142857142857143,0.027947328351839697,0.9415289781116762,0.009523995690681264,0.06870303391449833,0.0063677960455002765,plain,False,flat
logistic_l1,3.0,C=0.01,0.5031994047619047,0.008629186314580135,0.6973499014367067,0.004774975594187156,0.5033482142857142,0.006694131734258815,0.5614583333333333,0.24745278340611188,0.44523809523809527,0.2425638856036557,0.5930655760867214,0.1706395880064748,0.24751848760369993,0.0066982458583422395,plain,False,flat
logistic_l1,3.0,C=0.1,0.9640376984126984,0.0037776652310832783,0.9805401624595254,0.004043375171491567,0.9101934523809524,0.008248532173759244,0.9489583333333333,0.009120781622613693,0.8714285714285713,0.016647759494764332,0.946484808290306,0.005018510586354018,0.08102697120751998,0.0018481305305045514,plain,False,flat
logistic_l1,3.0,C=1.0,0.9612599206349206,0.0037555278024604946,0.9788943474328334,0.002401496788096767,0.912797619047619,0.012611308398468787,0.9375,0.0,0.8880952380952382,0.025222616796937648,0.943917139051818,0.0052427015171069785,0.06287252361733489,0.0029607823493802564,plain,False,flat
logistic_l1,3.0,C=10.0,0.9545138888888889,0.007629327314879603,0.9746221128259256,0.005835160511689143,0.920014880952381,0.014865443307034714,0.928125,0.00912078162261367,0.9119047619047619,0.02760718592210489,0.9438676721304944,0.007904505085306776,0.06707317824626996,0.0038845156872201565,plain,False,flat
logistic_l1,3.0,C=100.0,0.9544146825396826,0.007841033145985955,0.9746819816225278,0.0061968502160262215,0.9174107142857142,0.014988040604898969,0.9229166666666666,0.011197580205970224,0.9119047619047619,0.02760718592210489,0.9410527194498141,0.008453746313406667,0.06887531273721205,0.00417525083824999,plain,False,flat
logistic_l1,4.0,C=0.01,0.4984126984126984,0.008146607297791703,0.6946364973627057,0.004682481421896886,0.5,0.004060194827317685,0.5,0.17165565408761496,0.5,0.17132565988034051,0.5660579628073716,0.12385793900289005,0.25019268410791123,0.0035722215716872167,plain,False,flat
logistic_l1,4.0,C=0.1,0.9633680555555555,0.0031741079653993184,0.9802033767682599,0.0035778319468377905,0.9091517857142858,0.007140531615482162,0.946875,0.007686091535131472,0.8714285714285713,0.016647759494764332,0.9453944377205128,0.0037171430665556456,0.08120035830273688,0.002162639389294167,plain,False,flat
logistic_l1,4.0,C=1.0,0.9587301587301587,0.0049190856887276445,0.9775846006917392,0.003443975919083961,0.9224702380952381,0.015436074380821363,0.9354166666666666,0.004392052305789383,0.9095238095238095,0.029268395102517133,0.9472887287423191,0.007159969739987314,0.06519252116239585,0.003844305286990041,plain,False,flat
logistic_l1,4.0,C=10.0,0.951264880952381,0.01056018981402679,0.9719943352397481,0.010576351325167044,0.9221726190476189,0.013978065468723575,0.9229166666666666,0.010063456073742679,0.9214285714285714,0.02522261679693762,0.9430568815593816,0.00790740175700844,0.07064133742225938,0.0047737931358860265,plain,False,flat
logistic_l1,4.0,C=100.0,0.9498263888888889,0.011707966335633004,0.9713670465828814,0.011276823840258698,0.9195684523809524,0.014808230043204704,0.9177083333333333,0.007686091535131506,0.9214285714285714,0.02522261679693762,0.940248110919111,0.008139243845249416,0.07321477366584339,0.004875604828000401,plain,False,flat
logistic_l1,5.0,C=0.01,0.5043154761904762,0.008579740217795982,0.697715719665922,0.004924536641993677,0.5004464285714285,0.0070516805337245934,0.4604166666666667,0.3291769220155847,0.5404761904761906,0.3204325150864309,0.4863022420136948,0.27127695183934325,0.2503048957817978,0.004873353006058041,plain,False,flat
logistic_l1,5.0,C=0.1,0.9633432539682539,0.0031410992458308705,0.9801821182648585,0.00355937792264085,0.9091517857142858,0.007140531615482162,0.946875,0.007686091535131472,0.8714285714285713,0.016647759494764332,0.9453944377205128,0.0037171430665556456,0.08120035756983866,0.002163316820098372,plain,False,flat
logistic_l1,5.0,C=1.0,0.9567212301587302,0.004643265185230446,0.9760725606268249,0.0031680724406086265,0.9195684523809524,0.014459346667467817,0.934375,0.005031728036871309,0.9047619047619048,0.027492869961410777,0.9457292745512861,0.006793380395116577,0.06609820704638139,0.0036875604625017802,plain,False,flat
logistic_l1,5.0,C=10.0,0.9483878968253968,0.009981385037702071,0.9703592065474647,0.009805548996099674,0.909375,0.013024021718476815,0.91875,0.008216777476527265,0.9,0.021879442463635292,0.936309769442633,0.007460510779021318,0.07483791507881661,0.006105509242518783,plain,False,flat
logistic_l1,5.0,C=100.0,0.9458085317460319,0.011224678306480324,0.9686657431414488,0.01255995897273597,0.9055803571428571,0.01622732813103358,0.9135416666666666,0.0070307141428182654,0.8976190476190476,0.029801560881775532,0.9330045142597972,0.00815067378540335,0.07830658617752013,0.006257038247359111,plain,False,flat
logistic_l1,6.0,C=0.01,0.5019593253968254,0.014267297378380683,0.6970487219471875,0.007675232196917054,0.5009672619047618,0.008067571698143497,0.5614583333333333,0.2947689675202649,0.4404761904761905,0.29785704769516197,0.5718973716379442,0.24429848617838754,0.24974374631899407,0.006927957115650319,plain,False,flat
logistic_l1,6.0,C=0.1,0.9633928571428572,0.003198026599117628,0.9802138750885284,0.0035836912498209755,0.9091517857142858,0.007140531615482162,0.946875,0.007686091535131472,0.8714285714285713,0.016647759494764332,0.9453944377205128,0.0037171430665556456,0.08120103569740886,0.0021636605114217573,plain,False,flat
logistic_l1,6.0,C=1.0,0.9588045634920634,0.004755542234019744,0.9767273716306267,0.003559362717101934,0.9207589285714286,0.015079079532070836,0.934375,0.005031728036871309,0.9071428571428571,0.028505214279472998,0.9462305276841182,0.007105519172523177,0.06326457075729122,0.004258484899621695,plain,False,flat
logistic_l1,6.0,C=10.0,0.9565972222222223,0.008137205555135137,0.9744205752557601,0.0051406753404807885,0.9130208333333334,0.011645923293935467,0.9260416666666667,0.007686091535131517,0.9,0.024590370452110627,0.9402532209225608,0.005466956243969906,0.06800948508153651,0.00516338274108172,plain,False,flat
logistic_l1,6.0,C=100.0,0.9524801587301587,0.009042815788886244,0.9700458293833687,0.006685063824095104,0.909077380952381,0.011380659047380951,0.9229166666666666,0.008784104611578863,0.8952380952380953,0.023002185311411842,0.9375684939726341,0.005966225300115989,0.07059943661675495,0.005470216571574163,plain,False,flat
logistic_l1,7.0,C=0.01,0.494171626984127,0.008436793783763618,0.6933172131734555,0.0046598360498126745,0.4972470238095238,0.006205850775919908,0.496875,0.1947573127757457,0.4976190476190476,0.20029268078065368,0.5595596420654371,0.13244077817250968,0.2506671072161016,0.004418097943105062,plain,False,flat
logistic_l1,7.0,C=0.1,0.9631696428571429,0.0035331986849137134,0.9799859009962397,0.0036842043082629477,0.9086309523809524,0.007438822567566417,0.9458333333333334,0.006588078458684106,0.8714285714285713,0.016647759494764332,0.9448495950304856,0.0036168718733083634,0.08122480655928335,0.0021705439868601882,plain,False,flat
logistic_l1,7.0,C=1.0,0.9576140873015874,0.005144893195943162,0.975464115528623,0.003973395906115519,0.9207589285714286,0.015079079532070836,0.934375,0.005031728036871309,0.9071428571428571,0.028505214279472998,0.9462305276841182,0.007105519172523177,0.06356443214491371,0.003974850895708552,plain,False,flat
logistic_l1,7.0,C=10.0,0.9529017857142857,0.00963435173199992,0.9721917844037561,0.006972786175998116,0.9082589285714286,0.009669756902550451,0.9260416666666667,0.007686091535131517,0.8904761904761905,0.020077953397894498,0.9382603056925667,0.004983412264262756,0.0701974991586785,0.005345562911164957,plain,False,flat
logistic_l1,7.0,C=100.0,0.9477182539682539,0.011618748814054239,0.9681900796057985,0.008341787418660073,0.9002232142857143,0.016400770427418197,0.921875,0.008852464433320835,0.8785714285714284,0.034503277967117725,0.9335726957272088,0.007185003785805079,0.07537391985066445,0.0077206320289144115,plain,False,flat
logistic_l1,8.0,C=0.01,0.5025545634920635,0.00764261895290821,0.6970876014325122,0.0045193700701553294,0.5,0.008173242585954418,0.6,0.2665346171897636,0.4,0.26815533078999376,0.6025716164838066,0.2318823819664624,0.25044796448954754,0.0031080690141194077,plain,False,flat
logistic_l1,8.0,C=0.1,0.9631696428571429,0.0035331986849137134,0.9799859009962397,0.0036842043082629477,0.9086309523809524,0.007438822567566417,0.9458333333333334,0.006588078458684106,0.8714285714285713,0.016647759494764332,0.9448495950304856,0.0036168718733083634,0.08122658836050664,0.0021703119527637905,plain,False,flat
logistic_l1,8.0,C=1.0,0.9571924603174603,0.004566007473301116,0.9751630717214581,0.0035745294125664293,0.9207589285714286,0.015079079532070836,0.934375,0.005031728036871309,0.9071428571428571,0.028505214279472998,0.9462305276841182,0.007105519172523177,0.06365007439476761,0.003952887686485206,plain,False,flat
logistic_l1,8.0,C=10.0,0.9507440476190476,0.009307261720146422,0.9709101972436509,0.006845062980083592,0.9094494047619047,0.012069228106450612,0.9260416666666667,0.007686091535131517,0.8928571428571429,0.025717224993682,0.9387658869610608,0.005501978554675203,0.0699198342874083,0.006135550479067492,plain,False,flat
logistic_l1,8.0,C=100.0,0.9469246031746031,0.004537176830030491,0.9684153890318544,0.0037057759511954272,0.8990327380952381,0.013365501530323984,0.921875,0.00885246443332083,0.8761904761904761,0.029268395102517112,0.9330669343054682,0.0059165867618347565,0.07581159433302301,0.005847624751495886,plain,False,flat
logistic_l1,9.0,C=0.01,0.49940476190476196,0.011799926962869333,0.6949880103135653,0.006055397018988921,0.4970238095238095,0.011743492660467938,0.5583333333333333,0.22759350608562115,0.43571428571428567,0.22308505959513034,0.5932317559093109,0.1611066619209034,0.2503372418722102,0.0036170753908469954,plain,False,flat
logistic_l1,9.0,C=0.1,0.9631696428571429,0.0035331986849137134,0.9799859009962397,0.0036842043082629477,0.9086309523809524,0.007438822567566417,0.9458333333333334,0.006588078458684106,0.8714285714285713,0.016647759494764332,0.9448495950304856,0.0036168718733083634,0.08122706010742725,0.0021704923459114575,plain,False,flat
logistic_l1,9.0,C=1.0,0.9565724206349205,0.004052528432627068,0.9748353750565381,0.0031968181877150594,0.9212797619047619,0.015436074380821388,0.9354166666666666,0.004392052305789389,0.9071428571428571,0.028505214279472998,0.9467877718583836,0.0073694871927611014,0.06404562363220954,0.003776985830117792,plain,False,flat
logistic_l1,9.0,C=10.0,0.9525297619047619,0.003972041292325463,0.9724277728845099,0.004549196792804985,0.9041666666666666,0.011326480604644022,0.925,0.008216777476527265,0.8833333333333334,0.020847500851688433,0.9362165683120331,0.006275197566697501,0.07156620037753561,0.003977683807609845,plain,False,flat
logistic_l1,9.0,C=100.0,0.9479910714285715,0.004060278993004734,0.9693383649678875,0.005078207099014286,0.8957589285714285,0.014399665746069042,0.9177083333333333,0.005912981377057766,0.8738095238095237,0.02980156088177552,0.930333544681192,0.006147230478337934,0.07797148938839057,0.005192739469035059,plain,False,flat
logistic_l1,10.0,C=0.01,0.5033234126984127,0.0059915214461022225,0.6977443275635509,0.0031469394000409193,0.5019345238095239,0.006963904140950956,0.5395833333333333,0.18966090191720955,0.4642857142857143,0.19959962444379825,0.5901641412603416,0.13169458961770725,0.2496342214018322,0.006017820653327161,plain,False,flat
logistic_l1,10.0,C=0.1,0.9631696428571429,0.0035331986849137134,0.9799859009962397,0.0036842043082629477,0.9086309523809524,0.007438822567566417,0.9458333333333334,0.006588078458684106,0.8714285714285713,0.016647759494764332,0.9448495950304856,0.0036168718733083634,0.08122767445817201,0.0021713069211035624,plain,False,flat
logistic_l1,10.0,C=1.0,0.9562251984126984,0.004510359566618523,0.9748120563913705,0.003433381181706321,0.9202380952380953,0.014692925863175145,0.9333333333333333,0.00537914353639916,0.9071428571428571,0.028505214279472998,0.9456732835098526,0.00678066494646699,0.06470424136358933,0.004074724427796345,plain,False,flat
logistic_l1,10.0,C=10.0,0.9518353174603174,0.0038773060011632666,0.9718921725355918,0.0046667234344338355,0.899702380952381,0.01722166217727394,0.9208333333333334,0.005379143536399228,0.8785714285714287,0.0345032779671177,0.9330233905585749,0.007462694583100996,0.07366165397097224,0.0033051110885102997,plain,False,flat
logistic_l1,10.0,C=100.0,0.9460565476190477,0.006263730770554824,0.9673594278078482,0.005619856553921325,0.8901041666666666,0.016176453878049307,0.9135416666666666,0.00857575627446421,0.8666666666666666,0.030116930096841726,0.9265908922480101,0.008219855435402592,0.08140908994197313,0.006832027500864316,plain,False,flat
logistic_l2,0.0,C=0.01,0.947048611111111,0.0036828478186799415,0.9681983134281046,0.0024384707509168073,0.8857886904761905,0.009784846996318888,0.9572916666666667,0.005912981377057795,0.8142857142857143,0.01505846504842085,0.9391941391941392,0.005602232064040614,0.1795672382202404,0.0006402445646837587,plain,False,flat
logistic_l2,0.0,C=0.1,0.9501736111111111,0.002450913331236434,0.9693130255905353,0.0020600632266424175,0.8916666666666666,0.0021960261528947136,0.95,0.00439205230578945,0.8333333333333334,0.0,0.9392334126354746,0.002295988009497509,0.09813919154102854,0.0010164004824828568,plain,False,flat
logistic_l2,0.0,C=1.0,0.9500744047619047,0.0036750451662311456,0.9665171398692672,0.004363791206859035,0.8936011904761905,0.008570016142445895,0.9395833333333334,0.006588078458684094,0.8476190476190476,0.012295185226055246,0.936652633851468,0.00540610777854404,0.0724037923026277,0.001400929624164559,plain,False,flat
logistic_l2,0.0,C=10.0,0.9463789682539682,0.006014974391102409,0.9616363814814944,0.007508051572120541,0.8987351190476189,0.00766405165584411,0.9260416666666667,0.005912981377057785,0.8714285714285713,0.01664775949476434,0.9343165705858596,0.0036627011408439376,0.06965479827204041,0.0020721199550599078,plain,False,flat
logistic_l2,0.0,C=100.0,0.9455357142857143,0.006622225067785651,0.9608482670371725,0.00797805671562567,0.9024553571428571,0.007452453983321197,0.9239583333333334,0.005031728036871362,0.880952380952381,0.01587301587301589,0.9351645783601132,0.0034686307640513976,0.06965816341370998,0.0022645649375987067,plain,False,flat
logistic_l2,1.0,C=0.01,0.9384176587301587,0.00241891423541374,0.9585222090756096,0.002337199047225494,0.9133928571428571,0.008664242040481898,0.9625,0.007283394778959397,0.8642857142857142,0.016070203755013158,0.9520845737133262,0.004899631413854223,0.16597989654852602,0.000488533672467741,plain,False,flat
logistic_l2,1.0,C=0.1,0.9441220238095239,0.004606022697520417,0.9623374301084293,0.004385436607910731,0.9186011904761905,0.0021960261528947696,0.95625,0.004392052305789436,0.880952380952381,0.0,0.952277633851468,0.0022984315175374535,0.08946405606931696,0.000856327423341545,plain,False,flat
logistic_l2,1.0,C=1.0,0.9433035714285714,0.0055987901029850694,0.9574976364297267,0.006760091025163057,0.9102678571428571,0.003294039229342011,0.9395833333333334,0.006588078458684092,0.880952380952381,0.0,0.9435042367043263,0.0034959986856154695,0.07070012904096469,0.0015644796185396936,plain,False,flat
logistic_l2,1.0,C=10.0,0.9400545634920634,0.006677571185082707,0.9532892587564913,0.007898270524779349,0.9050595238095237,0.0053791435363992075,0.9291666666666666,0.010758287072798385,0.880952380952381,0.0,0.9379318906996985,0.005760473344509648,0.06929495633219665,0.0027248394910680197,plain,False,flat
logistic_l2,1.0,C=100.0,0.9391369047619047,0.007168378617053127,0.9523650466779052,0.007889243868466695,0.9057291666666666,0.005083417940698292,0.928125,0.010358634645955773,0.8833333333333334,0.0075292325242104375,0.9378705916845819,0.005139946324825254,0.0694574733724175,0.0031514151708884183,plain,False,flat
logistic_l2,2.0,C=0.01,0.9479414682539682,0.008107291190509094,0.9667068187412824,0.006023805950504533,0.904389880952381,0.0077740218346514876,0.946875,0.007686091535131491,0.8619047619047618,0.015058465048420885,0.9434303619382737,0.0045995941576533325,0.15391335685825275,0.0025864135304297367,plain,False,flat
logistic_l2,2.0,C=0.1,0.9529761904761905,0.007346369897757229,0.9709988935002599,0.005615340877036376,0.9038690476190476,0.00758620515339369,0.9458333333333334,0.009572256077840435,0.8619047619047618,0.015058465048420885,0.9428739448377881,0.005015879380643461,0.08076793553457433,0.0029322112077058275,plain,False,flat
logistic_l2,2.0,C=1.0,0.9531001984126984,0.006650289724087839,0.9720037903403418,0.005148003574198183,0.9081845238095237,0.007232544298305958,0.9354166666666666,0.008216777476527208,0.880952380952381,0.01587301587301589,0.9412932280581565,0.004220026527606189,0.06570333628524448,0.0040786019551707796,plain,False,flat
logistic_l2,2.0,C=10.0,0.9558283730158731,0.007117906725272113,0.974472718666193,0.005899038543224775,0.9164434523809524,0.01573699313603436,0.928125,0.013402957684457458,0.9047619047619048,0.027492869961410763,0.9423463942435077,0.009574051113157213,0.066520879363324,0.005637537182812777,plain,False,flat
logistic_l2,2.0,C=100.0,0.955952380952381,0.007243309126766841,0.974731432706262,0.005393657422285806,0.9186011904761905,0.015212898211151845,0.9229166666666666,0.014894174020505002,0.9142857142857143,0.027947328351839697,0.9415289781116762,0.009523995690681264,0.06850690930440884,0.00632857987275125,plain,False,flat
logistic_l2,3.0,C=0.01,0.9546875,0.004765018295208491,0.9701181562694252,0.004391485013387583,0.9118303571428571,0.012426808030981883,0.959375,0.012471031247269391,0.8642857142857142,0.01607020375501318,0.9504396081323729,0.008655436959761953,0.14351498878098937,0.002188951564744556,plain,False,flat
logistic_l2,3.0,C=0.1,0.9593005952380953,0.0038341432218621896,0.9745378192826918,0.0031914040888296135,0.9022321428571429,0.00603652497086362,0.9354166666666666,0.006588078458684102,0.869047619047619,0.012548720873684055,0.9388351695538388,0.0035988799992231636,0.0737899674002965,0.0016505092017496585,plain,False,flat
logistic_l2,3.0,C=1.0,0.9570684523809524,0.005151531085368255,0.9758335260964532,0.003286715707812864,0.9146577380952381,0.00593219543647403,0.9364583333333334,0.003294039229342046,0.8928571428571429,0.012548720873684072,0.9443314510826222,0.002620377835519525,0.06366703495279821,0.0028982600660279905,plain,False,flat
logistic_l2,3.0,C=10.0,0.9556795634920634,0.006408063373424513,0.9758063802060801,0.0045819897768447256,0.9210565476190476,0.014708198635305947,0.9302083333333334,0.009882117688026179,0.9119047619047619,0.027607185922104885,0.9449815434747793,0.007933908061449984,0.06576208129071437,0.003773984366347175,plain,False,flat
logistic_l2,3.0,C=100.0,0.9544642857142858,0.007567261936843119,0.974845237521351,0.005845112632722877,0.9174107142857142,0.014988040604898969,0.9229166666666666,0.011197580205970224,0.9119047619047619,0.02760718592210489,0.9410527194498141,0.008453746313406667,0.0685773049058786,0.00414274494059819,plain,False,flat
logistic_l2,4.0,C=0.01,0.9604910714285714,0.004278303763026809,0.9743645409487227,0.0037015906419586493,0.9162946428571429,0.003022335716010393,0.9302083333333334,0.008575756274464207,0.9023809523809524,0.007529232524210435,0.9429617372331538,0.0036151903927157266,0.13610054785528375,0.002265883903392094,plain,False,flat
logistic_l2,4.0,C=0.1,0.961483134920635,0.0043495978919214605,0.9761295207853065,0.003121493777106408,0.9181547619047619,0.0040297809546804885,0.9291666666666668,0.0043920523057894055,0.9071428571428571,0.007529232524210435,0.9434137945336154,0.0026046216343684585,0.07193712788736492,0.0019700490385197935,plain,False,flat
logistic_l2,4.0,C=1.0,0.9578125,0.005805255242702523,0.9759628706355521,0.004293707959741298,0.9238095238095237,0.006286113854143221,0.9333333333333333,0.005379143536399162,0.9142857142857143,0.012295185226055327,0.9471450493846909,0.0035342324213505773,0.06464585635804973,0.003475479752942386,plain,False,flat
logistic_l2,4.0,C=10.0,0.9541914682539684,0.00925560473278671,0.9751541364483522,0.007578247066999851,0.9226934523809524,0.009710383644957047,0.9239583333333334,0.009882117688026193,0.9214285714285715,0.01960172862734677,0.9436084124073355,0.0057903790396141,0.068843380119442,0.004661829888355024,plain,False,flat
logistic_l2,4.0,C=100.0,0.9503720238095239,0.011760619920044178,0.9717162687017421,0.011340475740088245,0.9195684523809524,0.014808230043204704,0.9177083333333333,0.007686091535131506,0.9214285714285714,0.02522261679693762,0.940248110919111,0.008139243845249416,0.07281436653504214,0.004811606913175583,plain,False,flat
logistic_l2,5.0,C=0.01,0.9599950396825397,0.0045417689249604015,0.9742078986654221,0.003776747953361372,0.915625,0.0065918121390397075,0.93125,0.005379143536399167,0.9,0.010038976698947294,0.9430353661932609,0.004188998828749885,0.13620567595022973,0.0022928818994520724,plain,False,flat
logistic_l2,5.0,C=0.1,0.9593005952380953,0.0038323602310561737,0.9752593376841917,0.0028082947522184874,0.9176339285714287,0.003937911026269981,0.928125,0.003294039229342046,0.9071428571428571,0.007529232524210435,0.9428568466082463,0.0022341603756726217,0.0724946156393033,0.0020334293328910505,plain,False,flat
logistic_l2,5.0,C=1.0,0.9534226190476189,0.004520274036942302,0.9729955855501229,0.0034353136276826604,0.923139880952381,0.00912651234546706,0.934375,0.00503172803687131,0.9119047619047619,0.016070203755013193,0.947206609905378,0.00491314003924981,0.0665946723666275,0.003195689401741642,plain,False,flat
logistic_l2,5.0,C=10.0,0.9500992063492063,0.007423739259088918,0.9719682279515924,0.006323450662878424,0.9143601190476189,0.015266379289945136,0.9239583333333334,0.009882117688026193,0.9047619047619048,0.02244783432338248,0.9401155370696245,0.009359632663519208,0.07167259488937619,0.0052615179377754825,plain,False,flat
logistic_l2,5.0,C=100.0,0.9467013888888889,0.010285567748200202,0.9695916072539967,0.010449329410665798,0.9108630952380953,0.011663604027877613,0.9145833333333334,0.006588078458684131,0.9071428571428571,0.020847500851688416,0.935543426552349,0.0062884650889474735,0.077598107431025,0.005952287869682431,plain,False,flat
logistic_l2,6.0,C=0.01,0.9604910714285714,0.005005648793415205,0.9746804884038731,0.0038208872058682745,0.9178571428571429,0.004682182357902437,0.9333333333333333,0.007283394778959351,0.9023809523809524,0.007529232524210435,0.9446387930267786,0.003881032611701628,0.13634125606166309,0.0022992468298451145,plain,False,flat
logistic_l2,6.0,C=0.1,0.9617063492063492,0.004170142687975211,0.9772618178231248,0.0025556947317153813,0.9176339285714287,0.003937911026269981,0.928125,0.003294039229342046,0.9071428571428571,0.0075292325242104375,0.9428568466082463,0.0022341603756726273,0.07184724820146861,0.0022889988969180424,plain,False,flat
logistic_l2,6.0,C=1.0,0.9600446428571429,0.004340789526394007,0.9775503661396863,0.002929297965668963,0.9236607142857143,0.009561968857159882,0.9354166666666666,0.004392052305789389,0.9119047619047619,0.01607020375501325,0.9477638540796436,0.0051721544161239,0.06329269309615514,0.003282508377588845,plain,False,flat
logistic_l2,6.0,C=10.0,0.9604414682539681,0.005868253321994903,0.9779530782758643,0.0034943907774272987,0.9176339285714284,0.010771144051141731,0.928125,0.0059129813770578046,0.9071428571428571,0.020847500851688478,0.9428667760647146,0.005342909178534026,0.06435263771142709,0.00512853594976963,plain,False,flat
logistic_l2,6.0,C=100.0,0.9557043650793651,0.00829130083666746,0.9736867071227959,0.005453568296090922,0.9119791666666666,0.009808706386583618,0.9239583333333334,0.0070307141428182915,0.9,0.021879442463635324,0.9391281268635362,0.004378558669712473,0.06908433035694121,0.005261823552432705,plain,False,flat
logistic_l2,7.0,C=0.01,0.958110119047619,0.004464974594116071,0.9737127100226726,0.004177272224302945,0.9151041666666666,0.0051003304995816574,0.9302083333333334,0.0050317280368713056,0.9,0.010038976698947278,0.9424780975125422,0.0030252146506671435,0.13176794473702547,0.0020786742187215474,plain,False,flat
logistic_l2,7.0,C=0.1,0.9577628968253968,0.0032422799295358817,0.9745959550663844,0.0028304564649805405,0.9197172619047619,0.005347604125420276,0.9322916666666666,0.005490065382236758,0.9071428571428571,0.007529232524210435,0.9450849345586187,0.0037723829842747675,0.07076691247123616,0.00180928965990206,plain,False,flat
logistic_l2,7.0,C=1.0,0.9553075396825397,0.00553074778947937,0.9734719210974248,0.004966384655361319,0.9253720238095238,0.006783585511487309,0.9364583333333334,0.0032940392293420422,0.9142857142857143,0.012295185226055315,0.9488164856585909,0.0035047914725819277,0.06343086202959322,0.0031969296657389573,plain,False,flat
logistic_l2,7.0,C=10.0,0.9576388888888889,0.006087261490731143,0.9762424053388553,0.004239449093425154,0.9176339285714284,0.009515861949270104,0.928125,0.007686091535131501,0.9071428571428571,0.01756820922315774,0.9428555778564279,0.005479189825630841,0.06571109158494971,0.004985736869940339,plain,False,flat
logistic_l2,7.0,C=100.0,0.9515376984126984,0.011535152811815117,0.9715162671145647,0.008542286804472127,0.901264880952381,0.012887521445586678,0.9239583333333334,0.0070307141428182915,0.8785714285714284,0.026202498443205054,0.9346837659746013,0.005963563104968346,0.07306134014063269,0.006773120924443572,plain,False,flat
logistic_l2,8.0,C=0.01,0.9577876984126984,0.00449449654368027,0.9734997967779624,0.004135779079728615,0.9133928571428571,0.00881207063142955,0.9291666666666668,0.0043920523057894,0.8976190476190476,0.016070203755013175,0.941430977093694,0.0045031955912579,0.13190705012664422,0.0021072994336076988,plain,False,flat
logistic_l2,8.0,C=0.1,0.957514880952381,0.0035328117818590457,0.9745541460354247,0.00292746260237551,0.9197172619047619,0.005347604125420276,0.9322916666666666,0.005490065382236758,0.9071428571428571,0.007529232524210435,0.9450849345586187,0.0037723829842747675,0.07090656305045902,0.001777705852266076,plain,False,flat
logistic_l2,8.0,C=1.0,0.9539930555555556,0.005317098872425793,0.9725067723529864,0.0048385481620475046,0.9241815476190476,0.009229723359267666,0.9364583333333334,0.0032940392293420422,0.9119047619047619,0.01607020375501325,0.9483208020050125,0.004740310709281099,0.06393508411679183,0.0030673816182589055,plain,False,flat
logistic_l2,8.0,C=10.0,0.9544146825396826,0.004885066321646244,0.9744422294878865,0.004140868510727458,0.9176339285714284,0.010867794066026103,0.928125,0.007686091535131509,0.9071428571428571,0.017568209223157737,0.9428561948606742,0.00650864922619163,0.0663700248681174,0.004169667470217537,plain,False,flat
logistic_l2,8.0,C=100.0,0.9513640873015874,0.0034770414087499564,0.972493821899775,0.0031942869077017217,0.9019345238095238,0.009999685054249339,0.9229166666666666,0.00878410461157886,0.880952380952381,0.0194403947839935,0.9345955290938596,0.00568926946178062,0.0735075077921699,0.00452934056448178,plain,False,flat
logistic_l2,9.0,C=0.01,0.957514880952381,0.004055225959860188,0.9733339973999131,0.003841104257776494,0.9139136904761905,0.00833753968386174,0.9302083333333334,0.0050317280368713056,0.8976190476190476,0.016070203755013175,0.9419876042637133,0.004207244579455256,0.13199575900820432,0.0020603023609352027,plain,False,flat
logistic_l2,9.0,C=0.1,0.9572172619047619,0.0030583037885406603,0.9741413136282582,0.0025975784486513753,0.9191964285714285,0.0039868117653591145,0.93125,0.005379143536399179,0.9071428571428571,0.007529232524210435,0.9445276903843534,0.0028811935829428014,0.07079056333515353,0.001693843463947448,plain,False,flat
logistic_l2,9.0,C=1.0,0.9526537698412699,0.005252695405375566,0.9711878556265561,0.004901855448082883,0.9241815476190476,0.009229723359267692,0.9364583333333334,0.0032940392293420422,0.9119047619047619,0.016070203755013193,0.9483208020050125,0.004740310709281127,0.06436029280582398,0.002739120791997275,plain,False,flat
logistic_l2,9.0,C=10.0,0.9545138888888889,0.004635825879955062,0.9742521502199661,0.004025820372398621,0.9135416666666666,0.010308632899540827,0.9270833333333334,0.008505172717997169,0.9,0.01878120566063375,0.9408003459092258,0.006023905955097862,0.06766970754857562,0.003163373629696462,plain,False,flat
logistic_l2,9.0,C=100.0,0.9518353174603174,0.004618988147886525,0.9727401500123956,0.004167113362423338,0.8974702380952382,0.01361062663999658,0.91875,0.00658807845868415,0.8761904761904761,0.02703077200940698,0.9313814460299682,0.006348260907535289,0.07544064656557907,0.004049116003944458,plain,False,flat
logistic_l2,10.0,C=0.01,0.9554563492063493,0.004487496003047701,0.9718683550251868,0.004237706537481362,0.915625,0.005447322981465227,0.93125,0.0053791435363991676,0.9,0.010038976698947278,0.9430350454379113,0.003378352903597438,0.13188584497578046,0.0018833996172326884,plain,False,flat
logistic_l2,10.0,C=0.1,0.9558779761904763,0.0032113559886720595,0.9730276121300305,0.0027098350968949533,0.9180059523809524,0.0026895717681995517,0.93125,0.005379143536399179,0.9047619047619048,0.0,0.9440267335004175,0.0028760667195450937,0.07114917240592253,0.001665909618144032,plain,False,flat
logistic_l2,10.0,C=1.0,0.9545386904761906,0.0049035692368308,0.973384682662733,0.004481248921412475,0.9243303571428572,0.00885281185446391,0.934375,0.00503172803687131,0.9142857142857143,0.016647759494764342,0.9477075667893138,0.0045418612935542125,0.06507095369143784,0.0030394016500949863,plain,False,flat
logistic_l2,10.0,C=10.0,0.9563244047619047,0.004049153996442912,0.9758653508168769,0.0034460466329318097,0.9148809523809524,0.013494434023777044,0.925,0.006588078458684147,0.9047619047619048,0.025097441747368145,0.9406938749864583,0.006797323876097602,0.06919203630433027,0.0033323277251371924,plain,False,flat
logistic_l2,10.0,C=100.0,0.9504464285714285,0.005031184683051192,0.9710950097478597,0.005050348414117182,0.8959077380952382,0.014907590245553664,0.915625,0.0076860915351314955,0.8761904761904763,0.02703077200940698,0.9296830144820072,0.0077059428768623366,0.07850599272061651,0.005893303409483472,plain,False,flat
logistic_l1,,,0.9466765873015873,0.013577343242736711,0.9650774760093569,0.016070572695846826,0.898809523809524,0.016718551137254678,0.9333333333333333,0.008784104611578818,0.8642857142857142,0.033765154581242275,0.9367756860020953,0.007744506788911306,0.07791151962613276,0.008379464198345354,plain,False,nested
logistic_l2,,,0.9449156746031747,0.00722086429093506,0.9667385668435837,0.006810535756826712,0.917485119047619,0.019263825690590784,0.9302083333333334,0.012078143840920885,0.9047619047619048,0.031746031746031765,0.9434842752738813,0.011122533472498232,0.08041892552585883,0.007954708621104851,plain,False,nested
logistic_l1,0.0,C=0.01,0.5058531746031746,0.022639048049358082,0.6977893497948198,0.012267256415019169,0.5055803571428571,0.015062753551339006,0.5635416666666667,0.25663692182743647,0.44761904761904764,0.25515595298298566,0.5942921516473353,0.16721675247846549,0.2479279556890175,0.007194656204347183,donor_grouped,False,flat
logistic_l1,0.0,C=0.1,0.9530009920634921,0.0048491877896997115,0.9688932561586787,0.007958859870959623,0.8962053571428571,0.004963416690523218,0.9614583333333334,0.005031728036871312,0.830952380952381,0.0075292325242104375,0.9447252747252748,0.0032902874894789633,0.09021357366750701,0.0004829580955331778,donor_grouped,False,flat
logistic_l1,0.0,C=1.0,0.9491815476190476,0.0025196644194213865,0.9640007498374533,0.00480332685581022,0.9013392857142858,0.008189783062525975,0.93125,0.005379143536399168,0.8714285714285713,0.012295185226055315,0.9371066409479194,0.004938141599777006,0.06929552851174763,0.001600327601963835,donor_grouped,False,flat
logistic_l1,0.0,C=10.0,0.9478918650793651,0.0020798200934805202,0.9621509962320534,0.0027819446117963043,0.902827380952381,0.00512139265838902,0.9270833333333334,0.006944444444444458,0.8785714285714284,0.0075292325242104375,0.9363398315451222,0.004038529727206847,0.06953241940418596,0.0020112598155900187,donor_grouped,False,flat
logistic_l1,0.0,C=100.0,0.9477430555555555,0.0020850713439875784,0.9619651031240736,0.0024572493995118285,0.9023065476190476,0.00642978460162592,0.9260416666666667,0.007686091535131496,0.8785714285714284,0.0075292325242104375,0.9357776932150038,0.004996949307089382,0.06963647864980407,0.002068150525087425,donor_grouped,False,flat
logistic_l1,1.0,C=0.01,0.500719246031746,0.019260774237112022,0.6975867363886963,0.009937121224426798,0.5024553571428572,0.015492755748361292,0.5072916666666667,0.17423844989794735,0.4976190476190476,0.18183092215836238,0.5710368520404094,0.12726086674183795,0.24979051646578151,0.005302680668951373,donor_grouped,False,flat
logistic_l1,1.0,C=0.1,0.9510416666666666,0.0018195344768170997,0.9638994957872417,0.007184678139185042,0.9053571428571429,0.006103408101298423,0.9583333333333334,0.006944444444444448,0.8523809523809524,0.010038976698947199,0.9474696590555786,0.0041521427686215815,0.09130304519882759,0.0010392784044892741,donor_grouped,False,flat
logistic_l1,1.0,C=1.0,0.9470238095238095,0.0036454490103256655,0.9611445558907971,0.0070653989564011975,0.9040178571428571,0.003472222222222258,0.9270833333333334,0.006944444444444448,0.880952380952381,0.0,0.9368303247939511,0.0037305129165791525,0.07091558787920633,0.0029041156417289864,donor_grouped,False,flat
logistic_l1,1.0,C=10.0,0.9415922619047619,0.004569074996303018,0.9529516661831083,0.010230230516108392,0.8998511904761906,0.0021960261528947674,0.91875,0.0043920523057894385,0.880952380952381,0.0,0.9323419660261765,0.0023717816294588946,0.07070575357668499,0.003623657752014496,donor_grouped,False,flat
logistic_l1,1.0,C=100.0,0.9409474206349205,0.004576846808527511,0.9523728022735046,0.01037664871825759,0.8993303571428571,0.0038430457675657673,0.9177083333333333,0.007686091535131507,0.880952380952381,0.0,0.9317674801661363,0.0041704719808702845,0.07086431502495011,0.003868415953007489,donor_grouped,False,flat
logistic_l1,2.0,C=0.01,0.5087797619047618,0.019829278784013946,0.7023162709761646,0.01054692489093964,0.4990327380952381,0.009431453754994637,0.421875,0.28574722342385844,0.5761904761904761,0.2874287186930945,0.4634239543592641,0.2741423486192291,0.2522389362098372,0.005112674736372918,donor_grouped,False,flat
logistic_l1,2.0,C=0.1,0.9631696428571429,0.002131109251760928,0.9823425897097916,0.0018072841355720316,0.9055059523809523,0.007612107764495418,0.9395833333333334,0.009572256077840426,0.8714285714285713,0.012295185226055313,0.9415291686627733,0.005565812451044381,0.08374788747176133,0.0006020868025331926,donor_grouped,False,flat
logistic_l1,2.0,C=1.0,0.9600446428571429,0.0028696816722495132,0.9783741319859306,0.0021822734560021785,0.9030505952380953,0.004464974594116089,0.9322916666666666,0.005490065382236741,0.8738095238095237,0.011501092655705918,0.9381527280242491,0.002262936084827405,0.06548630062167854,0.001563610808575971,donor_grouped,False,flat
logistic_l1,2.0,C=10.0,0.9569940476190476,0.005123260659837611,0.9760020407199766,0.005179209249436054,0.9136904761904763,0.008005958527563988,0.925,0.011825962754115559,0.9023809523809524,0.013515386004703546,0.9401528275871274,0.0063917068413872164,0.06992908115195004,0.003617144653077782,donor_grouped,False,flat
logistic_l1,2.0,C=100.0,0.9565724206349208,0.004965068822279238,0.9760854960514296,0.005017553859220843,0.9121279761904763,0.00667757118508273,0.921875,0.008852464433320828,0.9023809523809524,0.013515386004703546,0.9384818907485398,0.004638676924005468,0.07138574030208154,0.00421429933818688,donor_grouped,False,flat
logistic_l1,3.0,C=0.01,0.5002728174603175,0.01810853701781346,0.6960260510341121,0.01053884500284176,0.5036458333333333,0.015612988265321476,0.540625,0.17020619417033747,0.4666666666666667,0.15721499065923025,0.59673849166443,0.10660834700791538,0.2495677690918952,0.004117293490071914,donor_grouped,False,flat
logistic_l1,3.0,C=0.1,0.9638888888888889,0.003042507758667053,0.9820620452105198,0.0020959072084029157,0.909672619047619,0.007475117770075082,0.9479166666666666,0.008505172717997143,0.8714285714285713,0.012295185226055313,0.9459351335193305,0.005131933348104617,0.08104786379122408,0.0013415356831015686,donor_grouped,False,flat
logistic_l1,3.0,C=1.0,0.9591765873015874,0.005489069361658509,0.9779523352446275,0.003357497387451709,0.9068452380952381,0.005019488349473602,0.9375,0.0,0.8761904761904761,0.010038976698947249,0.9414267015706805,0.0020695534425185557,0.06452738854859033,0.0028615420723043707,donor_grouped,False,flat
logistic_l1,3.0,C=10.0,0.951984126984127,0.006056193493757362,0.9734785369962916,0.004004833893980361,0.9119047619047619,0.011087169500752782,0.9166666666666666,0.00982092751647985,0.9071428571428571,0.023676879190756055,0.9366667033626941,0.005849233240228272,0.07143477839363857,0.005011153041246087,donor_grouped,False,flat
logistic_l1,3.0,C=100.0,0.9516865079365079,0.006857089464628965,0.9736640365067928,0.004335214863739549,0.9079613095238095,0.01566255093461521,0.9135416666666666,0.012078143840920886,0.9023809523809524,0.026202498443205078,0.9339655275994205,0.009505099052986209,0.07364641679781213,0.006257678687902558,donor_grouped,False,flat
logistic_l1,4.0,C=0.01,0.4906498015873016,0.01780138619836501,0.6897657913289835,0.01042322229506217,0.4889880952380953,0.013830304447611828,0.4541666666666667,0.22785821750367183,0.5238095238095238,0.22307094162786026,0.5166756785209182,0.1716664257196229,0.25237029003414946,0.005355156590030101,donor_grouped,False,flat
logistic_l1,4.0,C=0.1,0.9640128968253968,0.002755470115429519,0.9823556101450788,0.0016584176173852912,0.908110119047619,0.008302051192121018,0.9447916666666666,0.005031728036871324,0.8714285714285713,0.012295185226055313,0.944300518134715,0.004931511142369139,0.08119793934319748,0.0013964122602643212,donor_grouped,False,flat
logistic_l1,4.0,C=1.0,0.9563492063492063,0.005974157329741965,0.975951279575178,0.004593141448542783,0.9265625,0.005932195436474062,0.9364583333333334,0.00329403922934206,0.9166666666666666,0.012548720873684076,0.9493174425425265,0.0026421483947926074,0.06639750522906074,0.003132958283270012,donor_grouped,False,flat
logistic_l1,4.0,C=10.0,0.9484871031746032,0.007731529924692383,0.9713423240194679,0.005836808390808331,0.9178571428571429,0.005860736304659475,0.9166666666666666,0.00982092751647985,0.919047619047619,0.01229518522605532,0.9391490814277361,0.0047476265357830425,0.0730414728527348,0.005886068406182964,donor_grouped,False,flat
logistic_l1,4.0,C=100.0,0.9470238095238095,0.009033741513331127,0.9707891823048781,0.006473685936677672,0.9168154761904763,0.007746675645726402,0.9145833333333334,0.013714178929257982,0.919047619047619,0.01229518522605532,0.9379926244511008,0.0071362453644828695,0.07512689628227191,0.0071533937681457094,donor_grouped,False,flat
logistic_l1,5.0,C=0.01,0.5016369047619047,0.021497952034553548,0.6965867660494476,0.012599273299691537,0.49375,0.018022410926494446,0.5541666666666667,0.18385080589206157,0.4333333333333333,0.1745310096178217,0.5979332408749174,0.1351210840735779,0.2500108394238635,0.0045154681828528725,donor_grouped,False,flat
logistic_l1,5.0,C=0.1,0.9640128968253968,0.002755470115429519,0.9823556101450788,0.0016584176173852912,0.908110119047619,0.008302051192121018,0.9447916666666666,0.005031728036871324,0.8714285714285713,0.012295185226055313,0.944300518134715,0.004931511142369139,0.08119863116153148,0.0013971644879585815,donor_grouped,False,flat
logistic_l1,5.0,C=1.0,0.9541170634920635,0.005534700794747366,0.973993014906817,0.004452015168793172,0.9261904761904762,0.008019776473745315,0.9333333333333333,0.005379143536399171,0.919047619047619,0.012295185226055308,0.9481478518992515,0.004863960712152624,0.06747081048617702,0.003053815645246783,donor_grouped,False,flat
logistic_l1,5.0,C=10.0,0.9424603174603176,0.006631301134310644,0.9655149461985969,0.005786750522365442,0.9100446428571429,0.011438076903629323,0.9177083333333333,0.009120781622613679,0.9023809523809524,0.020847500851688447,0.9362355415092389,0.006653581564063175,0.07700059770555365,0.00540561114443976,donor_grouped,False,flat
logistic_l1,5.0,C=100.0,0.9408234126984126,0.006997584224732347,0.9649962310030133,0.005626288259090825,0.9042410714285714,0.007811909463697739,0.915625,0.00768609153513148,0.8928571428571429,0.012548720873684076,0.9331130302970102,0.005227520580288885,0.08023650641134816,0.00643735133202168,donor_grouped,False,flat
logistic_l1,6.0,C=0.01,0.5042906746031746,0.02140742414714415,0.6976128735892677,0.012779347120690171,0.5026785714285714,0.015497320993865337,0.4625,0.21961359514574574,0.5428571428571429,0.23187645818825586,0.527529835671485,0.16875149286274124,0.25107699271567807,0.0065820644806866046,donor_grouped,False,flat
logistic_l1,6.0,C=0.1,0.9639880952380953,0.002785934578535973,0.98233390875619,0.0016835592479012952,0.908110119047619,0.008302051192121018,0.9447916666666666,0.005031728036871324,0.8714285714285713,0.012295185226055313,0.944300518134715,0.004931511142369139,0.08119943423282762,0.001398097251239405,donor_grouped,False,flat
logistic_l1,6.0,C=1.0,0.9571924603174603,0.0055077147742650335,0.9761702233113482,0.004478977227851281,0.9267113095238095,0.008302051192121084,0.934375,0.005031728036871317,0.919047619047619,0.012295185226055308,0.9487050960735172,0.005010468133613776,0.06472796728994032,0.0028386021637536777,donor_grouped,False,flat
logistic_l1,6.0,C=10.0,0.9587301587301587,0.004853343864803525,0.9754973210495667,0.003845309313775833,0.908110119047619,0.013752027281893025,0.928125,0.003294039229342063,0.8880952380952382,0.027607185922104902,0.9389117371431934,0.005821910354822646,0.0673564627485035,0.004007240585496765,donor_grouped,False,flat
logistic_l1,6.0,C=100.0,0.9539434523809524,0.005453906078815855,0.9708017561098332,0.00457972442050829,0.9070684523809524,0.011777229004805007,0.9260416666666667,0.009120781622613709,0.8880952380952382,0.02258769757263131,0.9377642319133146,0.006462721446697194,0.0710056568804229,0.005644646342475912,donor_grouped,False,flat
logistic_l1,7.0,C=0.01,0.49484126984126986,0.015407755309903083,0.6928684300636773,0.008424986769043321,0.5014136904761904,0.01372605976353096,0.621875,0.20559836735102593,0.38095238095238093,0.20327378531532853,0.6403711069865744,0.12030567885543339,0.24722755870316354,0.0045395260258896146,donor_grouped,False,flat
logistic_l1,7.0,C=0.1,0.9638392857142856,0.0026320341678014443,0.9822448401131926,0.0015614738629075864,0.9075892857142858,0.008019776473745275,0.94375,0.005379143536399181,0.8714285714285713,0.012295185226055313,0.9437496891643834,0.0047882699472248285,0.0811988375985002,0.0013987208690681625,donor_grouped,False,flat
logistic_l1,7.0,C=1.0,0.9560763888888889,0.004614028536755553,0.9751525394238083,0.0037890597608638164,0.9267113095238095,0.008302051192121084,0.934375,0.005031728036871317,0.919047619047619,0.012295185226055308,0.9487050960735172,0.005010468133613776,0.06505503081255319,0.002479992295012443,donor_grouped,False,flat
logistic_l1,7.0,C=10.0,0.9570436507936508,0.004523297025334094,0.9744893249176695,0.0046465995043761775,0.9052083333333334,0.008784104611578834,0.9270833333333334,0.0,0.8833333333333334,0.01756820922315768,0.9373481697262352,0.003640305212309183,0.06964328862343382,0.0033819950148732156,donor_grouped,False,flat
logistic_l1,7.0,C=100.0,0.9495039682539682,0.005629225812360835,0.9686410110703797,0.0053150404825128336,0.8950892857142858,0.007620184273679185,0.91875,0.010758287072798405,0.8714285714285713,0.020077953397894473,0.9303656090287568,0.0043739120050983295,0.07663776301634215,0.00503436797660207,donor_grouped,False,flat
logistic_l1,8.0,C=0.01,0.5090277777777777,0.020682104968133903,0.7010040804068246,0.012023271455349054,0.5084077380952381,0.015888702875895302,0.4739583333333333,0.2647669055503186,0.5428571428571429,0.26125460427324193,0.5219411825395845,0.22684376423812544,0.2495540751709219,0.005776184632089907,donor_grouped,False,flat
logistic_l1,8.0,C=0.1,0.9638392857142856,0.0026320341678014443,0.9822448401131926,0.0015614738629075864,0.9075892857142858,0.008019776473745275,0.94375,0.005379143536399181,0.8714285714285713,0.012295185226055313,0.9437496891643834,0.0047882699472248285,0.08119925302514046,0.0013978757518683016,donor_grouped,False,flat
logistic_l1,8.0,C=1.0,0.955952380952381,0.004360818427013166,0.9750796548854052,0.003507662414223492,0.9267113095238095,0.008302051192121084,0.934375,0.005031728036871317,0.919047619047619,0.012295185226055308,0.9487050960735172,0.005010468133613776,0.0650531707955849,0.00248391676435098,donor_grouped,False,flat
logistic_l1,8.0,C=10.0,0.9543402777777779,0.0028481659280156463,0.9729971915043188,0.003305484001481439,0.9052083333333334,0.008784104611578834,0.9270833333333334,0.0,0.8833333333333334,0.01756820922315768,0.9373481697262352,0.003640305212309183,0.06994890027803033,0.0033806076286521463,donor_grouped,False,flat
logistic_l1,8.0,C=100.0,0.9474950396825397,0.00441355223526393,0.9682121528640082,0.004193415157389291,0.8945684523809524,0.0052030159931687895,0.9177083333333333,0.012471031247269435,0.8714285714285713,0.01229518522605532,0.9297814742563327,0.005501282785031434,0.0768726587868401,0.004842217082906497,donor_grouped,False,flat
logistic_l1,9.0,C=0.01,0.5010912698412697,0.022546175283044298,0.6958620242467746,0.012515444278416681,0.496875,0.011466812124444378,0.3770833333333333,0.2951511435364332,0.6166666666666667,0.2953511474965662,0.43122021024738055,0.23939476510947652,0.2516651125098995,0.004483299485413209,donor_grouped,False,flat
logistic_l1,9.0,C=0.1,0.9638392857142856,0.0026320341678014443,0.9822448401131926,0.0015614738629075864,0.9075892857142858,0.008019776473745275,0.94375,0.005379143536399181,0.8714285714285713,0.012295185226055313,0.9437496891643834,0.0047882699472248285,0.08119933902084099,0.001397427200652508,donor_grouped,False,flat
logistic_l1,9.0,C=1.0,0.9557291666666666,0.004147216323142861,0.9750476585998543,0.003498436192106139,0.9255208333333333,0.008146481453281344,0.934375,0.005031728036871317,0.9166666666666666,0.012548720873684072,0.948203842940685,0.004850032665966062,0.06549914682314774,0.0014731427527066299,donor_grouped,False,flat
logistic_l1,9.0,C=10.0,0.9517609126984127,0.0031224400575432004,0.9711326899863065,0.004992937512818644,0.9017857142857142,0.008225755928460832,0.925,0.008216777476527284,0.8785714285714284,0.020847500851688426,0.9352289680577615,0.0035232329465876397,0.0731908291670108,0.003154834508825075,donor_grouped,False,flat
logistic_l1,9.0,C=100.0,0.9450396825396824,0.0036660142994485627,0.9676463880410587,0.0052753277454234485,0.8849702380952381,0.00907344979495989,0.9104166666666667,0.017840600803701596,0.8595238095238095,0.017568209223157653,0.9233326868453785,0.008666347300573012,0.08244473668154549,0.004218524690680388,donor_grouped,False,flat
logistic_l1,10.0,C=0.01,0.5093998015873016,0.021476242958256644,0.7007539160467942,0.010588000420538306,0.5052083333333333,0.012390869044441291,0.32708333333333334,0.17033010796395437,0.6833333333333333,0.16459406688307943,0.4196116818840053,0.18379802151538227,0.2543006279395256,0.005238527881246902,donor_grouped,False,flat
logistic_l1,10.0,C=0.1,0.9638392857142856,0.0026320341678014443,0.9822448401131926,0.0015614738629075864,0.9075892857142858,0.008019776473745275,0.94375,0.005379143536399181,0.8714285714285713,0.012295185226055313,0.9437496891643834,0.0047882699472248285,0.08119968647613608,0.00139732299266879,donor_grouped,False,flat
logistic_l1,10.0,C=1.0,0.9549107142857143,0.004599712006538895,0.9745092905508382,0.004039364900405819,0.9203869047619048,0.01020789465637731,0.93125,0.0072833947789594,0.9095238095238095,0.018781205660633786,0.945033530147159,0.005647155457126183,0.06654202559707047,0.0017775101207305037,donor_grouped,False,flat
logistic_l1,10.0,C=10.0,0.949280753968254,0.004021716715924382,0.9695719158355185,0.00499751321171748,0.9024553571428571,0.009236385496239749,0.9239583333333334,0.008575756274464262,0.880952380952381,0.0194403947839935,0.9351576563728086,0.005005663812140233,0.07413345536683638,0.002925807547310521,donor_grouped,False,flat
logistic_l1,10.0,C=100.0,0.945138888888889,0.005020305257014122,0.9663665496897794,0.005979674157074855,0.8848958333333334,0.008128339503057865,0.9197916666666666,0.011034894848660246,0.85,0.01607020375501313,0.9265276809411634,0.005791015287372521,0.08159502352671452,0.004595629837244265,donor_grouped,False,flat
logistic_l2,0.0,C=0.01,0.9446676587301587,0.0042709488740729105,0.9671550207062504,0.0039323169667607625,0.8886904761904763,0.008323879747382192,0.9583333333333334,0.0,0.819047619047619,0.016647759494764342,0.9407060911049309,0.003355284810147207,0.18003632136841063,0.0007761118806600501,donor_grouped,False,flat
logistic_l2,0.0,C=0.1,0.9495535714285713,0.003927048521918568,0.9694161141559008,0.003964694825226419,0.8932291666666666,0.002745032691118407,0.953125,0.005490065382236822,0.8333333333333334,0.0,0.9408670367433254,0.0028699850118718926,0.09965043120066663,0.0015876683640801143,donor_grouped,False,flat
logistic_l2,0.0,C=1.0,0.9504216269841269,0.003274581872712746,0.9677706120572193,0.0038884854758842935,0.9017857142857142,0.004626676117603557,0.9416666666666667,0.005379143536399177,0.8619047619047618,0.010038976698947278,0.9406837479315303,0.00274974557557437,0.07283355582186413,0.0017925283790510892,donor_grouped,False,flat
logistic_l2,0.0,C=10.0,0.9482886904761905,0.002279858173468523,0.9632823929362943,0.0038091355769310367,0.9049107142857142,0.005188217009917799,0.93125,0.005379143536399168,0.8785714285714284,0.0075292325242104375,0.9385781206944062,0.0036186920519378353,0.06971204615622255,0.0020000801961800397,donor_grouped,False,flat
logistic_l2,0.0,C=100.0,0.9477182539682539,0.0020545270591281824,0.9619621193660179,0.0024168278952953633,0.902827380952381,0.006784945538001095,0.9270833333333334,0.008505172717997155,0.8785714285714284,0.0075292325242104375,0.9363343203850232,0.005420743873685499,0.06964646340209064,0.002069645808612295,donor_grouped,False,flat
logistic_l2,1.0,C=0.01,0.9379960317460319,0.0027118418430648935,0.9586109255072219,0.0020981959489914793,0.9135416666666666,0.00769089184258505,0.9604166666666668,0.004392052305789406,0.8666666666666666,0.012295185226055319,0.9514983173975748,0.004322550048406908,0.16608985982858634,0.0007174013679368,donor_grouped,False,flat
logistic_l2,1.0,C=0.1,0.9433531746031745,0.004541994645914006,0.9622778521872537,0.003877890226135126,0.9191220238095239,0.001647019614671081,0.9572916666666668,0.003294039229342082,0.880952380952381,0.0,0.9528227547495682,0.0017238236381530998,0.09069388356164967,0.0017645955096586615,donor_grouped,False,flat
logistic_l2,1.0,C=1.0,0.9448412698412698,0.004063896468557313,0.9593566672400524,0.004394886326757448,0.9071428571428571,0.0036416973894796856,0.9333333333333333,0.0072833947789593565,0.880952380952381,0.0,0.940176070083586,0.003879092370975485,0.0713760537018864,0.002219611480061234,donor_grouped,False,flat
logistic_l2,1.0,C=10.0,0.9415178571428571,0.004436334701605615,0.952470334407938,0.009521171905066803,0.9019345238095238,0.0026895717681996796,0.9229166666666666,0.0053791435363992335,0.880952380952381,0.0,0.9345920356446673,0.0029048273867405966,0.07031327022241314,0.0034701797036246927,donor_grouped,False,flat
logistic_l2,1.0,C=100.0,0.940922619047619,0.0045338616118701935,0.9523326953142865,0.010342474670703919,0.8998511904761906,0.004108388738263647,0.91875,0.00821677747652728,0.880952380952381,0.0,0.932329997570759,0.00445745301357217,0.07083911716625116,0.0038552478417827342,donor_grouped,False,flat
logistic_l2,2.0,C=0.01,0.9550347222222222,0.004075400501493219,0.9725802101141511,0.004223320921157795,0.9101190476190476,0.005960642414999952,0.9583333333333334,0.00982092751647984,0.8619047619047618,0.010038976698947284,0.9494138309987823,0.0049507834646020255,0.15294041241637585,0.0015740144002006026,donor_grouped,False,flat
logistic_l2,2.0,C=0.1,0.9602430555555556,0.00420254990996059,0.9777193300732471,0.00362962787481126,0.9037946428571428,0.005932195436473991,0.9385416666666666,0.00329403922934206,0.869047619047619,0.012548720873684072,0.9405047066163904,0.0025924082589783254,0.07909219347692796,0.0016942368008459187,donor_grouped,False,flat
logistic_l2,2.0,C=1.0,0.958234126984127,0.0032299247214483667,0.9768529886429065,0.0030931911299925795,0.9023809523809524,0.007109019276724832,0.9333333333333333,0.005379143536399172,0.8714285714285713,0.012295185226055313,0.9382192063929458,0.004135910805825733,0.06535701263893447,0.0015666035354948637,donor_grouped,False,flat
logistic_l2,2.0,C=10.0,0.9579365079365079,0.005185581657987779,0.9767535773551442,0.00460236497215418,0.9173363095238095,0.00926962435958573,0.9322916666666666,0.00885246443332079,0.9023809523809524,0.013515386004703546,0.9440818103580837,0.006293956296206277,0.06824698937606023,0.0029831830574238065,donor_grouped,False,flat
logistic_l2,2.0,C=100.0,0.9569940476190476,0.005052061620229595,0.9763100029478509,0.005154914046416162,0.9121279761904763,0.00667757118508273,0.921875,0.008852464433320828,0.9023809523809524,0.013515386004703546,0.9384818907485398,0.004638676924005468,0.07114907540732483,0.004094686005483707,donor_grouped,False,flat
logistic_l2,3.0,C=0.01,0.9538938492063492,0.002436930370646505,0.9698568189864532,0.0031691821205135657,0.911235119047619,0.006255214031962779,0.9510416666666666,0.007030714142818268,0.8714285714285713,0.012295185226055313,0.9475812906868606,0.0038889843178367637,0.14289553181423353,0.0008796332257281008,donor_grouped,False,flat
logistic_l2,3.0,C=0.1,0.9601438492063492,0.0020586811477626235,0.976504233661194,0.0018021795542361783,0.9029017857142858,0.0074259945047519,0.934375,0.005031728036871325,0.8714285714285713,0.012295185226055313,0.938775833562965,0.0043012430790536635,0.07426678942803529,0.0016901919347056219,donor_grouped,False,flat
logistic_l2,3.0,C=1.0,0.9577628968253968,0.003406746770031703,0.9774962989108065,0.0020381781331020614,0.9139880952380952,0.010038976698947209,0.9375,0.0,0.8904761904761905,0.020077953397894494,0.9444027280242491,0.004163628111972886,0.06457625904203015,0.0028235356101911184,donor_grouped,False,flat
logistic_l2,3.0,C=10.0,0.9541170634920635,0.004823396873616024,0.9755780428437719,0.0027246102399806843,0.9139880952380952,0.011317787985861912,0.9208333333333334,0.005379143536399199,0.9071428571428571,0.023676879190756055,0.9389430091554922,0.004921134319593084,0.06900366950603375,0.004029673069875396,donor_grouped,False,flat
logistic_l2,3.0,C=100.0,0.9518105158730158,0.0066231022759582515,0.9739296360349352,0.0040959497424001914,0.9079613095238095,0.01566255093461521,0.9135416666666666,0.012078143840920886,0.9023809523809524,0.026202498443205078,0.9339655275994205,0.009505099052986209,0.0732935591061057,0.006057881231712292,donor_grouped,False,flat
logistic_l2,4.0,C=0.01,0.959672619047619,0.0022373420734174876,0.9740015629844553,0.003305558680485185,0.9204613095238094,0.004273508532016449,0.9385416666666666,0.003294039229342046,0.9023809523809524,0.0075292325242104375,0.9474235326536234,0.0024708197047627234,0.13592181239212164,0.0009117992640969618,donor_grouped,False,flat
logistic_l2,4.0,C=0.1,0.961483134920635,0.002801225559143543,0.9777249424833588,0.0020018025633312957,0.9195684523809524,0.003515357071409119,0.934375,0.0070307141428182255,0.9047619047619048,0.0,0.9456917453610757,0.003746655820292822,0.07212281243196823,0.0019672280640926445,donor_grouped,False,flat
logistic_l2,4.0,C=1.0,0.9579365079365079,0.004272148904687501,0.9772655337062419,0.0024625333906281703,0.9243303571428572,0.0077882512947004354,0.934375,0.005031728036871317,0.9142857142857143,0.012295185226055317,0.947702589807853,0.004624121432130157,0.06483789723342535,0.0033032356464253875,donor_grouped,False,flat
logistic_l2,4.0,C=10.0,0.9527529761904763,0.006464555919233911,0.975241410892069,0.00434485816237853,0.9204613095238094,0.007166328417767917,0.921875,0.007365695637359902,0.919047619047619,0.01229518522605532,0.9419833654501989,0.004733446826911126,0.07024730285047741,0.004749301121263503,donor_grouped,False,flat
logistic_l2,4.0,C=100.0,0.9474454365079366,0.008856671172420767,0.9712638072822598,0.006288274430055465,0.9168154761904763,0.007746675645726402,0.9145833333333334,0.013714178929257982,0.919047619047619,0.01229518522605532,0.9379926244511008,0.0071362453644828695,0.07470709721861937,0.006968643213553982,donor_grouped,False,flat
logistic_l2,5.0,C=0.01,0.9588789682539682,0.0020378260256549556,0.9735751709177853,0.0031779132266236674,0.9216517857142856,0.0016470196146710452,0.9385416666666666,0.003294039229342046,0.9047619047619048,0.0,0.9479195370625517,0.0017427818463314512,0.13606499268096062,0.0010368240265098854,donor_grouped,False,flat
logistic_l2,5.0,C=0.1,0.9587053571428571,0.003602164340118122,0.9757913380205114,0.0032659278192219443,0.919047619047619,0.0026895717681995677,0.9333333333333333,0.005379143536399151,0.9047619047619048,0.0,0.9451406293511557,0.002876066719545091,0.07293433855076778,0.0022089638969616052,donor_grouped,False,flat
logistic_l2,5.0,C=1.0,0.9524801587301587,0.005658290074805665,0.9726871087982341,0.004341050582242979,0.9238095238095237,0.00818978306252596,0.9333333333333333,0.005379143536399171,0.9142857142857143,0.012295185226055317,0.947145641882484,0.0049897892664497664,0.06751183170310597,0.0036276869187651718,donor_grouped,False,flat
logistic_l2,5.0,C=10.0,0.9464533730158731,0.005634383532696793,0.9692315925272901,0.0044960104443987105,0.9183035714285713,0.010596984280338562,0.9270833333333334,0.009820927516479876,0.9095238095238095,0.01878120566063373,0.9427876531029031,0.006598376399190333,0.07333246780824956,0.0047198633337796675,donor_grouped,False,flat
logistic_l2,5.0,C=100.0,0.9415426587301587,0.0070857632868290684,0.9655094927635718,0.005839324493819396,0.9042410714285714,0.007811909463697739,0.915625,0.00768609153513148,0.8928571428571429,0.012548720873684076,0.9331130302970102,0.005227520580288885,0.07954971161099657,0.006206884572808436,donor_grouped,False,flat
logistic_l2,6.0,C=0.01,0.9599702380952382,0.002315405253496825,0.9739705485015169,0.003771763727034952,0.9216517857142856,0.0016470196146710452,0.9385416666666666,0.003294039229342046,0.9047619047619048,0.0,0.9479195370625517,0.0017427818463314512,0.1360267945882031,0.0010434088516751208,donor_grouped,False,flat
logistic_l2,6.0,C=0.1,0.9613095238095237,0.00351331503982731,0.9775180250689196,0.0033531995233445524,0.9243303571428572,0.0072736759755750325,0.934375,0.0070307141428182255,0.9142857142857143,0.012295185226055317,0.9476964278308063,0.004684704515887088,0.07214316289429819,0.002098630633749738,donor_grouped,False,flat
logistic_l2,6.0,C=1.0,0.9598958333333334,0.0043385846407800865,0.9776812584219849,0.0031499592633386824,0.9248511904761905,0.008570016142445947,0.9354166666666666,0.006588078458684102,0.9142857142857143,0.012295185226055317,0.9482539682539682,0.005491357796734446,0.06384383069042683,0.003407753272374142,donor_grouped,False,flat
logistic_l2,6.0,C=10.0,0.9625248015873016,0.0035892390082102703,0.9785209110460033,0.002624652400111378,0.9191964285714285,0.011910960687741072,0.93125,0.005379143536399185,0.9071428571428571,0.023676879190756048,0.9445486759737213,0.005490598078385806,0.06383989612308852,0.0035869098749179585,donor_grouped,False,flat
logistic_l2,6.0,C=100.0,0.9566468253968254,0.004824530323725366,0.9725863557079929,0.0046300817620294425,0.9070684523809524,0.014201805563303345,0.9260416666666667,0.009120781622613709,0.8880952380952382,0.027607185922104902,0.9377745212763813,0.007228658871755282,0.06887048185579543,0.004490504134667503,donor_grouped,False,flat
logistic_l2,7.0,C=0.01,0.958655753968254,0.0016944726468994225,0.9735237890940063,0.003209609881517852,0.9169642857142858,0.002196026152894687,0.9291666666666668,0.0043920523057894,0.9047619047619048,0.0,0.9429128376496797,0.002348298643028587,0.13113278947633283,0.0014088822764840075,donor_grouped,False,flat
logistic_l2,7.0,C=0.1,0.958655753968254,0.0023732756257032746,0.9756190206684044,0.0021504246551579346,0.919047619047619,0.0026895717681995677,0.9333333333333333,0.005379143536399151,0.9047619047619048,0.0,0.9451406293511557,0.002876066719545091,0.07100272614388746,0.0017584164670529027,donor_grouped,False,flat
logistic_l2,7.0,C=1.0,0.95625,0.0028282993805203373,0.9752868959165154,0.0020725899706833108,0.9248511904761905,0.008570016142445947,0.9354166666666666,0.006588078458684102,0.9142857142857143,0.012295185226055317,0.9482539682539682,0.005491357796734446,0.06415125217412952,0.0030768303374313147,donor_grouped,False,flat
logistic_l2,7.0,C=10.0,0.9592261904761905,0.0022676844148139526,0.9767487133895951,0.0024600816400551745,0.9191964285714285,0.011910960687741072,0.93125,0.005379143536399185,0.9071428571428571,0.023676879190756048,0.9445486759737213,0.005490598078385806,0.0654601201328868,0.003354576910214814,donor_grouped,False,flat
logistic_l2,7.0,C=100.0,0.9527281746031747,0.004288117222689779,0.9708243004219674,0.0049223077951686825,0.897172619047619,0.008496489537869174,0.9229166666666666,0.005379143536399232,0.8714285714285713,0.020077953397894473,0.9326400068601007,0.0030950066686593414,0.07400618290759,0.0037311210034115462,donor_grouped,False,flat
logistic_l2,8.0,C=0.01,0.9592509920634921,0.0015111113224224686,0.9741169987511793,0.003038684151817387,0.9169642857142858,0.002196026152894687,0.9291666666666668,0.0043920523057894,0.9047619047619048,0.0,0.9429128376496797,0.002348298643028587,0.1311116428640522,0.0013649150348115802,donor_grouped,False,flat
logistic_l2,8.0,C=0.1,0.9586061507936507,0.0020332932274653302,0.9756562019350955,0.001836992871283616,0.919047619047619,0.0026895717681995677,0.9333333333333333,0.005379143536399151,0.9047619047619048,0.0,0.9451406293511557,0.002876066719545091,0.07104585590875592,0.0016064486332569006,donor_grouped,False,flat
logistic_l2,8.0,C=1.0,0.954389880952381,0.0032134835601183714,0.9738149129338594,0.0024066922055790375,0.9243303571428572,0.0077882512947004354,0.934375,0.005031728036871317,0.9142857142857143,0.012295185226055317,0.947702589807853,0.004624121432130157,0.06452323061383393,0.0025342037807881373,donor_grouped,False,flat
logistic_l2,8.0,C=10.0,0.9553571428571429,0.002127096615454468,0.9742989162511053,0.002424965854563194,0.9151041666666666,0.010796242339592225,0.9302083333333334,0.0050317280368713255,0.9,0.018781205660633717,0.9424891781518951,0.0056869988254849456,0.06628247997353615,0.0026931269254011404,donor_grouped,False,flat
logistic_l2,8.0,C=100.0,0.9500248015873016,0.004257806475468969,0.9700309934764973,0.003980945183486571,0.8983630952380952,0.006440776919892661,0.9229166666666666,0.005379143536399232,0.8738095238095237,0.016070203755013193,0.9331253908042543,0.002437507284257555,0.07463548449733275,0.0036740274598415622,donor_grouped,False,flat
logistic_l2,9.0,C=0.01,0.9589781746031747,0.0017190996998108306,0.9737912505384271,0.0032983800991815953,0.9169642857142858,0.002196026152894687,0.9291666666666668,0.0043920523057894,0.9047619047619048,0.0,0.9429128376496797,0.002348298643028587,0.13126080002813953,0.0013381072066693306,donor_grouped,False,flat
logistic_l2,9.0,C=0.1,0.9580109126984127,0.0018708355323061247,0.9748790580071717,0.002063259158047978,0.919047619047619,0.0026895717681995677,0.9333333333333333,0.005379143536399151,0.9047619047619048,0.0,0.9451406293511557,0.002876066719545091,0.07109799062056008,0.0014825283168094317,donor_grouped,False,flat
logistic_l2,9.0,C=1.0,0.9529265873015873,0.0025287350511312475,0.9722530023181617,0.002046865757754415,0.9243303571428572,0.0077882512947004354,0.934375,0.005031728036871317,0.9142857142857143,0.012295185226055317,0.947702589807853,0.004624121432130157,0.06500311763289686,0.0022936935150154043,donor_grouped,False,flat
logistic_l2,9.0,C=10.0,0.9542410714285714,0.0019849879635487804,0.9728511889523958,0.003171117471574185,0.9151041666666666,0.010796242339592225,0.9302083333333334,0.0050317280368713255,0.9,0.018781205660633717,0.9424891781518951,0.0056869988254849456,0.0677860739313664,0.002574828078400962,donor_grouped,False,flat
logistic_l2,9.0,C=100.0,0.9480902777777779,0.0036414158621019487,0.9690559242535766,0.005335690934491265,0.8895089285714286,0.0032002698166080793,0.921875,0.01322182830879154,0.8571428571428571,0.015873015873015865,0.929098325529041,0.0043751862069103895,0.07830056590248917,0.0038097709952601053,donor_grouped,False,flat
logistic_l2,10.0,C=0.01,0.9565972222222223,0.0017769663740248528,0.9722754396793626,0.0033183643005785263,0.9169642857142858,0.002196026152894687,0.9291666666666668,0.0043920523057894,0.9047619047619048,0.0,0.9429128376496797,0.002348298643028587,0.1309845535054736,0.001439246205976212,donor_grouped,False,flat
logistic_l2,10.0,C=0.1,0.9568700396825397,0.0015574396304601694,0.9744906474362022,0.002285994012320146,0.919047619047619,0.0026895717681995677,0.9333333333333333,0.005379143536399151,0.9047619047619048,0.0,0.9451406293511557,0.002876066719545091,0.07147990722265037,0.0012815462573472912,donor_grouped,False,flat
logistic_l2,10.0,C=1.0,0.9528025793650794,0.0031372891463986325,0.9727178048906515,0.0028213331325909986,0.9282738095238094,0.0061475926130277045,0.9375,0.0,0.919047619047619,0.012295185226055308,0.9503759398496239,0.0025884600475905833,0.06558143823454586,0.0018044353050250639,donor_grouped,False,flat
logistic_l2,10.0,C=10.0,0.9524305555555556,0.0035148709810195722,0.9723551091442195,0.0037922462392238603,0.915922619047619,0.009631194364557352,0.9270833333333334,0.006944444444444461,0.9047619047619048,0.0194403947839935,0.941802497606839,0.004904175103954127,0.06898063712584475,0.001971185441866133,donor_grouped,False,flat
logistic_l2,10.0,C=100.0,0.94796626984127,0.0046411303674724885,0.9683918347370689,0.005967100981560016,0.897172619047619,0.006242909810536618,0.9229166666666666,0.008784104611578887,0.8714285714285713,0.016647759494764332,0.9326228072657103,0.003476631772198174,0.07827139545996495,0.0037842911315636306,donor_grouped,False,flat
logistic_l1,,,0.9505952380952382,0.008262895707090344,0.9702843541422272,0.008003440270459223,0.9126488095238094,0.012539894450188554,0.9395833333333334,0.013714178929257987,0.8857142857142858,0.018781205660633724,0.9444725013401886,0.008835225629565952,0.07449476998127162,0.0044805182238781835,donor_grouped,False,nested
logistic_l2,,,0.9427331349206349,0.007599931942670901,0.965406035525006,0.005819279470999225,0.9059523809523811,0.01382318643146989,0.9333333333333333,0.005379143536399158,0.8785714285714284,0.028505214279472967,0.9397213905166772,0.005838575210070053,0.08780125956076641,0.015986985156042886,donor_grouped,False,nested
logistic_l1,0.0,C=0.01,0.5126488095238095,,0.7190974966808352,,0.5066964285714286,,0.4895833333333333,,0.5238095238095238,,0.5766871165644172,,0.24978801341938597,,loco,False,flat
logistic_l1,0.0,C=0.1,0.9496527777777778,,0.9456648118665956,,0.8958333333333334,,0.9583333333333334,,0.8333333333333334,,0.9435897435897436,,0.084300712098364,,loco,False,flat
logistic_l1,0.0,C=1.0,0.9481646825396826,,0.9579794347081434,,0.8921130952380952,,0.9270833333333334,,0.8571428571428571,,0.9319371727748691,,0.0687261401292048,,loco,False,flat
logistic_l1,0.0,C=10.0,0.9474206349206349,,0.9575827672230638,,0.9040178571428572,,0.9270833333333334,,0.8809523809523809,,0.9368421052631579,,0.06884675270107567,,loco,False,flat
logistic_l1,0.0,C=100.0,0.9469246031746031,,0.9572385890296746,,0.9040178571428572,,0.9270833333333334,,0.8809523809523809,,0.9368421052631579,,0.06891981108852319,,loco,False,flat
logistic_l1,1.0,C=0.01,0.4057539682539683,,0.6466361153107246,,0.41443452380952384,,0.4479166666666667,,0.38095238095238093,,0.5212121212121212,,0.25422464012441415,,loco,False,flat
logistic_l1,1.0,C=0.1,0.9521329365079364,,0.96382820607259,,0.9077380952380952,,0.9583333333333334,,0.8571428571428571,,0.9484536082474226,,0.08399788437846145,,loco,False,flat
logistic_l1,1.0,C=1.0,0.9424603174603174,,0.9567826058484034,,0.9092261904761905,,0.9375,,0.8809523809523809,,0.9424083769633508,,0.0697405789453984,,loco,False,flat
logistic_l1,1.0,C=10.0,0.9375,,0.9441396082302497,,0.9040178571428572,,0.9270833333333334,,0.8809523809523809,,0.9368421052631579,,0.06907159840194121,,loco,False,flat
logistic_l1,1.0,C=100.0,0.9375,,0.9441396082302497,,0.9040178571428572,,0.9270833333333334,,0.8809523809523809,,0.9368421052631579,,0.06901535027665587,,loco,False,flat
logistic_l1,2.0,C=0.01,0.5575396825396826,,0.7812748552019531,,0.49776785714285715,,0.6145833333333334,,0.38095238095238093,,0.6519337016574586,,0.2453320175440393,,loco,False,flat
logistic_l1,2.0,C=0.1,0.9660218253968254,,0.9827525129039665,,0.9092261904761905,,0.9375,,0.8809523809523809,,0.9424083769633508,,0.07449184184013116,,loco,False,flat
logistic_l1,2.0,C=1.0,0.9618055555555556,,0.9788595048276623,,0.9092261904761905,,0.9375,,0.8809523809523809,,0.9424083769633508,,0.06387330272366881,,loco,False,flat
logistic_l1,2.0,C=10.0,0.9573412698412698,,0.9759378804331446,,0.9278273809523809,,0.9270833333333334,,0.9285714285714286,,0.9468085106382979,,0.06977803534496495,,loco,False,flat
logistic_l1,2.0,C=100.0,0.9585813492063492,,0.9766833163436189,,0.9226190476190477,,0.9166666666666666,,0.9285714285714286,,0.9411764705882353,,0.07117820003849974,,loco,False,flat
logistic_l1,3.0,C=0.01,0.5741567460317459,,0.7223676205671046,,0.5639880952380952,,0.6041666666666666,,0.5238095238095238,,0.6666666666666666,,0.24638383808824638,,loco,False,flat
logistic_l1,3.0,C=0.1,0.9665178571428572,,0.9829184754504718,,0.9092261904761905,,0.9375,,0.8809523809523809,,0.9424083769633508,,0.07422069921452032,,loco,False,flat
logistic_l1,3.0,C=1.0,0.9618055555555556,,0.9788595048276623,,0.9092261904761905,,0.9375,,0.8809523809523809,,0.9424083769633508,,0.06383606720043837,,loco,False,flat
logistic_l1,3.0,C=10.0,0.9513888888888888,,0.9725917172435489,,0.9278273809523809,,0.9270833333333334,,0.9285714285714286,,0.9468085106382979,,0.07125431012326465,,loco,False,flat
logistic_l1,3.0,C=100.0,0.9508928571428572,,0.9727974657381362,,0.9226190476190477,,0.9166666666666666,,0.9285714285714286,,0.9411764705882353,,0.07295887585859635,,loco,False,flat
logistic_l1,4.0,C=0.01,0.44791666666666663,,0.6919276400023919,,0.47098214285714285,,0.4895833333333333,,0.4523809523809524,,0.5662650602409639,,0.25083917849521353,,loco,False,flat
logistic_l1,4.0,C=0.1,0.9662698412698413,,0.9827532189724177,,0.9092261904761905,,0.9375,,0.8809523809523809,,0.9424083769633508,,0.0743313401205563,,loco,False,flat
logistic_l1,4.0,C=1.0,0.9605654761904762,,0.9793841421595362,,0.9211309523809523,,0.9375,,0.9047619047619048,,0.9473684210526315,,0.06587743496512405,,loco,False,flat
logistic_l1,4.0,C=10.0,0.9451884920634921,,0.9689782679740577,,0.9278273809523809,,0.9270833333333334,,0.9285714285714286,,0.9468085106382979,,0.07366272385372956,,loco,False,flat
logistic_l1,4.0,C=100.0,0.943700396825397,,0.9672053415427181,,0.9226190476190477,,0.9166666666666666,,0.9285714285714286,,0.9411764705882353,,0.07512507491591397,,loco,False,flat
logistic_l1,5.0,C=0.01,0.5066964285714285,,0.7274265616756341,,0.5208333333333333,,0.5416666666666666,,0.5,,0.6153846153846154,,0.2490787118793815,,loco,False,flat
logistic_l1,5.0,C=0.1,0.9662698412698413,,0.9827532189724177,,0.9092261904761905,,0.9375,,0.8809523809523809,,0.9424083769633508,,0.0743302842827894,,loco,False,flat
logistic_l1,5.0,C=1.0,0.9590773809523809,,0.9781461385813348,,0.9211309523809523,,0.9375,,0.9047619047619048,,0.9473684210526315,,0.06595605100015667,,loco,False,flat
logistic_l1,5.0,C=10.0,0.9417162698412698,,0.9663344783528283,,0.9159226190476191,,0.9270833333333334,,0.9047619047619048,,0.9417989417989417,,0.07711363472211356,,loco,False,flat
logistic_l1,5.0,C=100.0,0.9399801587301587,,0.9647716261355307,,0.9107142857142857,,0.9166666666666666,,0.9047619047619048,,0.9361702127659575,,0.07956368230328024,,loco,False,flat
logistic_l1,6.0,C=0.01,0.470734126984127,,0.6711225795079219,,0.48139880952380953,,0.5104166666666666,,0.4523809523809524,,0.5833333333333334,,0.2495796064202523,,loco,False,flat
logistic_l1,6.0,C=0.1,0.9662698412698413,,0.9827532189724177,,0.9092261904761905,,0.9375,,0.8809523809523809,,0.9424083769633508,,0.07433266621681921,,loco,False,flat
logistic_l1,6.0,C=1.0,0.9585813492063491,,0.9774568611019365,,0.9211309523809523,,0.9375,,0.9047619047619048,,0.9473684210526315,,0.06545606069424868,,loco,False,flat
logistic_l1,6.0,C=10.0,0.957093253968254,,0.9737197616280202,,0.9040178571428572,,0.9270833333333334,,0.8809523809523809,,0.9368421052631579,,0.07092450749744306,,loco,False,flat
logistic_l1,6.0,C=100.0,0.9573412698412698,,0.9722105217101632,,0.9040178571428572,,0.9270833333333334,,0.8809523809523809,,0.9368421052631579,,0.07178451319963298,,loco,False,flat
logistic_l1,7.0,C=0.01,0.4025297619047619,,0.6455861722617674,,0.40848214285714285,,0.53125,,0.2857142857142857,,0.576271186440678,,0.2541051442953198,,loco,False,flat
logistic_l1,7.0,C=0.1,0.9662698412698413,,0.9827532189724177,,0.9092261904761905,,0.9375,,0.8809523809523809,,0.9424083769633508,,0.07433253997241951,,loco,False,flat
logistic_l1,7.0,C=1.0,0.9585813492063491,,0.9774568611019365,,0.9211309523809523,,0.9375,,0.9047619047619048,,0.9473684210526315,,0.06544644774369286,,loco,False,flat
logistic_l1,7.0,C=10.0,0.9546130952380952,,0.9731402240738476,,0.9040178571428572,,0.9270833333333334,,0.8809523809523809,,0.9368421052631579,,0.07253979766992043,,loco,False,flat
logistic_l1,7.0,C=100.0,0.951388888888889,,0.9709696348691633,,0.9040178571428572,,0.9270833333333334,,0.8809523809523809,,0.9368421052631579,,0.07474419993556712,,loco,False,flat
logistic_l1,8.0,C=0.01,0.5334821428571428,,0.7230491579000994,,0.5639880952380952,,0.6041666666666666,,0.5238095238095238,,0.6666666666666666,,0.24830836656296026,,loco,False,flat
logistic_l1,8.0,C=0.1,0.9662698412698413,,0.9827532189724177,,0.9092261904761905,,0.9375,,0.8809523809523809,,0.9424083769633508,,0.07433163172423012,,loco,False,flat
logistic_l1,8.0,C=1.0,0.9585813492063491,,0.9774568611019365,,0.9211309523809523,,0.9375,,0.9047619047619048,,0.9473684210526315,,0.06543971136979725,,loco,False,flat
logistic_l1,8.0,C=10.0,0.9496527777777778,,0.9707672434750023,,0.9159226190476191,,0.9270833333333334,,0.9047619047619048,,0.9417989417989417,,0.07128615339928543,,loco,False,flat
logistic_l1,8.0,C=100.0,0.9503968253968255,,0.9704518569881807,,0.9040178571428572,,0.9270833333333334,,0.8809523809523809,,0.9368421052631579,,0.07284261237726494,,loco,False,flat
logistic_l1,9.0,C=0.01,0.45238095238095244,,0.6485458312222616,,0.45089285714285715,,0.5208333333333334,,0.38095238095238093,,0.5813953488372093,,0.2508685925670015,,loco,False,flat
logistic_l1,9.0,C=0.1,0.9662698412698413,,0.9827532189724177,,0.9092261904761905,,0.9375,,0.8809523809523809,,0.9424083769633508,,0.07433115569820865,,loco,False,flat
logistic_l1,9.0,C=1.0,0.9585813492063491,,0.9774568611019365,,0.9211309523809523,,0.9375,,0.9047619047619048,,0.9473684210526315,,0.06542881824120307,,loco,False,flat
logistic_l1,9.0,C=10.0,0.949156746031746,,0.9707530113612552,,0.8921130952380952,,0.9270833333333334,,0.8571428571428571,,0.9319371727748691,,0.0726427690754492,,loco,False,flat
logistic_l1,9.0,C=100.0,0.9501488095238095,,0.9707126801124395,,0.8921130952380952,,0.9270833333333334,,0.8571428571428571,,0.9319371727748691,,0.07487907271536498,,loco,False,flat
logistic_l1,10.0,C=0.01,0.4154265873015873,,0.6539510050210278,,0.4055059523809524,,0.40625,,0.40476190476190477,,0.4875,,0.25124546123567687,,loco,False,flat
logistic_l1,10.0,C=0.1,0.9662698412698413,,0.9827532189724177,,0.9092261904761905,,0.9375,,0.8809523809523809,,0.9424083769633508,,0.07433298833694578,,loco,False,flat
logistic_l1,10.0,C=1.0,0.9585813492063493,,0.9775331799866013,,0.9211309523809523,,0.9375,,0.9047619047619048,,0.9473684210526315,,0.06634675106433752,,loco,False,flat
logistic_l1,10.0,C=10.0,0.9503968253968255,,0.9714606189085151,,0.9159226190476191,,0.9270833333333334,,0.9047619047619048,,0.9417989417989417,,0.07388847205179677,,loco,False,flat
logistic_l1,10.0,C=100.0,0.9523809523809524,,0.9703314995057459,,0.9040178571428572,,0.9270833333333334,,0.8809523809523809,,0.9368421052631579,,0.07485564075879145,,loco,False,flat
logistic_l2,0.0,C=0.01,0.9484126984126984,,0.9693341663537196,,0.8839285714285714,,0.9583333333333334,,0.8095238095238095,,0.9387755102040817,,0.1706188742498207,,loco,False,flat
logistic_l2,0.0,C=0.1,0.9503968253968254,,0.9693906136417406,,0.890625,,0.9479166666666666,,0.8333333333333334,,0.9381443298969072,,0.09360502764385542,,loco,False,flat
logistic_l2,0.0,C=1.0,0.951140873015873,,0.9655665679835402,,0.8921130952380952,,0.9270833333333334,,0.8571428571428571,,0.9319371727748691,,0.0712007854357279,,loco,False,flat
logistic_l2,0.0,C=10.0,0.9481646825396826,,0.9595502893412007,,0.9040178571428572,,0.9270833333333334,,0.8809523809523809,,0.9368421052631579,,0.06896823203207106,,loco,False,flat
logistic_l2,0.0,C=100.0,0.9469246031746031,,0.9572385890296746,,0.9040178571428572,,0.9270833333333334,,0.8809523809523809,,0.9368421052631579,,0.0689128160586319,,loco,False,flat
logistic_l2,1.0,C=0.01,0.9407242063492063,,0.9597419514340629,,0.9129464285714286,,0.96875,,0.8571428571428571,,0.9538461538461539,,0.15629038081051244,,loco,False,flat
logistic_l2,1.0,C=0.1,0.9441964285714286,,0.963519043668332,,0.9144345238095237,,0.9479166666666666,,0.8809523809523809,,0.9479166666666666,,0.08497096971428861,,loco,False,flat
logistic_l2,1.0,C=1.0,0.9422123015873015,,0.9582562613187015,,0.9040178571428572,,0.9270833333333334,,0.8809523809523809,,0.9368421052631579,,0.07005494021263585,,loco,False,flat
logistic_l2,1.0,C=10.0,0.9379960317460317,,0.9467956780416034,,0.9040178571428572,,0.9270833333333334,,0.8809523809523809,,0.9368421052631579,,0.0689508230011485,,loco,False,flat
logistic_l2,1.0,C=100.0,0.9375,,0.9441396082302497,,0.9040178571428572,,0.9270833333333334,,0.8809523809523809,,0.9368421052631579,,0.06899507758250492,,loco,False,flat
logistic_l2,2.0,C=0.01,0.9561011904761905,,0.9739462415723883,,0.8973214285714286,,0.9375,,0.8571428571428571,,0.9375,,0.14328961841923288,,loco,False,flat
logistic_l2,2.0,C=0.1,0.9605654761904763,,0.9782134184800927,,0.8973214285714286,,0.9375,,0.8571428571428571,,0.9375,,0.07374507522713569,,loco,False,flat
logistic_l2,2.0,C=1.0,0.9588293650793651,,0.9766418219818779,,0.9092261904761905,,0.9375,,0.8809523809523809,,0.9424083769633508,,0.06387585252158558,,loco,False,flat
logistic_l2,2.0,C=10.0,0.9583333333333333,,0.9767368125764011,,0.9278273809523809,,0.9270833333333334,,0.9285714285714286,,0.9468085106382979,,0.068023304630467,,loco,False,flat
logistic_l2,2.0,C=100.0,0.9583333333333333,,0.9765579305411498,,0.9226190476190477,,0.9166666666666666,,0.9285714285714286,,0.9411764705882353,,0.0709538105160459,,loco,False,flat
logistic_l2,3.0,C=0.01,0.9546130952380952,,0.9696915523231233,,0.8973214285714286,,0.9375,,0.8571428571428571,,0.9375,,0.1374074736859504,,loco,False,flat
logistic_l2,3.0,C=0.1,0.9593253968253969,,0.9750041813303936,,0.8921130952380952,,0.9270833333333334,,0.8571428571428571,,0.9319371727748691,,0.07227329836209481,,loco,False,flat
logistic_l2,3.0,C=1.0,0.9543650793650793,,0.9735353732729465,,0.9211309523809523,,0.9375,,0.9047619047619048,,0.9473684210526315,,0.06504635029730378,,loco,False,flat
logistic_l2,3.0,C=10.0,0.9526289682539683,,0.9739412736131495,,0.9159226190476191,,0.9270833333333334,,0.9047619047619048,,0.9417989417989417,,0.06917735145242143,,loco,False,flat
logistic_l2,3.0,C=100.0,0.9506448412698413,,0.972662330603001,,0.9226190476190477,,0.9166666666666666,,0.9285714285714286,,0.9411764705882353,,0.07275532107738436,,loco,False,flat
logistic_l2,4.0,C=0.01,0.9588293650793651,,0.9729312032385649,,0.9159226190476191,,0.9270833333333334,,0.9047619047619048,,0.9417989417989417,,0.13069844446420675,,loco,False,flat
logistic_l2,4.0,C=0.1,0.9595734126984127,,0.9751788083020165,,0.9159226190476191,,0.9270833333333334,,0.9047619047619048,,0.9417989417989417,,0.07120905941427029,,loco,False,flat
logistic_l2,4.0,C=1.0,0.954861111111111,,0.9742900837885011,,0.9211309523809523,,0.9375,,0.9047619047619048,,0.9473684210526315,,0.06567517463781496,,loco,False,flat
logistic_l2,4.0,C=10.0,0.9503968253968255,,0.9735840163968728,,0.9278273809523809,,0.9270833333333334,,0.9285714285714286,,0.9468085106382979,,0.07139137255665017,,loco,False,flat
logistic_l2,4.0,C=100.0,0.9439484126984128,,0.9675773653522419,,0.9226190476190477,,0.9166666666666666,,0.9285714285714286,,0.9411764705882353,,0.07485997318149744,,loco,False,flat
logistic_l2,5.0,C=0.01,0.9585813492063492,,0.9732431933243595,,0.9107142857142857,,0.9166666666666666,,0.9047619047619048,,0.9361702127659575,,0.13076828808309518,,loco,False,flat
logistic_l2,5.0,C=0.1,0.9563492063492063,,0.9733345733094547,,0.9159226190476191,,0.9270833333333334,,0.9047619047619048,,0.9417989417989417,,0.07170397171050946,,loco,False,flat
logistic_l2,5.0,C=1.0,0.9503968253968254,,0.9708296976371948,,0.9211309523809523,,0.9375,,0.9047619047619048,,0.9473684210526315,,0.0671319302746805,,loco,False,flat
logistic_l2,5.0,C=10.0,0.9464285714285714,,0.9695415188118881,,0.9159226190476191,,0.9270833333333334,,0.9047619047619048,,0.9417989417989417,,0.07403134573786672,,loco,False,flat
logistic_l2,5.0,C=100.0,0.9404761904761905,,0.9653745069658931,,0.9107142857142857,,0.9166666666666666,,0.9047619047619048,,0.9361702127659575,,0.07931919234790437,,loco,False,flat
logistic_l2,6.0,C=0.01,0.9590773809523809,,0.9741991971172235,,0.9159226190476191,,0.9270833333333334,,0.9047619047619048,,0.9417989417989417,,0.13086891063522996,,loco,False,flat
logistic_l2,6.0,C=0.1,0.9610615079365079,,0.9767841840435036,,0.9159226190476191,,0.9270833333333334,,0.9047619047619048,,0.9417989417989417,,0.07081809482754524,,loco,False,flat
logistic_l2,6.0,C=1.0,0.9593253968253969,,0.9773671798807916,,0.9211309523809523,,0.9375,,0.9047619047619048,,0.9473684210526315,,0.06380793651940715,,loco,False,flat
logistic_l2,6.0,C=10.0,0.9623015873015873,,0.978692641282277,,0.9159226190476191,,0.9270833333333334,,0.9047619047619048,,0.9417989417989417,,0.06668420020408246,,loco,False,flat
logistic_l2,6.0,C=100.0,0.9580853174603174,,0.9735354718789602,,0.9040178571428572,,0.9270833333333334,,0.8809523809523809,,0.9368421052631579,,0.07122371348983618,,loco,False,flat
logistic_l2,7.0,C=0.01,0.9568452380952381,,0.9722606890285002,,0.9159226190476191,,0.9270833333333334,,0.9047619047619048,,0.9417989417989417,,0.12739088279544664,,loco,False,flat
logistic_l2,7.0,C=0.1,0.9558531746031746,,0.97294248383107,,0.9159226190476191,,0.9270833333333334,,0.9047619047619048,,0.9417989417989417,,0.07025661804585151,,loco,False,flat
logistic_l2,7.0,C=1.0,0.9573412698412699,,0.9760450820563537,,0.9211309523809523,,0.9375,,0.9047619047619048,,0.9473684210526315,,0.0648984529060301,,loco,False,flat
logistic_l2,7.0,C=10.0,0.9598214285714286,,0.9774798139820136,,0.9159226190476191,,0.9270833333333334,,0.9047619047619048,,0.9417989417989417,,0.0685803838909267,,loco,False,flat
logistic_l2,7.0,C=100.0,0.9526289682539683,,0.9713609673506605,,0.9040178571428572,,0.9270833333333334,,0.8809523809523809,,0.9368421052631579,,0.07403461619963227,,loco,False,flat
logistic_l2,8.0,C=0.01,0.9578373015873016,,0.9732105063454339,,0.9159226190476191,,0.9270833333333334,,0.9047619047619048,,0.9417989417989417,,0.12739450622960766,,loco,False,flat
logistic_l2,8.0,C=0.1,0.9553571428571428,,0.9732570698215808,,0.9159226190476191,,0.9270833333333334,,0.9047619047619048,,0.9417989417989417,,0.07026101552606366,,loco,False,flat
logistic_l2,8.0,C=1.0,0.951388888888889,,0.9709248647132971,,0.9211309523809523,,0.9375,,0.9047619047619048,,0.9473684210526315,,0.06512096296182694,,loco,False,flat
logistic_l2,8.0,C=10.0,0.9526289682539683,,0.9724011462357791,,0.9159226190476191,,0.9270833333333334,,0.9047619047619048,,0.9417989417989417,,0.06882737018109726,,loco,False,flat
logistic_l2,8.0,C=100.0,0.9506448412698413,,0.9707384448718591,,0.9040178571428572,,0.9270833333333334,,0.8809523809523809,,0.9368421052631579,,0.07198202282673158,,loco,False,flat
logistic_l2,9.0,C=0.01,0.9575892857142857,,0.9730787849966074,,0.9159226190476191,,0.9270833333333334,,0.9047619047619048,,0.9417989417989417,,0.12751671761424557,,loco,False,flat
logistic_l2,9.0,C=0.1,0.9543650793650793,,0.9721358962175548,,0.9159226190476191,,0.9270833333333334,,0.9047619047619048,,0.9417989417989417,,0.07036526559891006,,loco,False,flat
logistic_l2,9.0,C=1.0,0.9489087301587302,,0.9696431240147162,,0.9211309523809523,,0.9375,,0.9047619047619048,,0.9473684210526315,,0.06597139412588703,,loco,False,flat
logistic_l2,9.0,C=10.0,0.9523809523809523,,0.9722763766943903,,0.8921130952380952,,0.9270833333333334,,0.8571428571428571,,0.9319371727748691,,0.06994143311169089,,loco,False,flat
logistic_l2,9.0,C=100.0,0.9516369047619049,,0.9715708688801886,,0.8921130952380952,,0.9270833333333334,,0.8571428571428571,,0.9319371727748691,,0.07395697463295398,,loco,False,flat
logistic_l2,10.0,C=0.01,0.9521329365079365,,0.9704935015630812,,0.9159226190476191,,0.9270833333333334,,0.9047619047619048,,0.9417989417989417,,0.12739298415710476,,loco,False,flat
logistic_l2,10.0,C=0.1,0.9526289682539683,,0.9709942558062378,,0.9159226190476191,,0.9270833333333334,,0.9047619047619048,,0.9417989417989417,,0.07082616397597007,,loco,False,flat
logistic_l2,10.0,C=1.0,0.9528769841269842,,0.9720230352919371,,0.9330357142857143,,0.9375,,0.9285714285714286,,0.9523809523809523,,0.06684501368124608,,loco,False,flat
logistic_l2,10.0,C=10.0,0.9543650793650793,,0.9742251986292944,,0.9107142857142857,,0.9166666666666666,,0.9047619047619048,,0.9361702127659575,,0.07147001699176625,,loco,False,flat
logistic_l2,10.0,C=100.0,0.9518849206349207,,0.9710879544511556,,0.9040178571428572,,0.9270833333333334,,0.8809523809523809,,0.9368421052631579,,0.0743183465694418,,loco,False,flat
logistic_l1,,,0.9310515873015873,,0.9554882266444717,,0.9107142857142857,,0.9166666666666666,,0.9047619047619048,,0.9361702127659575,,0.08231067220012944,,loco,False,nested
logistic_l2,,,0.939484126984127,,0.9631957488008982,,0.8936011904761905,,0.90625,,0.8809523809523809,,0.925531914893617,,0.0823892031935786,,loco,False,nested
logistic_l1,0.0,C=0.01,0.4122023809523809,,0.6514842934645474,,0.41889880952380953,,0.5520833333333334,,0.2857142857142857,,0.5921787709497207,,0.2514539128530505,,lodo,False,flat
logistic_l1,0.0,C=0.1,0.9506448412698412,,0.9591883684712652,,0.8958333333333334,,0.9583333333333334,,0.8333333333333334,,0.9435897435897436,,0.08612808118411044,,lodo,False,flat
logistic_l1,0.0,C=1.0,0.9464285714285714,,0.9493586408751137,,0.9040178571428572,,0.9270833333333334,,0.8809523809523809,,0.9368421052631579,,0.06943218839490252,,lodo,False,flat
logistic_l1,0.0,C=10.0,0.945436507936508,,0.9490596897518386,,0.9040178571428572,,0.9270833333333334,,0.8809523809523809,,0.9368421052631579,,0.06987865492641032,,lodo,False,flat
logistic_l1,0.0,C=100.0,0.945436507936508,,0.9490596897518386,,0.9040178571428572,,0.9270833333333334,,0.8809523809523809,,0.9368421052631579,,0.06998342145389656,,lodo,False,flat
logistic_l1,1.0,C=0.01,0.45808531746031744,,0.6640457322657931,,0.5409226190476191,,0.6770833333333334,,0.40476190476190477,,0.6989247311827957,,0.24792203258286685,,lodo,False,flat
logistic_l1,1.0,C=0.1,0.9501488095238094,,0.9570283466040965,,0.9129464285714286,,0.96875,,0.8571428571428571,,0.9538461538461539,,0.08702801213592265,,lodo,False,flat
logistic_l1,1.0,C=1.0,0.9422123015873016,,0.9499935016187353,,0.9092261904761905,,0.9375,,0.8809523809523809,,0.9424083769633508,,0.06985914158494752,,lodo,False,flat
logistic_l1,1.0,C=10.0,0.9367559523809524,,0.9397566138811824,,0.9040178571428572,,0.9270833333333334,,0.8809523809523809,,0.9368421052631579,,0.06914041171209884,,lodo,False,flat
logistic_l1,1.0,C=100.0,0.9362599206349207,,0.938909144623387,,0.9040178571428572,,0.9270833333333334,,0.8809523809523809,,0.9368421052631579,,0.0691529807619781,,lodo,False,flat
logistic_l1,2.0,C=0.01,0.5002480158730158,,0.6755791124536624,,0.48586309523809523,,0.28125,,0.6904761904761905,,0.39705882352941174,,0.25452597862054666,,lodo,False,flat
logistic_l1,2.0,C=0.1,0.9675099206349207,,0.9836724060692286,,0.9144345238095237,,0.9479166666666666,,0.8809523809523809,,0.9479166666666666,,0.07634571614573354,,lodo,False,flat
logistic_l1,2.0,C=1.0,0.9613095238095238,,0.9787047056666882,,0.9092261904761905,,0.9375,,0.8809523809523809,,0.9424083769633508,,0.062460143300121215,,lodo,False,flat
logistic_l1,2.0,C=10.0,0.9556051587301587,,0.9753756494678849,,0.9159226190476191,,0.9270833333333334,,0.9047619047619048,,0.9417989417989417,,0.06816133498269819,,lodo,False,flat
logistic_l1,2.0,C=100.0,0.9558531746031746,,0.975604559817291,,0.9159226190476191,,0.9270833333333334,,0.9047619047619048,,0.9417989417989417,,0.07004675234636298,,lodo,False,flat
logistic_l1,3.0,C=0.01,0.35540674603174605,,0.6465277843609109,,0.35119047619047616,,0.4166666666666667,,0.2857142857142857,,0.4819277108433735,,0.25664319333529895,,lodo,False,flat
logistic_l1,3.0,C=0.1,0.9682539682539681,,0.9838676401552502,,0.9092261904761905,,0.9375,,0.8809523809523809,,0.9424083769633508,,0.07573372335670224,,lodo,False,flat
logistic_l1,3.0,C=1.0,0.9630456349206349,,0.9801381749242772,,0.9092261904761905,,0.9375,,0.8809523809523809,,0.9424083769633508,,0.06399958076148966,,lodo,False,flat
logistic_l1,3.0,C=10.0,0.9513888888888888,,0.9740156511249697,,0.9226190476190477,,0.9166666666666666,,0.9285714285714286,,0.9411764705882353,,0.07176308515790025,,lodo,False,flat
logistic_l1,3.0,C=100.0,0.9501488095238095,,0.9728718637536733,,0.9226190476190477,,0.9166666666666666,,0.9285714285714286,,0.9411764705882353,,0.07393852254713112,,lodo,False,flat
logistic_l1,4.0,C=0.01,0.5228174603174603,,0.6922948913372633,,0.49181547619047616,,0.6979166666666666,,0.2857142857142857,,0.694300518134715,,0.24222994587886879,,lodo,False,flat
logistic_l1,4.0,C=0.1,0.9670138888888888,,0.9835034076436898,,0.9092261904761905,,0.9375,,0.8809523809523809,,0.9424083769633508,,0.07636929723271198,,lodo,False,flat
logistic_l1,4.0,C=1.0,0.9605654761904763,,0.9797608595359877,,0.9211309523809523,,0.9375,,0.9047619047619048,,0.9473684210526315,,0.066250792376273,,lodo,False,flat
logistic_l1,4.0,C=10.0,0.9464285714285714,,0.971235031400658,,0.9226190476190477,,0.9166666666666666,,0.9285714285714286,,0.9411764705882353,,0.07371574279043662,,lodo,False,flat
logistic_l1,4.0,C=100.0,0.9434523809523809,,0.9690406726306682,,0.9226190476190477,,0.9166666666666666,,0.9285714285714286,,0.9411764705882353,,0.0756130059879295,,lodo,False,flat
logistic_l1,5.0,C=0.01,0.46726190476190477,,0.6975634288799932,,0.47842261904761907,,0.71875,,0.23809523809523808,,0.700507614213198,,0.2495412279384362,,lodo,False,flat
logistic_l1,5.0,C=0.1,0.9670138888888888,,0.9835034076436898,,0.9092261904761905,,0.9375,,0.8809523809523809,,0.9424083769633508,,0.07637008057081074,,lodo,False,flat
logistic_l1,5.0,C=1.0,0.9580853174603176,,0.9782998071253324,,0.9211309523809523,,0.9375,,0.9047619047619048,,0.9473684210526315,,0.0671874271105788,,lodo,False,flat
logistic_l1,5.0,C=10.0,0.9407242063492063,,0.9664654172793967,,0.9107142857142857,,0.9166666666666666,,0.9047619047619048,,0.9361702127659575,,0.0774638425594865,,lodo,False,flat
logistic_l1,5.0,C=100.0,0.939484126984127,,0.9648302793437165,,0.9107142857142857,,0.9166666666666666,,0.9047619047619048,,0.9361702127659575,,0.07940044583779139,,lodo,False,flat
logistic_l1,6.0,C=0.01,0.43452380952380953,,0.6701884429116856,,0.421875,,0.5104166666666666,,0.3333333333333333,,0.5664739884393064,,0.2509901466103459,,lodo,False,flat
logistic_l1,6.0,C=0.1,0.9670138888888888,,0.9835034076436898,,0.9092261904761905,,0.9375,,0.8809523809523809,,0.9424083769633508,,0.07636991742283789,,lodo,False,flat
logistic_l1,6.0,C=1.0,0.9608134920634921,,0.9796134457363508,,0.9278273809523809,,0.9270833333333334,,0.9285714285714286,,0.9468085106382979,,0.06478904502310938,,lodo,False,flat
logistic_l1,6.0,C=10.0,0.9590773809523809,,0.9759248043189914,,0.9159226190476191,,0.9270833333333334,,0.9047619047619048,,0.9417989417989417,,0.067741009298705,,lodo,False,flat
logistic_l1,6.0,C=100.0,0.9565972222222222,,0.9726769600462519,,0.9159226190476191,,0.9270833333333334,,0.9047619047619048,,0.9417989417989417,,0.06858553092542342,,lodo,False,flat
logistic_l1,7.0,C=0.01,0.5659722222222222,,0.7614873379564591,,0.5223214285714286,,0.5208333333333334,,0.5238095238095238,,0.6024096385542169,,0.24006538650213013,,lodo,False,flat
logistic_l1,7.0,C=0.1,0.9670138888888888,,0.9835034076436898,,0.9092261904761905,,0.9375,,0.8809523809523809,,0.9424083769633508,,0.0763689070541621,,lodo,False,flat
logistic_l1,7.0,C=1.0,0.9608134920634921,,0.9798371203130491,,0.9278273809523809,,0.9270833333333334,,0.9285714285714286,,0.9468085106382979,,0.06503131510324235,,lodo,False,flat
logistic_l1,7.0,C=10.0,0.9563492063492063,,0.9754788316527041,,0.9159226190476191,,0.9270833333333334,,0.9047619047619048,,0.9417989417989417,,0.07109333331832264,,lodo,False,flat
logistic_l1,7.0,C=100.0,0.9533730158730158,,0.9710731053339143,,0.9040178571428572,,0.9270833333333334,,0.8809523809523809,,0.9368421052631579,,0.0742147063063893,,lodo,False,flat
logistic_l1,8.0,C=0.01,0.513640873015873,,0.6752821374098027,,0.5066964285714286,,0.4895833333333333,,0.5238095238095238,,0.5766871165644172,,0.2511784349133903,,lodo,False,flat
logistic_l1,8.0,C=0.1,0.9670138888888888,,0.9835034076436898,,0.9092261904761905,,0.9375,,0.8809523809523809,,0.9424083769633508,,0.07637238152637366,,lodo,False,flat
logistic_l1,8.0,C=1.0,0.9608134920634921,,0.9798371203130491,,0.9278273809523809,,0.9270833333333334,,0.9285714285714286,,0.9468085106382979,,0.06501303807262537,,lodo,False,flat
logistic_l1,8.0,C=10.0,0.9536210317460317,,0.9734978710719164,,0.9159226190476191,,0.9270833333333334,,0.9047619047619048,,0.9417989417989417,,0.06977161816927788,,lodo,False,flat
logistic_l1,8.0,C=100.0,0.951388888888889,,0.9697779258275194,,0.9040178571428572,,0.9270833333333334,,0.8809523809523809,,0.9368421052631579,,0.07290312279041326,,lodo,False,flat
logistic_l1,9.0,C=0.01,0.4275793650793651,,0.6758019939014336,,0.4494047619047619,,0.375,,0.5238095238095238,,0.47368421052631576,,0.25448041068962585,,lodo,False,flat
logistic_l1,9.0,C=0.1,0.9670138888888888,,0.9835034076436898,,0.9092261904761905,,0.9375,,0.8809523809523809,,0.9424083769633508,,0.07637124166764717,,lodo,False,flat
logistic_l1,9.0,C=1.0,0.9605654761904762,,0.9797530578484438,,0.9278273809523809,,0.9270833333333334,,0.9285714285714286,,0.9468085106382979,,0.06520679494521839,,lodo,False,flat
logistic_l1,9.0,C=10.0,0.9496527777777778,,0.9709426648680007,,0.9159226190476191,,0.9270833333333334,,0.9047619047619048,,0.9417989417989417,,0.07155655019319912,,lodo,False,flat
logistic_l1,9.0,C=100.0,0.9471726190476191,,0.9687408796951232,,0.8869047619047619,,0.9166666666666666,,0.8571428571428571,,0.9263157894736842,,0.0782471249495578,,lodo,False,flat
logistic_l1,10.0,C=0.01,0.5238095238095238,,0.7241440501999769,,0.46279761904761907,,0.6875,,0.23809523809523808,,0.6804123711340206,,0.24764729091148663,,lodo,False,flat
logistic_l1,10.0,C=0.1,0.9670138888888888,,0.9835034076436898,,0.9092261904761905,,0.9375,,0.8809523809523809,,0.9424083769633508,,0.07637219995349612,,lodo,False,flat
logistic_l1,10.0,C=1.0,0.9603174603174603,,0.9794872797078109,,0.9278273809523809,,0.9270833333333334,,0.9285714285714286,,0.9468085106382979,,0.06638337358262894,,lodo,False,flat
logistic_l1,10.0,C=10.0,0.9503968253968254,,0.9708533066362242,,0.9159226190476191,,0.9270833333333334,,0.9047619047619048,,0.9417989417989417,,0.07129692111212148,,lodo,False,flat
logistic_l1,10.0,C=100.0,0.9506448412698413,,0.9692970737019713,,0.9040178571428572,,0.9270833333333334,,0.8809523809523809,,0.9368421052631579,,0.07405739740621659,,lodo,False,flat
logistic_l2,0.0,C=0.01,0.9424603174603174,,0.96499497200864,,0.8958333333333334,,0.9583333333333334,,0.8333333333333334,,0.9435897435897436,,0.1746482095421835,,lodo,False,flat
logistic_l2,0.0,C=0.1,0.9479166666666666,,0.9670576463640793,,0.890625,,0.9479166666666666,,0.8333333333333334,,0.9381443298969072,,0.09748600546663815,,lodo,False,flat
logistic_l2,0.0,C=1.0,0.9479166666666667,,0.9580774172710858,,0.8921130952380952,,0.9270833333333334,,0.8571428571428571,,0.9319371727748691,,0.07276725130577892,,lodo,False,flat
logistic_l2,0.0,C=10.0,0.9456845238095238,,0.9525319119740607,,0.9040178571428572,,0.9270833333333334,,0.8809523809523809,,0.9368421052631579,,0.07006196528785384,,lodo,False,flat
logistic_l2,0.0,C=100.0,0.945436507936508,,0.9490596897518386,,0.9040178571428572,,0.9270833333333334,,0.8809523809523809,,0.9368421052631579,,0.06998938875319764,,lodo,False,flat
logistic_l2,1.0,C=0.01,0.9384920634920635,,0.9579804403492344,,0.9196428571428572,,0.9583333333333334,,0.8809523809523809,,0.9533678756476683,,0.16009494042687086,,lodo,False,flat
logistic_l2,1.0,C=0.1,0.9432043650793651,,0.9618000634730347,,0.9144345238095237,,0.9479166666666666,,0.8809523809523809,,0.9479166666666666,,0.08799668913426768,,lodo,False,flat
logistic_l2,1.0,C=1.0,0.941220238095238,,0.9526197628558324,,0.9092261904761905,,0.9375,,0.8809523809523809,,0.9424083769633508,,0.07082058414489277,,lodo,False,flat
logistic_l2,1.0,C=10.0,0.9365079365079365,,0.9395688479118597,,0.9040178571428572,,0.9270833333333334,,0.8809523809523809,,0.9368421052631579,,0.06920643264026531,,lodo,False,flat
logistic_l2,1.0,C=100.0,0.9362599206349207,,0.938909144623387,,0.9040178571428572,,0.9270833333333334,,0.8809523809523809,,0.9368421052631579,,0.06915504456924251,,lodo,False,flat
logistic_l2,2.0,C=0.01,0.9561011904761906,,0.9726658933945228,,0.9129464285714286,,0.96875,,0.8571428571428571,,0.9538461538461539,,0.1455295516687427,,lodo,False,flat
logistic_l2,2.0,C=0.1,0.9598214285714286,,0.9777460687250026,,0.9077380952380952,,0.9583333333333334,,0.8571428571428571,,0.9484536082474226,,0.07430907392302931,,lodo,False,flat
logistic_l2,2.0,C=1.0,0.9585813492063492,,0.9764656884147878,,0.9092261904761905,,0.9375,,0.8809523809523809,,0.9424083769633508,,0.062301530760140764,,lodo,False,flat
logistic_l2,2.0,C=10.0,0.9575892857142857,,0.9764196606026831,,0.9159226190476191,,0.9270833333333334,,0.9047619047619048,,0.9417989417989417,,0.06624736564591528,,lodo,False,flat
logistic_l2,2.0,C=100.0,0.9565972222222222,,0.9759637227376742,,0.9159226190476191,,0.9270833333333334,,0.9047619047619048,,0.9417989417989417,,0.06973165156628687,,lodo,False,flat
logistic_l2,3.0,C=0.01,0.9556051587301588,,0.9732080643997786,,0.9025297619047619,,0.9479166666666666,,0.8571428571428571,,0.9430051813471503,,0.13718519652104644,,lodo,False,flat
logistic_l2,3.0,C=0.1,0.9625496031746033,,0.9793213736367994,,0.8921130952380952,,0.9270833333333334,,0.8571428571428571,,0.9319371727748691,,0.0723039035360828,,lodo,False,flat
logistic_l2,3.0,C=1.0,0.9568452380952381,,0.9770393271002571,,0.9211309523809523,,0.9375,,0.9047619047619048,,0.9473684210526315,,0.06492321978666939,,lodo,False,flat
logistic_l2,3.0,C=10.0,0.953125,,0.975056036360701,,0.9107142857142857,,0.9166666666666666,,0.9047619047619048,,0.9361702127659575,,0.06951008056678412,,lodo,False,flat
logistic_l2,3.0,C=100.0,0.9499007936507937,,0.9727367286185382,,0.9226190476190477,,0.9166666666666666,,0.9285714285714286,,0.9411764705882353,,0.07370710294313276,,lodo,False,flat
logistic_l2,4.0,C=0.01,0.9620535714285714,,0.9772234306612994,,0.9159226190476191,,0.9270833333333334,,0.9047619047619048,,0.9417989417989417,,0.13040900564578306,,lodo,False,flat
logistic_l2,4.0,C=0.1,0.9627976190476191,,0.9791345472218436,,0.9159226190476191,,0.9270833333333334,,0.9047619047619048,,0.9417989417989417,,0.070644918921656,,lodo,False,flat
logistic_l2,4.0,C=1.0,0.9583333333333333,,0.9782568564176137,,0.9211309523809523,,0.9375,,0.9047619047619048,,0.9473684210526315,,0.06554978173831799,,lodo,False,flat
logistic_l2,4.0,C=10.0,0.9523809523809523,,0.9757860513404358,,0.9226190476190477,,0.9166666666666666,,0.9285714285714286,,0.9411764705882353,,0.07118181886840284,,lodo,False,flat
logistic_l2,4.0,C=100.0,0.9444444444444444,,0.9698274319890514,,0.9226190476190477,,0.9166666666666666,,0.9285714285714286,,0.9411764705882353,,0.07534144886754282,,lodo,False,flat
logistic_l2,5.0,C=0.01,0.9605654761904762,,0.9767434291212379,,0.9159226190476191,,0.9270833333333334,,0.9047619047619048,,0.9417989417989417,,0.1305712098300007,,lodo,False,flat
logistic_l2,5.0,C=0.1,0.9590773809523809,,0.9769311154479199,,0.9159226190476191,,0.9270833333333334,,0.9047619047619048,,0.9417989417989417,,0.07170107079157352,,lodo,False,flat
logistic_l2,5.0,C=1.0,0.951140873015873,,0.9733620971612773,,0.9159226190476191,,0.9270833333333334,,0.9047619047619048,,0.9417989417989417,,0.06811325741857018,,lodo,False,flat
logistic_l2,5.0,C=10.0,0.9451884920634921,,0.9697640007725524,,0.9107142857142857,,0.9166666666666666,,0.9047619047619048,,0.9361702127659575,,0.0743682956419653,,lodo,False,flat
logistic_l2,5.0,C=100.0,0.9402281746031746,,0.9654707371369038,,0.9107142857142857,,0.9166666666666666,,0.9047619047619048,,0.9361702127659575,,0.07908139198745412,,lodo,False,flat
logistic_l2,6.0,C=0.01,0.9608134920634921,,0.9763369475181962,,0.9211309523809523,,0.9375,,0.9047619047619048,,0.9473684210526315,,0.13067393118082865,,lodo,False,flat
logistic_l2,6.0,C=0.1,0.9623015873015873,,0.9783640392590005,,0.9159226190476191,,0.9270833333333334,,0.9047619047619048,,0.9417989417989417,,0.07072509736765173,,lodo,False,flat
logistic_l2,6.0,C=1.0,0.9590773809523809,,0.9782895761450524,,0.9211309523809523,,0.9375,,0.9047619047619048,,0.9473684210526315,,0.06407221407903776,,lodo,False,flat
logistic_l2,6.0,C=10.0,0.9630456349206349,,0.9798097995796409,,0.9278273809523809,,0.9270833333333334,,0.9285714285714286,,0.9468085106382979,,0.06435359443388358,,lodo,False,flat
logistic_l2,6.0,C=100.0,0.959325396825397,,0.9760964092066603,,0.9159226190476191,,0.9270833333333334,,0.9047619047619048,,0.9417989417989417,,0.06811813814271046,,lodo,False,flat
logistic_l2,7.0,C=0.01,0.9570932539682541,,0.973252637170867,,0.9159226190476191,,0.9270833333333334,,0.9047619047619048,,0.9417989417989417,,0.12778534368731362,,lodo,False,flat
logistic_l2,7.0,C=0.1,0.9588293650793651,,0.9765681280480927,,0.9159226190476191,,0.9270833333333334,,0.9047619047619048,,0.9417989417989417,,0.0709781141652706,,lodo,False,flat
logistic_l2,7.0,C=1.0,0.9580853174603174,,0.977820403292434,,0.9159226190476191,,0.9270833333333334,,0.9047619047619048,,0.9417989417989417,,0.06555322178014333,,lodo,False,flat
logistic_l2,7.0,C=10.0,0.9593253968253967,,0.9780449530513808,,0.9159226190476191,,0.9270833333333334,,0.9047619047619048,,0.9417989417989417,,0.06693978737555417,,lodo,False,flat
logistic_l2,7.0,C=100.0,0.9563492063492064,,0.9746911748725908,,0.9040178571428572,,0.9270833333333334,,0.8809523809523809,,0.9368421052631579,,0.07338679768201678,,lodo,False,flat
logistic_l2,8.0,C=0.01,0.9578373015873016,,0.9735956339889158,,0.9159226190476191,,0.9270833333333334,,0.9047619047619048,,0.9417989417989417,,0.12765848416324613,,lodo,False,flat
logistic_l2,8.0,C=0.1,0.9595734126984127,,0.9767500302316939,,0.9159226190476191,,0.9270833333333334,,0.9047619047619048,,0.9417989417989417,,0.07091985964999825,,lodo,False,flat
logistic_l2,8.0,C=1.0,0.9543650793650794,,0.9755103305270887,,0.9211309523809523,,0.9375,,0.9047619047619048,,0.9473684210526315,,0.06577431220708065,,lodo,False,flat
logistic_l2,8.0,C=10.0,0.9556051587301586,,0.9754931804829248,,0.9159226190476191,,0.9270833333333334,,0.9047619047619048,,0.9417989417989417,,0.06700947874921477,,lodo,False,flat
logistic_l2,8.0,C=100.0,0.9528769841269841,,0.9731994766350123,,0.9040178571428572,,0.9270833333333334,,0.8809523809523809,,0.9368421052631579,,0.07218928851264321,,lodo,False,flat
logistic_l2,9.0,C=0.01,0.9570932539682541,,0.9732101682108472,,0.9159226190476191,,0.9270833333333334,,0.9047619047619048,,0.9417989417989417,,0.12788247952270504,,lodo,False,flat
logistic_l2,9.0,C=0.1,0.9580853174603174,,0.9759379798728863,,0.9159226190476191,,0.9270833333333334,,0.9047619047619048,,0.9417989417989417,,0.07124303498697945,,lodo,False,flat
logistic_l2,9.0,C=1.0,0.9518849206349207,,0.9738400987556972,,0.9211309523809523,,0.9375,,0.9047619047619048,,0.9473684210526315,,0.06687567021363133,,lodo,False,flat
logistic_l2,9.0,C=10.0,0.9546130952380953,,0.9750410783264174,,0.9040178571428572,,0.9270833333333334,,0.8809523809523809,,0.9368421052631579,,0.06835536457760903,,lodo,False,flat
logistic_l2,9.0,C=100.0,0.9516369047619048,,0.9726027584045214,,0.8921130952380952,,0.9270833333333334,,0.8571428571428571,,0.9319371727748691,,0.0752240070810485,,lodo,False,flat
logistic_l2,10.0,C=0.01,0.953125,,0.9709862229119623,,0.9159226190476191,,0.9270833333333334,,0.9047619047619048,,0.9417989417989417,,0.12769903149795409,,lodo,False,flat
logistic_l2,10.0,C=0.1,0.955109126984127,,0.9738531214276508,,0.9159226190476191,,0.9270833333333334,,0.9047619047619048,,0.9417989417989417,,0.0716654457734049,,lodo,False,flat
logistic_l2,10.0,C=1.0,0.9513888888888888,,0.9732424564616338,,0.9330357142857143,,0.9375,,0.9285714285714286,,0.9523809523809523,,0.06738108606495906,,lodo,False,flat
logistic_l2,10.0,C=10.0,0.9538690476190477,,0.974756431625329,,0.9211309523809523,,0.9375,,0.9047619047619048,,0.9473684210526315,,0.0689075994604952,,lodo,False,flat
logistic_l2,10.0,C=100.0,0.9526289682539683,,0.9710864299954094,,0.9159226190476191,,0.9270833333333334,,0.9047619047619048,,0.9417989417989417,,0.07257366432593552,,lodo,False,flat
logistic_l1,,,0.9533730158730158,,0.9736605746353639,,0.9144345238095237,,0.9479166666666666,,0.8809523809523809,,0.9479166666666666,,0.06805578445848545,,lodo,False,nested
logistic_l2,,,0.9575892857142858,,0.9780614087600635,,0.9092261904761905,,0.9375,,0.8809523809523809,,0.9424083769633508,,0.06846270110701029,,lodo,False,nested
