donor,cell_line,timepoint,pool,celltype,n_cells
HPSI0114i,HPSI0114i-bezi_3,D30,pool10,DA,115
HPSI0114i,HPSI0114i-bezi_3,D30,pool10,Epen1,21
HPSI0114i,HPSI0114i-bezi_3,D30,pool10,FPP,62
HPSI0114i,HPSI0114i-bezi_3,D30,pool10,P_FPP,13
HPSI0114i,HPSI0114i-bezi_3,D30,pool10,Sert,66
HPSI0114i,HPSI0114i-bezi_3,D30,pool10,U_Neur1,11
HPSI0114i,HPSI0114i-bezi_3,D52,pool10,Astro,6
HPSI0114i,HPSI0114i-bezi_3,D52,pool10,DA,103
HPSI0114i,HPSI0114i-bezi_3,D52,pool10,Epen1,79
HPSI0114i,HPSI0114i-bezi_3,D52,pool10,FPP,64
HPSI0114i,HPSI0114i-bezi_3,D52,pool10,P_FPP,4
HPSI0114i,HPSI0114i-bezi_3,D52,pool10,P_Sert,5
HPSI0114i,HPSI0114i-bezi_3,D52,pool10,Sert,126
HPSI0114i,HPSI0114i-bezi_3,D52,pool10,U_Neur1,6
HPSI0114i,HPSI0114i-eipl_1,D11,pool1,FPP,1672
HPSI0114i,HPSI0114i-eipl_1,D11,pool1,NB,228
HPSI0114i,HPSI0114i-eipl_1,D11,pool1,P_FPP,1217
HPSI0114i,HPSI0114i-eipl_1,D30,pool1,DA,51
HPSI0114i,HPSI0114i-eipl_1,D30,pool1,Epen1,657
HPSI0114i,HPSI0114i-eipl_1,D30,pool1,FPP,773
HPSI0114i,HPSI0114i-eipl_1,D30,pool1,P_FPP,115
HPSI0114i,HPSI0114i-eipl_1,D30,pool1,Sert,14
HPSI0114i,HPSI0114i-eipl_1,D30,pool1,U_Neur1,864
HPSI0114i,HPSI0114i-eipl_1,D30,pool1,U_Neur2,117
HPSI0114i,HPSI0114i-eipl_1,D52,pool1,Astro,13277
HPSI0114i,HPSI0114i-eipl_1,D52,pool1,DA,248
HPSI0114i,HPSI0114i-eipl_1,D52,pool1,Epen1,3583
HPSI0114i,HPSI0114i-eipl_1,D52,pool1,Epen2,80
HPSI0114i,HPSI0114i-eipl_1,D52,pool1,FPP,4095
HPSI0114i,HPSI0114i-eipl_1,D52,pool1,P_FPP,2067
HPSI0114i,HPSI0114i-eipl_1,D52,pool1,P_Sert,5
HPSI0114i,HPSI0114i-eipl_1,D52,pool1,Sert,86
HPSI0114i,HPSI0114i-eipl_1,D52,pool1,U_Neur1,2346
HPSI0114i,HPSI0114i-eipl_1,D52,pool1,U_Neur3,148
HPSI0114i,HPSI0114i-fikt_3,D52,pool14,Astro,33
HPSI0114i,HPSI0114i-fikt_3,D52,pool14,DA,67
HPSI0114i,HPSI0114i-fikt_3,D52,pool14,Epen1,62
HPSI0114i,HPSI0114i-fikt_3,D52,pool14,Epen2,4
HPSI0114i,HPSI0114i-fikt_3,D52,pool14,FPP,47
HPSI0114i,HPSI0114i-fikt_3,D52,pool14,P_FPP,6
HPSI0114i,HPSI0114i-fikt_3,D52,pool14,Sert,47
HPSI0114i,HPSI0114i-fikt_3,D52,pool14,U_Neur1,4
HPSI0114i,HPSI0114i-fikt_3,D52,pool14,U_Neur3,13
HPSI0114i,HPSI0114i-kolf_2,D11,pool12,FPP,334
HPSI0114i,HPSI0114i-kolf_2,D11,pool12,NB,16
HPSI0114i,HPSI0114i-kolf_2,D11,pool12,P_FPP,190
HPSI0114i,HPSI0114i-kolf_2,D30,pool10,DA,67
HPSI0114i,HPSI0114i-kolf_2,D30,pool10,Epen1,12
HPSI0114i,HPSI0114i-kolf_2,D30,pool10,FPP,16
HPSI0114i,HPSI0114i-kolf_2,D30,pool10,P_FPP,7
HPSI0114i,HPSI0114i-kolf_2,D30,pool10,Sert,18
HPSI0114i,HPSI0114i-kolf_2,D30,pool12,DA,182
HPSI0114i,HPSI0114i-kolf_2,D30,pool12,Epen1,14
HPSI0114i,HPSI0114i-kolf_2,D30,pool12,FPP,31
HPSI0114i,HPSI0114i-kolf_2,D30,pool12,P_FPP,14
HPSI0114i,HPSI0114i-kolf_2,D30,pool12,Sert,7
HPSI0114i,HPSI0114i-kolf_2,D30,pool12,U_Neur1,7
HPSI0114i,HPSI0114i-kolf_2,D52,pool10,Astro,1
HPSI0114i,HPSI0114i-kolf_2,D52,pool10,DA,52
HPSI0114i,HPSI0114i-kolf_2,D52,pool10,Epen1,78
HPSI0114i,HPSI0114i-kolf_2,D52,pool10,Epen2,9
HPSI0114i,HPSI0114i-kolf_2,D52,pool10,FPP,24
HPSI0114i,HPSI0114i-kolf_2,D52,pool10,P_Sert,1
HPSI0114i,HPSI0114i-kolf_2,D52,pool10,Sert,70
HPSI0114i,HPSI0114i-kolf_2,D52,pool10,U_Neur3,8
HPSI0114i,HPSI0114i-kolf_2,D52,pool15,Astro,315
HPSI0114i,HPSI0114i-kolf_2,D52,pool15,DA,883
HPSI0114i,HPSI0114i-kolf_2,D52,pool15,Epen1,192
HPSI0114i,HPSI0114i-kolf_2,D52,pool15,Epen2,9
HPSI0114i,HPSI0114i-kolf_2,D52,pool15,FPP,180
HPSI0114i,HPSI0114i-kolf_2,D52,pool15,P_FPP,96
HPSI0114i,HPSI0114i-kolf_2,D52,pool15,P_Sert,1
HPSI0114i,HPSI0114i-kolf_2,D52,pool15,Sert,181
HPSI0114i,HPSI0114i-kolf_2,D52,pool15,U_Neur1,550
HPSI0114i,HPSI0114i-kolf_2,D52,pool15,U_Neur3,16
HPSI0114i,HPSI0114i-lexy_2,D30,pool10,DA,54
HPSI0114i,HPSI0114i-lexy_2,D30,pool10,Epen1,18
HPSI0114i,HPSI0114i-lexy_2,D30,pool10,FPP,19
HPSI0114i,HPSI0114i-lexy_2,D30,pool10,P_FPP,17
HPSI0114i,HPSI0114i-lexy_2,D30,pool10,Sert,139
HPSI0114i,HPSI0114i-lexy_2,D52,pool10,Astro,6
HPSI0114i,HPSI0114i-lexy_2,D52,pool10,DA,76
HPSI0114i,HPSI0114i-lexy_2,D52,pool10,Epen1,34
HPSI0114i,HPSI0114i-lexy_2,D52,pool10,Epen2,1
HPSI0114i,HPSI0114i-lexy_2,D52,pool10,FPP,32
HPSI0114i,HPSI0114i-lexy_2,D52,pool10,P_FPP,7
HPSI0114i,HPSI0114i-lexy_2,D52,pool10,P_Sert,10
HPSI0114i,HPSI0114i-lexy_2,D52,pool10,Sert,283
HPSI0114i,HPSI0114i-lexy_2,D52,pool10,U_Neur1,1
HPSI0114i,HPSI0114i-lexy_2,D52,pool10,U_Neur3,3
HPSI0114i,HPSI0114i-lexy_2,D52,pool17,Astro,18
HPSI0114i,HPSI0114i-lexy_2,D52,pool17,DA,68
HPSI0114i,HPSI0114i-lexy_2,D52,pool17,Epen1,24
HPSI0114i,HPSI0114i-lexy_2,D52,pool17,Epen2,1
HPSI0114i,HPSI0114i-lexy_2,D52,pool17,FPP,136
HPSI0114i,HPSI0114i-lexy_2,D52,pool17,P_FPP,17
HPSI0114i,HPSI0114i-lexy_2,D52,pool17,P_Sert,7
HPSI0114i,HPSI0114i-lexy_2,D52,pool17,Sert,344
HPSI0114i,HPSI0114i-lexy_2,D52,pool17,U_Neur3,8
HPSI0114i,HPSI0114i-posc_1,D30,pool10,DA,79
HPSI0114i,HPSI0114i-posc_1,D30,pool10,Epen1,11
HPSI0114i,HPSI0114i-posc_1,D30,pool10,FPP,17
HPSI0114i,HPSI0114i-posc_1,D30,pool10,P_FPP,4
HPSI0114i,HPSI0114i-posc_1,D30,pool10,Sert,89
HPSI0114i,HPSI0114i-posc_1,D30,pool10,U_Neur1,1
HPSI0114i,HPSI0114i-posc_1,D52,pool10,Astro,3
HPSI0114i,HPSI0114i-posc_1,D52,pool10,DA,88
HPSI0114i,HPSI0114i-posc_1,D52,pool10,Epen1,19
HPSI0114i,HPSI0114i-posc_1,D52,pool10,Epen2,2
HPSI0114i,HPSI0114i-posc_1,D52,pool10,FPP,19
HPSI0114i,HPSI0114i-posc_1,D52,pool10,P_Sert,1
HPSI0114i,HPSI0114i-posc_1,D52,pool10,Sert,117
HPSI0114i,HPSI0114i-posc_1,D52,pool10,U_Neur3,3
HPSI0114i,HPSI0114i-rozh_4,D52,pool17,Astro,24
HPSI0114i,HPSI0114i-rozh_4,D52,pool17,DA,71
HPSI0114i,HPSI0114i-rozh_4,D52,pool17,Epen1,45
HPSI0114i,HPSI0114i-rozh_4,D52,pool17,Epen2,1
HPSI0114i,HPSI0114i-rozh_4,D52,pool17,FPP,128
HPSI0114i,HPSI0114i-rozh_4,D52,pool17,P_FPP,23
HPSI0114i,HPSI0114i-rozh_4,D52,pool17,P_Sert,7
HPSI0114i,HPSI0114i-rozh_4,D52,pool17,Sert,235
HPSI0114i,HPSI0114i-rozh_4,D52,pool17,U_Neur3,11
HPSI0114i,HPSI0114i-vass_1,D52,pool17,Astro,4
HPSI0114i,HPSI0114i-vass_1,D52,pool17,DA,61
HPSI0114i,HPSI0114i-vass_1,D52,pool17,Epen1,8
HPSI0114i,HPSI0114i-vass_1,D52,pool17,FPP,10
HPSI0114i,HPSI0114i-vass_1,D52,pool17,P_FPP,2
HPSI0114i,HPSI0114i-vass_1,D52,pool17,P_Sert,3
HPSI0114i,HPSI0114i-vass_1,D52,pool17,Sert,135
HPSI0114i,HPSI0114i-vass_1,D52,pool17,U_Neur3,7
HPSI0114i,HPSI0114i-wegi_1,D11,pool6,FPP,2478
HPSI0114i,HPSI0114i-wegi_1,D11,pool6,P_FPP,2024
HPSI0114i,HPSI0114i-wegi_1,D11,pool7,FPP,151
HPSI0114i,HPSI0114i-wegi_1,D11,pool7,NB,1
HPSI0114i,HPSI0114i-wegi_1,D11,pool7,P_FPP,73
HPSI0114i,HPSI0114i-wegi_1,D30,pool6,DA,280
HPSI0114i,HPSI0114i-wegi_1,D30,pool6,Epen1,17
HPSI0114i,HPSI0114i-wegi_1,D30,pool6,FPP,382
HPSI0114i,HPSI0114i-wegi_1,D30,pool6,P_FPP,275
HPSI0114i,HPSI0114i-wegi_1,D30,pool6,Sert,1794
HPSI0114i,HPSI0114i-wegi_1,D30,pool6,U_Neur1,14
HPSI0114i,HPSI0114i-wegi_1,D30,pool7,DA,323
HPSI0114i,HPSI0114i-wegi_1,D30,pool7,Epen1,1
HPSI0114i,HPSI0114i-wegi_1,D30,pool7,FPP,31
HPSI0114i,HPSI0114i-wegi_1,D30,pool7,P_FPP,21
HPSI0114i,HPSI0114i-wegi_1,D30,pool7,Sert,241
HPSI0114i,HPSI0114i-wegi_1,D52,pool6,Astro,6
HPSI0114i,HPSI0114i-wegi_1,D52,pool6,DA,164
HPSI0114i,HPSI0114i-wegi_1,D52,pool6,Epen1,25
HPSI0114i,HPSI0114i-wegi_1,D52,pool6,Epen2,1
HPSI0114i,HPSI0114i-wegi_1,D52,pool6,FPP,166
HPSI0114i,HPSI0114i-wegi_1,D52,pool6,P_FPP,7
HPSI0114i,HPSI0114i-wegi_1,D52,pool6,P_Sert,9
HPSI0114i,HPSI0114i-wegi_1,D52,pool6,Sert,2991
HPSI0114i,HPSI0114i-wegi_1,D52,pool6,U_Neur1,3
HPSI0114i,HPSI0114i-wegi_1,D52,pool6,U_Neur3,100
HPSI0114i,HPSI0114i-wegi_1,D52,pool7,Astro,9
HPSI0114i,HPSI0114i-wegi_1,D52,pool7,DA,303
HPSI0114i,HPSI0114i-wegi_1,D52,pool7,FPP,6
HPSI0114i,HPSI0114i-wegi_1,D52,pool7,Sert,150
HPSI0114i,HPSI0114i-wegi_1,D52,pool7,U_Neur3,43
HPSI0114i,HPSI0114i-zapk_2,D52,pool15,Astro,549
HPSI0114i,HPSI0114i-zapk_2,D52,pool15,DA,1317
HPSI0114i,HPSI0114i-zapk_2,D52,pool15,Epen1,44
HPSI0114i,HPSI0114i-zapk_2,D52,pool15,FPP,171
HPSI0114i,HPSI0114i-zapk_2,D52,pool15,P_FPP,235
HPSI0114i,HPSI0114i-zapk_2,D52,pool15,P_Sert,5
HPSI0114i,HPSI0114i-zapk_2,D52,pool15,Sert,231
HPSI0114i,HPSI0114i-zapk_2,D52,pool15,U_Neur1,1773
HPSI0114i,HPSI0114i-zapk_2,D52,pool15,U_Neur3,14
HPSI0115i,HPSI0115i-aion_2,D11,pool4,FPP,406
HPSI0115i,HPSI0115i-aion_2,D11,pool4,NB,2
HPSI0115i,HPSI0115i-aion_2,D11,pool4,P_FPP,319
HPSI0115i,HPSI0115i-aion_2,D30,pool4,DA,448
HPSI0115i,HPSI0115i-aion_2,D30,pool4,Epen1,44
HPSI0115i,HPSI0115i-aion_2,D30,pool4,FPP,86
HPSI0115i,HPSI0115i-aion_2,D30,pool4,P_FPP,21
HPSI0115i,HPSI0115i-aion_2,D30,pool4,Sert,200
HPSI0115i,HPSI0115i-aion_2,D30,pool4,U_Neur1,10
HPSI0115i,HPSI0115i-aion_2,D30,pool4,U_Neur2,2
HPSI0115i,HPSI0115i-aion_2,D52,pool4,Astro,6
HPSI0115i,HPSI0115i-aion_2,D52,pool4,DA,363
HPSI0115i,HPSI0115i-aion_2,D52,pool4,Epen1,173
HPSI0115i,HPSI0115i-aion_2,D52,pool4,Epen2,4
HPSI0115i,HPSI0115i-aion_2,D52,pool4,FPP,99
HPSI0115i,HPSI0115i-aion_2,D52,pool4,P_FPP,12
HPSI0115i,HPSI0115i-aion_2,D52,pool4,P_Sert,10
HPSI0115i,HPSI0115i-aion_2,D52,pool4,Sert,462
HPSI0115i,HPSI0115i-aion_2,D52,pool4,U_Neur1,18
HPSI0115i,HPSI0115i-aion_2,D52,pool4,U_Neur3,12
HPSI0115i,HPSI0115i-aoxv_1,D11,pool8,FPP,1851
HPSI0115i,HPSI0115i-aoxv_1,D11,pool8,NB,105
HPSI0115i,HPSI0115i-aoxv_1,D11,pool8,P_FPP,1477
HPSI0115i,HPSI0115i-aoxv_1,D30,pool8,DA,257
HPSI0115i,HPSI0115i-aoxv_1,D30,pool8,Epen1,911
HPSI0115i,HPSI0115i-aoxv_1,D30,pool8,FPP,1135
HPSI0115i,HPSI0115i-aoxv_1,D30,pool8,P_FPP,151
HPSI0115i,HPSI0115i-aoxv_1,D30,pool8,Sert,373
HPSI0115i,HPSI0115i-aoxv_1,D30,pool8,U_Neur1,222
HPSI0115i,HPSI0115i-aoxv_1,D30,pool8,U_Neur2,2
HPSI0115i,HPSI0115i-aoxv_1,D52,pool8,Astro,104
HPSI0115i,HPSI0115i-aoxv_1,D52,pool8,DA,326
HPSI0115i,HPSI0115i-aoxv_1,D52,pool8,Epen1,2141
HPSI0115i,HPSI0115i-aoxv_1,D52,pool8,Epen2,71
HPSI0115i,HPSI0115i-aoxv_1,D52,pool8,FPP,435
HPSI0115i,HPSI0115i-aoxv_1,D52,pool8,P_FPP,92
HPSI0115i,HPSI0115i-aoxv_1,D52,pool8,P_Sert,20
HPSI0115i,HPSI0115i-aoxv_1,D52,pool8,Sert,561
HPSI0115i,HPSI0115i-aoxv_1,D52,pool8,U_Neur1,195
HPSI0115i,HPSI0115i-aoxv_1,D52,pool8,U_Neur3,64
HPSI0115i,HPSI0115i-bimq_4,D11,pool4,FPP,338
HPSI0115i,HPSI0115i-bimq_4,D11,pool4,NB,83
HPSI0115i,HPSI0115i-bimq_4,D11,pool4,P_FPP,206
HPSI0115i,HPSI0115i-bimq_4,D30,pool4,DA,132
HPSI0115i,HPSI0115i-bimq_4,D30,pool4,Epen1,108
HPSI0115i,HPSI0115i-bimq_4,D30,pool4,FPP,263
HPSI0115i,HPSI0115i-bimq_4,D30,pool4,P_FPP,52
HPSI0115i,HPSI0115i-bimq_4,D30,pool4,Sert,27
HPSI0115i,HPSI0115i-bimq_4,D30,pool4,U_Neur1,140
HPSI0115i,HPSI0115i-bimq_4,D30,pool4,U_Neur2,4
HPSI0115i,HPSI0115i-bimq_4,D52,pool4,Astro,771
HPSI0115i,HPSI0115i-bimq_4,D52,pool4,DA,111
HPSI0115i,HPSI0115i-bimq_4,D52,pool4,Epen1,334
HPSI0115i,HPSI0115i-bimq_4,D52,pool4,Epen2,5
HPSI0115i,HPSI0115i-bimq_4,D52,pool4,FPP,376
HPSI0115i,HPSI0115i-bimq_4,D52,pool4,P_FPP,231
HPSI0115i,HPSI0115i-bimq_4,D52,pool4,Sert,76
HPSI0115i,HPSI0115i-bimq_4,D52,pool4,U_Neur1,220
HPSI0115i,HPSI0115i-bimq_4,D52,pool4,U_Neur3,10
HPSI0115i,HPSI0115i-boqx_2,D11,pool12,FPP,97
HPSI0115i,HPSI0115i-boqx_2,D11,pool12,NB,4
HPSI0115i,HPSI0115i-boqx_2,D11,pool12,P_FPP,38
HPSI0115i,HPSI0115i-boqx_2,D11,pool4,FPP,87
HPSI0115i,HPSI0115i-boqx_2,D11,pool4,NB,1
HPSI0115i,HPSI0115i-boqx_2,D11,pool4,P_FPP,56
HPSI0115i,HPSI0115i-boqx_2,D30,pool12,DA,33
HPSI0115i,HPSI0115i-boqx_2,D30,pool12,Epen1,3
HPSI0115i,HPSI0115i-boqx_2,D30,pool12,FPP,23
HPSI0115i,HPSI0115i-boqx_2,D30,pool12,P_FPP,23
HPSI0115i,HPSI0115i-boqx_2,D30,pool12,Sert,12
HPSI0115i,HPSI0115i-boqx_2,D30,pool12,U_Neur1,4
HPSI0115i,HPSI0115i-boqx_2,D30,pool4,DA,31
HPSI0115i,HPSI0115i-boqx_2,D30,pool4,Epen1,18
HPSI0115i,HPSI0115i-boqx_2,D30,pool4,FPP,31
HPSI0115i,HPSI0115i-boqx_2,D30,pool4,P_FPP,6
HPSI0115i,HPSI0115i-boqx_2,D30,pool4,Sert,28
HPSI0115i,HPSI0115i-boqx_2,D30,pool4,U_Neur1,10
HPSI0115i,HPSI0115i-boqx_2,D52,pool4,Astro,29
HPSI0115i,HPSI0115i-boqx_2,D52,pool4,DA,43
HPSI0115i,HPSI0115i-boqx_2,D52,pool4,Epen1,57
HPSI0115i,HPSI0115i-boqx_2,D52,pool4,Epen2,2
HPSI0115i,HPSI0115i-boqx_2,D52,pool4,FPP,46
HPSI0115i,HPSI0115i-boqx_2,D52,pool4,P_FPP,10
HPSI0115i,HPSI0115i-boqx_2,D52,pool4,Sert,64
HPSI0115i,HPSI0115i-boqx_2,D52,pool4,U_Neur1,9
HPSI0115i,HPSI0115i-boqx_2,D52,pool4,U_Neur3,3
HPSI0115i,HPSI0115i-gifk_1,D11,pool4,FPP,76
HPSI0115i,HPSI0115i-gifk_1,D11,pool4,P_FPP,83
HPSI0115i,HPSI0115i-gifk_1,D30,pool4,DA,99
HPSI0115i,HPSI0115i-gifk_1,D30,pool4,Epen1,3
HPSI0115i,HPSI0115i-gifk_1,D30,pool4,FPP,28
HPSI0115i,HPSI0115i-gifk_1,D30,pool4,P_FPP,14
HPSI0115i,HPSI0115i-gifk_1,D30,pool4,Sert,52
HPSI0115i,HPSI0115i-gifk_1,D52,pool4,Astro,3
HPSI0115i,HPSI0115i-gifk_1,D52,pool4,DA,75
HPSI0115i,HPSI0115i-gifk_1,D52,pool4,Epen1,40
HPSI0115i,HPSI0115i-gifk_1,D52,pool4,Epen2,6
HPSI0115i,HPSI0115i-gifk_1,D52,pool4,FPP,86
HPSI0115i,HPSI0115i-gifk_1,D52,pool4,P_FPP,18
HPSI0115i,HPSI0115i-gifk_1,D52,pool4,P_Sert,3
HPSI0115i,HPSI0115i-gifk_1,D52,pool4,Sert,150
HPSI0115i,HPSI0115i-gifk_1,D52,pool4,U_Neur1,1
HPSI0115i,HPSI0115i-gifk_1,D52,pool4,U_Neur3,4
HPSI0115i,HPSI0115i-gost_2,D11,pool2,FPP,1905
HPSI0115i,HPSI0115i-gost_2,D11,pool2,NB,34
HPSI0115i,HPSI0115i-gost_2,D11,pool2,P_FPP,1360
HPSI0115i,HPSI0115i-gost_2,D30,pool2,DA,1822
HPSI0115i,HPSI0115i-gost_2,D30,pool2,Epen1,65
HPSI0115i,HPSI0115i-gost_2,D30,pool2,FPP,106
HPSI0115i,HPSI0115i-gost_2,D30,pool2,P_FPP,36
HPSI0115i,HPSI0115i-gost_2,D30,pool2,Sert,800
HPSI0115i,HPSI0115i-gost_2,D30,pool2,U_Neur1,13
HPSI0115i,HPSI0115i-gost_2,D30,pool2,U_Neur2,3
HPSI0115i,HPSI0115i-gost_2,D52,pool2,Astro,144
HPSI0115i,HPSI0115i-gost_2,D52,pool2,DA,1417
HPSI0115i,HPSI0115i-gost_2,D52,pool2,Epen1,77
HPSI0115i,HPSI0115i-gost_2,D52,pool2,Epen2,3
HPSI0115i,HPSI0115i-gost_2,D52,pool2,FPP,143
HPSI0115i,HPSI0115i-gost_2,D52,pool2,P_FPP,38
HPSI0115i,HPSI0115i-gost_2,D52,pool2,P_Sert,4
HPSI0115i,HPSI0115i-gost_2,D52,pool2,Sert,455
HPSI0115i,HPSI0115i-gost_2,D52,pool2,U_Neur1,50
HPSI0115i,HPSI0115i-gost_2,D52,pool2,U_Neur3,59
HPSI0115i,HPSI0115i-hecn_6,D11,pool2,FPP,655
HPSI0115i,HPSI0115i-hecn_6,D11,pool2,NB,23
HPSI0115i,HPSI0115i-hecn_6,D11,pool2,P_FPP,399
HPSI0115i,HPSI0115i-hecn_6,D11,pool3,FPP,406
HPSI0115i,HPSI0115i-hecn_6,D11,pool3,NB,1
HPSI0115i,HPSI0115i-hecn_6,D11,pool3,P_FPP,311
HPSI0115i,HPSI0115i-hecn_6,D30,pool2,DA,643
HPSI0115i,HPSI0115i-hecn_6,D30,pool2,Epen1,98
HPSI0115i,HPSI0115i-hecn_6,D30,pool2,FPP,255
HPSI0115i,HPSI0115i-hecn_6,D30,pool2,P_FPP,100
HPSI0115i,HPSI0115i-hecn_6,D30,pool2,Sert,139
HPSI0115i,HPSI0115i-hecn_6,D30,pool2,U_Neur1,22
HPSI0115i,HPSI0115i-hecn_6,D30,pool2,U_Neur2,1
HPSI0115i,HPSI0115i-hecn_6,D30,pool3,DA,145
HPSI0115i,HPSI0115i-hecn_6,D30,pool3,Epen1,47
HPSI0115i,HPSI0115i-hecn_6,D30,pool3,FPP,91
HPSI0115i,HPSI0115i-hecn_6,D30,pool3,P_FPP,22
HPSI0115i,HPSI0115i-hecn_6,D30,pool3,Sert,107
HPSI0115i,HPSI0115i-hecn_6,D30,pool3,U_Neur1,2
HPSI0115i,HPSI0115i-hecn_6,D52,pool2,Astro,409
HPSI0115i,HPSI0115i-hecn_6,D52,pool2,DA,525
HPSI0115i,HPSI0115i-hecn_6,D52,pool2,Epen1,385
HPSI0115i,HPSI0115i-hecn_6,D52,pool2,Epen2,11
HPSI0115i,HPSI0115i-hecn_6,D52,pool2,FPP,422
HPSI0115i,HPSI0115i-hecn_6,D52,pool2,P_FPP,130
HPSI0115i,HPSI0115i-hecn_6,D52,pool2,P_Sert,2
HPSI0115i,HPSI0115i-hecn_6,D52,pool2,Sert,106
HPSI0115i,HPSI0115i-hecn_6,D52,pool2,U_Neur1,55
HPSI0115i,HPSI0115i-hecn_6,D52,pool2,U_Neur3,26
HPSI0115i,HPSI0115i-hecn_6,D52,pool3,Astro,28
HPSI0115i,HPSI0115i-hecn_6,D52,pool3,DA,172
HPSI0115i,HPSI0115i-hecn_6,D52,pool3,Epen1,373
HPSI0115i,HPSI0115i-hecn_6,D52,pool3,Epen2,7
HPSI0115i,HPSI0115i-hecn_6,D52,pool3,FPP,209
HPSI0115i,HPSI0115i-hecn_6,D52,pool3,P_FPP,45
HPSI0115i,HPSI0115i-hecn_6,D52,pool3,P_Sert,4
HPSI0115i,HPSI0115i-hecn_6,D52,pool3,Sert,258
HPSI0115i,HPSI0115i-hecn_6,D52,pool3,U_Neur1,5
HPSI0115i,HPSI0115i-hecn_6,D52,pool3,U_Neur3,31
HPSI0115i,HPSI0115i-iiyk_2,D11,pool12,FPP,294
HPSI0115i,HPSI0115i-iiyk_2,D11,pool12,NB,16
HPSI0115i,HPSI0115i-iiyk_2,D11,pool12,P_FPP,154
HPSI0115i,HPSI0115i-iiyk_2,D11,pool5,FPP,80
HPSI0115i,HPSI0115i-iiyk_2,D11,pool5,P_FPP,71
HPSI0115i,HPSI0115i-iiyk_2,D30,pool12,DA,187
HPSI0115i,HPSI0115i-iiyk_2,D30,pool12,Epen1,45
HPSI0115i,HPSI0115i-iiyk_2,D30,pool12,FPP,56
HPSI0115i,HPSI0115i-iiyk_2,D30,pool12,P_FPP,23
HPSI0115i,HPSI0115i-iiyk_2,D30,pool12,Sert,32
HPSI0115i,HPSI0115i-iiyk_2,D30,pool12,U_Neur1,24
HPSI0115i,HPSI0115i-iiyk_2,D30,pool12,U_Neur2,5
HPSI0115i,HPSI0115i-iiyk_2,D30,pool5,DA,74
HPSI0115i,HPSI0115i-iiyk_2,D30,pool5,Epen1,22
HPSI0115i,HPSI0115i-iiyk_2,D30,pool5,FPP,25
HPSI0115i,HPSI0115i-iiyk_2,D30,pool5,P_FPP,6
HPSI0115i,HPSI0115i-iiyk_2,D30,pool5,Sert,54
HPSI0115i,HPSI0115i-iiyk_2,D30,pool5,U_Neur1,8
HPSI0115i,HPSI0115i-iiyk_2,D52,pool5,Astro,8
HPSI0115i,HPSI0115i-iiyk_2,D52,pool5,DA,46
HPSI0115i,HPSI0115i-iiyk_2,D52,pool5,Epen1,40
HPSI0115i,HPSI0115i-iiyk_2,D52,pool5,FPP,12
HPSI0115i,HPSI0115i-iiyk_2,D52,pool5,P_FPP,2
HPSI0115i,HPSI0115i-iiyk_2,D52,pool5,Sert,62
HPSI0115i,HPSI0115i-iiyk_2,D52,pool5,U_Neur1,6
HPSI0115i,HPSI0115i-iiyk_2,D52,pool5,U_Neur3,2
HPSI0115i,HPSI0115i-iuad_2,D11,pool7,FPP,105
HPSI0115i,HPSI0115i-iuad_2,D11,pool7,NB,4
HPSI0115i,HPSI0115i-iuad_2,D11,pool7,P_FPP,82
HPSI0115i,HPSI0115i-iuad_2,D30,pool7,DA,447
HPSI0115i,HPSI0115i-iuad_2,D30,pool7,Epen1,71
HPSI0115i,HPSI0115i-iuad_2,D30,pool7,FPP,122
HPSI0115i,HPSI0115i-iuad_2,D30,pool7,P_FPP,269
HPSI0115i,HPSI0115i-iuad_2,D30,pool7,Sert,1293
HPSI0115i,HPSI0115i-iuad_2,D30,pool7,U_Neur1,4
HPSI0115i,HPSI0115i-iuad_2,D52,pool7,Astro,41
HPSI0115i,HPSI0115i-iuad_2,D52,pool7,DA,516
HPSI0115i,HPSI0115i-iuad_2,D52,pool7,Epen1,171
HPSI0115i,HPSI0115i-iuad_2,D52,pool7,Epen2,5
HPSI0115i,HPSI0115i-iuad_2,D52,pool7,FPP,131
HPSI0115i,HPSI0115i-iuad_2,D52,pool7,P_FPP,24
HPSI0115i,HPSI0115i-iuad_2,D52,pool7,P_Sert,66
HPSI0115i,HPSI0115i-iuad_2,D52,pool7,Sert,3594
HPSI0115i,HPSI0115i-iuad_2,D52,pool7,U_Neur1,5
HPSI0115i,HPSI0115i-iuad_2,D52,pool7,U_Neur3,73
HPSI0115i,HPSI0115i-jakt_1,D11,pool2,FPP,567
HPSI0115i,HPSI0115i-jakt_1,D11,pool2,NB,9
HPSI0115i,HPSI0115i-jakt_1,D11,pool2,P_FPP,307
HPSI0115i,HPSI0115i-jakt_1,D30,pool2,DA,486
HPSI0115i,HPSI0115i-jakt_1,D30,pool2,Epen1,68
HPSI0115i,HPSI0115i-jakt_1,D30,pool2,FPP,125
HPSI0115i,HPSI0115i-jakt_1,D30,pool2,P_FPP,203
HPSI0115i,HPSI0115i-jakt_1,D30,pool2,Sert,1226
HPSI0115i,HPSI0115i-jakt_1,D30,pool2,U_Neur1,28
HPSI0115i,HPSI0115i-jakt_1,D30,pool2,U_Neur2,1
HPSI0115i,HPSI0115i-jakt_1,D52,pool2,Astro,353
HPSI0115i,HPSI0115i-jakt_1,D52,pool2,DA,510
HPSI0115i,HPSI0115i-jakt_1,D52,pool2,Epen1,304
HPSI0115i,HPSI0115i-jakt_1,D52,pool2,Epen2,4
HPSI0115i,HPSI0115i-jakt_1,D52,pool2,FPP,256
HPSI0115i,HPSI0115i-jakt_1,D52,pool2,P_FPP,92
HPSI0115i,HPSI0115i-jakt_1,D52,pool2,P_Sert,45
HPSI0115i,HPSI0115i-jakt_1,D52,pool2,Sert,5242
HPSI0115i,HPSI0115i-jakt_1,D52,pool2,U_Neur1,114
HPSI0115i,HPSI0115i-jakt_1,D52,pool2,U_Neur3,210
HPSI0115i,HPSI0115i-jotn_2,D30,pool10,DA,266
HPSI0115i,HPSI0115i-jotn_2,D30,pool10,Epen1,50
HPSI0115i,HPSI0115i-jotn_2,D30,pool10,FPP,146
HPSI0115i,HPSI0115i-jotn_2,D30,pool10,P_FPP,23
HPSI0115i,HPSI0115i-jotn_2,D30,pool10,Sert,77
HPSI0115i,HPSI0115i-jotn_2,D30,pool10,U_Neur1,4
HPSI0115i,HPSI0115i-jotn_2,D52,pool10,Astro,7
HPSI0115i,HPSI0115i-jotn_2,D52,pool10,DA,226
HPSI0115i,HPSI0115i-jotn_2,D52,pool10,Epen1,294
HPSI0115i,HPSI0115i-jotn_2,D52,pool10,Epen2,16
HPSI0115i,HPSI0115i-jotn_2,D52,pool10,FPP,127
HPSI0115i,HPSI0115i-jotn_2,D52,pool10,P_FPP,20
HPSI0115i,HPSI0115i-jotn_2,D52,pool10,Sert,45
HPSI0115i,HPSI0115i-jotn_2,D52,pool10,U_Neur1,3
HPSI0115i,HPSI0115i-jotn_2,D52,pool10,U_Neur3,5
HPSI0115i,HPSI0115i-jotn_2,D52,pool17,Astro,74
HPSI0115i,HPSI0115i-jotn_2,D52,pool17,DA,320
HPSI0115i,HPSI0115i-jotn_2,D52,pool17,Epen1,111
HPSI0115i,HPSI0115i-jotn_2,D52,pool17,Epen2,11
HPSI0115i,HPSI0115i-jotn_2,D52,pool17,FPP,637
HPSI0115i,HPSI0115i-jotn_2,D52,pool17,P_FPP,168
HPSI0115i,HPSI0115i-jotn_2,D52,pool17,P_Sert,4
HPSI0115i,HPSI0115i-jotn_2,D52,pool17,Sert,281
HPSI0115i,HPSI0115i-jotn_2,D52,pool17,U_Neur1,22
HPSI0115i,HPSI0115i-jotn_2,D52,pool17,U_Neur3,48
HPSI0115i,HPSI0115i-kozf_1,D30,pool10,DA,94
HPSI0115i,HPSI0115i-kozf_1,D30,pool10,Epen1,235
HPSI0115i,HPSI0115i-kozf_1,D30,pool10,FPP,216
HPSI0115i,HPSI0115i-kozf_1,D30,pool10,P_FPP,80
HPSI0115i,HPSI0115i-kozf_1,D30,pool10,Sert,24
HPSI0115i,HPSI0115i-kozf_1,D30,pool10,U_Neur1,97
HPSI0115i,HPSI0115i-kozf_1,D30,pool10,U_Neur2,4
HPSI0115i,HPSI0115i-kozf_1,D52,pool10,Astro,678
HPSI0115i,HPSI0115i-kozf_1,D52,pool10,DA,156
HPSI0115i,HPSI0115i-kozf_1,D52,pool10,Epen1,560
HPSI0115i,HPSI0115i-kozf_1,D52,pool10,Epen2,19
HPSI0115i,HPSI0115i-kozf_1,D52,pool10,FPP,227
HPSI0115i,HPSI0115i-kozf_1,D52,pool10,P_FPP,186
HPSI0115i,HPSI0115i-kozf_1,D52,pool10,Sert,3
HPSI0115i,HPSI0115i-kozf_1,D52,pool10,U_Neur1,61
HPSI0115i,HPSI0115i-kozf_1,D52,pool10,U_Neur3,45
HPSI0115i,HPSI0115i-melw_1,D11,pool5,FPP,18
HPSI0115i,HPSI0115i-melw_1,D11,pool5,P_FPP,11
HPSI0115i,HPSI0115i-melw_1,D30,pool5,DA,38
HPSI0115i,HPSI0115i-melw_1,D30,pool5,Epen1,1
HPSI0115i,HPSI0115i-melw_1,D30,pool5,FPP,8
HPSI0115i,HPSI0115i-melw_1,D30,pool5,P_FPP,2
HPSI0115i,HPSI0115i-melw_1,D30,pool5,Sert,11
HPSI0115i,HPSI0115i-melw_1,D30,pool5,U_Neur1,5
HPSI0115i,HPSI0115i-melw_1,D52,pool5,DA,5
HPSI0115i,HPSI0115i-melw_1,D52,pool5,FPP,8
HPSI0115i,HPSI0115i-melw_1,D52,pool5,Sert,1
HPSI0115i,HPSI0115i-paim_1,D11,pool1,FPP,2232
HPSI0115i,HPSI0115i-paim_1,D11,pool1,NB,31
HPSI0115i,HPSI0115i-paim_1,D11,pool1,P_FPP,1798
HPSI0115i,HPSI0115i-paim_1,D30,pool1,DA,1657
HPSI0115i,HPSI0115i-paim_1,D30,pool1,Epen1,105
HPSI0115i,HPSI0115i-paim_1,D30,pool1,FPP,439
HPSI0115i,HPSI0115i-paim_1,D30,pool1,P_FPP,145
HPSI0115i,HPSI0115i-paim_1,D30,pool1,Sert,1538
HPSI0115i,HPSI0115i-paim_1,D30,pool1,U_Neur1,31
HPSI0115i,HPSI0115i-paim_1,D30,pool1,U_Neur2,3
HPSI0115i,HPSI0115i-paim_1,D52,pool1,Astro,1507
HPSI0115i,HPSI0115i-paim_1,D52,pool1,DA,5259
HPSI0115i,HPSI0115i-paim_1,D52,pool1,Epen1,3604
HPSI0115i,HPSI0115i-paim_1,D52,pool1,Epen2,98
HPSI0115i,HPSI0115i-paim_1,D52,pool1,FPP,2999
HPSI0115i,HPSI0115i-paim_1,D52,pool1,P_FPP,725
HPSI0115i,HPSI0115i-paim_1,D52,pool1,P_Sert,185
HPSI0115i,HPSI0115i-paim_1,D52,pool1,Sert,6309
HPSI0115i,HPSI0115i-paim_1,D52,pool1,U_Neur1,427
HPSI0115i,HPSI0115i-paim_1,D52,pool1,U_Neur3,333
HPSI0115i,HPSI0115i-pitg_2,D11,pool5,FPP,2
HPSI0115i,HPSI0115i-pitg_2,D11,pool5,P_FPP,2
HPSI0115i,HPSI0115i-pitg_2,D30,pool5,DA,23
HPSI0115i,HPSI0115i-pitg_2,D30,pool5,FPP,4
HPSI0115i,HPSI0115i-pitg_2,D30,pool5,Sert,4
HPSI0115i,HPSI0115i-pitg_2,D30,pool5,U_Neur1,5
HPSI0115i,HPSI0115i-pitg_2,D52,pool5,DA,3
HPSI0115i,HPSI0115i-pitg_2,D52,pool5,Epen1,2
HPSI0115i,HPSI0115i-pitg_2,D52,pool5,Sert,2
HPSI0115i,HPSI0115i-pitg_2,D52,pool5,U_Neur3,1
HPSI0115i,HPSI0115i-qecv_2,D11,pool5,FPP,12
HPSI0115i,HPSI0115i-qecv_2,D11,pool5,P_FPP,13
HPSI0115i,HPSI0115i-qecv_2,D30,pool5,DA,15
HPSI0115i,HPSI0115i-qecv_2,D30,pool5,Epen1,1
HPSI0115i,HPSI0115i-qecv_2,D30,pool5,FPP,9
HPSI0115i,HPSI0115i-qecv_2,D30,pool5,P_FPP,3
HPSI0115i,HPSI0115i-qecv_2,D30,pool5,Sert,5
HPSI0115i,HPSI0115i-qecv_2,D30,pool5,U_Neur1,1
HPSI0115i,HPSI0115i-qecv_2,D52,pool17,Astro,26
HPSI0115i,HPSI0115i-qecv_2,D52,pool17,DA,26
HPSI0115i,HPSI0115i-qecv_2,D52,pool17,Epen1,17
HPSI0115i,HPSI0115i-qecv_2,D52,pool17,Epen2,1
HPSI0115i,HPSI0115i-qecv_2,D52,pool17,FPP,9
HPSI0115i,HPSI0115i-qecv_2,D52,pool17,P_FPP,11
HPSI0115i,HPSI0115i-qecv_2,D52,pool17,Sert,29
HPSI0115i,HPSI0115i-qecv_2,D52,pool17,U_Neur1,23
HPSI0115i,HPSI0115i-qecv_2,D52,pool17,U_Neur3,2
HPSI0115i,HPSI0115i-qecv_2,D52,pool5,DA,2
HPSI0115i,HPSI0115i-qecv_2,D52,pool5,Epen1,4
HPSI0115i,HPSI0115i-qecv_2,D52,pool5,P_Sert,1
HPSI0115i,HPSI0115i-qecv_2,D52,pool5,Sert,6
HPSI0115i,HPSI0115i-qecv_2,D52,pool5,U_Neur1,1
HPSI0115i,HPSI0115i-quze_6,D11,pool9,FPP,370
HPSI0115i,HPSI0115i-quze_6,D11,pool9,NB,27
HPSI0115i,HPSI0115i-quze_6,D11,pool9,P_FPP,279
HPSI0115i,HPSI0115i-quze_6,D30,pool9,DA,77
HPSI0115i,HPSI0115i-quze_6,D30,pool9,Epen1,129
HPSI0115i,HPSI0115i-quze_6,D30,pool9,FPP,170
HPSI0115i,HPSI0115i-quze_6,D30,pool9,P_FPP,64
HPSI0115i,HPSI0115i-quze_6,D30,pool9,Sert,128
HPSI0115i,HPSI0115i-quze_6,D30,pool9,U_Neur1,27
HPSI0115i,HPSI0115i-quze_6,D30,pool9,U_Neur2,1
HPSI0115i,HPSI0115i-quze_6,D52,pool9,Astro,21
HPSI0115i,HPSI0115i-quze_6,D52,pool9,DA,32
HPSI0115i,HPSI0115i-quze_6,D52,pool9,Epen1,191
HPSI0115i,HPSI0115i-quze_6,D52,pool9,Epen2,4
HPSI0115i,HPSI0115i-quze_6,D52,pool9,FPP,53
HPSI0115i,HPSI0115i-quze_6,D52,pool9,P_FPP,15
HPSI0115i,HPSI0115i-quze_6,D52,pool9,P_Sert,4
HPSI0115i,HPSI0115i-quze_6,D52,pool9,Sert,139
HPSI0115i,HPSI0115i-quze_6,D52,pool9,U_Neur1,10
HPSI0115i,HPSI0115i-quze_6,D52,pool9,U_Neur3,5
HPSI0115i,HPSI0115i-sehp_2,D11,pool7,FPP,165
HPSI0115i,HPSI0115i-sehp_2,D11,pool7,P_FPP,120
HPSI0115i,HPSI0115i-sehp_2,D30,pool7,DA,1116
HPSI0115i,HPSI0115i-sehp_2,D30,pool7,Epen1,31
HPSI0115i,HPSI0115i-sehp_2,D30,pool7,FPP,173
HPSI0115i,HPSI0115i-sehp_2,D30,pool7,P_FPP,53
HPSI0115i,HPSI0115i-sehp_2,D30,pool7,Sert,150
HPSI0115i,HPSI0115i-sehp_2,D30,pool7,U_Neur1,13
HPSI0115i,HPSI0115i-sehp_2,D52,pool7,Astro,16
HPSI0115i,HPSI0115i-sehp_2,D52,pool7,DA,852
HPSI0115i,HPSI0115i-sehp_2,D52,pool7,Epen1,129
HPSI0115i,HPSI0115i-sehp_2,D52,pool7,Epen2,5
HPSI0115i,HPSI0115i-sehp_2,D52,pool7,FPP,84
HPSI0115i,HPSI0115i-sehp_2,D52,pool7,P_FPP,10
HPSI0115i,HPSI0115i-sehp_2,D52,pool7,P_Sert,5
HPSI0115i,HPSI0115i-sehp_2,D52,pool7,Sert,134
HPSI0115i,HPSI0115i-sehp_2,D52,pool7,U_Neur1,10
HPSI0115i,HPSI0115i-sehp_2,D52,pool7,U_Neur3,16
HPSI0115i,HPSI0115i-tiku_3,D11,pool9,FPP,68
HPSI0115i,HPSI0115i-tiku_3,D11,pool9,NB,2
HPSI0115i,HPSI0115i-tiku_3,D11,pool9,P_FPP,55
HPSI0115i,HPSI0115i-tiku_3,D30,pool9,DA,20
HPSI0115i,HPSI0115i-tiku_3,D30,pool9,Epen1,45
HPSI0115i,HPSI0115i-tiku_3,D30,pool9,FPP,64
HPSI0115i,HPSI0115i-tiku_3,D30,pool9,P_FPP,24
HPSI0115i,HPSI0115i-tiku_3,D30,pool9,Sert,42
HPSI0115i,HPSI0115i-tiku_3,D30,pool9,U_Neur1,15
HPSI0115i,HPSI0115i-tiku_3,D30,pool9,U_Neur2,1
HPSI0115i,HPSI0115i-tiku_3,D52,pool17,Astro,12
HPSI0115i,HPSI0115i-tiku_3,D52,pool17,DA,100
HPSI0115i,HPSI0115i-tiku_3,D52,pool17,Epen1,95
HPSI0115i,HPSI0115i-tiku_3,D52,pool17,Epen2,2
HPSI0115i,HPSI0115i-tiku_3,D52,pool17,FPP,103
HPSI0115i,HPSI0115i-tiku_3,D52,pool17,P_FPP,23
HPSI0115i,HPSI0115i-tiku_3,D52,pool17,P_Sert,6
HPSI0115i,HPSI0115i-tiku_3,D52,pool17,Sert,599
HPSI0115i,HPSI0115i-tiku_3,D52,pool17,U_Neur1,4
HPSI0115i,HPSI0115i-tiku_3,D52,pool17,U_Neur3,49
HPSI0115i,HPSI0115i-tiku_3,D52,pool9,Astro,16
HPSI0115i,HPSI0115i-tiku_3,D52,pool9,DA,14
HPSI0115i,HPSI0115i-tiku_3,D52,pool9,Epen1,83
HPSI0115i,HPSI0115i-tiku_3,D52,pool9,Epen2,2
HPSI0115i,HPSI0115i-tiku_3,D52,pool9,FPP,21
HPSI0115i,HPSI0115i-tiku_3,D52,pool9,P_FPP,12
HPSI0115i,HPSI0115i-tiku_3,D52,pool9,P_Sert,2
HPSI0115i,HPSI0115i-tiku_3,D52,pool9,Sert,50
HPSI0115i,HPSI0115i-tiku_3,D52,pool9,U_Neur1,5
HPSI0115i,HPSI0115i-tiku_3,D52,pool9,U_Neur3,1
HPSI0115i,HPSI0115i-timk_4,D30,pool10,DA,296
HPSI0115i,HPSI0115i-timk_4,D30,pool10,Epen1,1260
HPSI0115i,HPSI0115i-timk_4,D30,pool10,FPP,2057
HPSI0115i,HPSI0115i-timk_4,D30,pool10,P_FPP,528
HPSI0115i,HPSI0115i-timk_4,D30,pool10,Sert,156
HPSI0115i,HPSI0115i-timk_4,D30,pool10,U_Neur1,1477
HPSI0115i,HPSI0115i-timk_4,D30,pool10,U_Neur2,64
HPSI0115i,HPSI0115i-timk_4,D52,pool10,Astro,2147
HPSI0115i,HPSI0115i-timk_4,D52,pool10,DA,432
HPSI0115i,HPSI0115i-timk_4,D52,pool10,Epen1,3567
HPSI0115i,HPSI0115i-timk_4,D52,pool10,Epen2,159
HPSI0115i,HPSI0115i-timk_4,D52,pool10,FPP,2908
HPSI0115i,HPSI0115i-timk_4,D52,pool10,P_FPP,1000
HPSI0115i,HPSI0115i-timk_4,D52,pool10,Sert,64
HPSI0115i,HPSI0115i-timk_4,D52,pool10,U_Neur1,1450
HPSI0115i,HPSI0115i-timk_4,D52,pool10,U_Neur3,80
HPSI0115i,HPSI0115i-uupc_2,D11,pool7,FPP,40
HPSI0115i,HPSI0115i-uupc_2,D11,pool7,NB,3
HPSI0115i,HPSI0115i-uupc_2,D11,pool7,P_FPP,26
HPSI0115i,HPSI0115i-uupc_2,D30,pool7,DA,87
HPSI0115i,HPSI0115i-uupc_2,D30,pool7,Epen1,19
HPSI0115i,HPSI0115i-uupc_2,D30,pool7,FPP,32
HPSI0115i,HPSI0115i-uupc_2,D30,pool7,P_FPP,15
HPSI0115i,HPSI0115i-uupc_2,D30,pool7,Sert,28
HPSI0115i,HPSI0115i-uupc_2,D30,pool7,U_Neur1,5
HPSI0115i,HPSI0115i-uupc_2,D52,pool7,Astro,2
HPSI0115i,HPSI0115i-uupc_2,D52,pool7,DA,64
HPSI0115i,HPSI0115i-uupc_2,D52,pool7,Epen1,24
HPSI0115i,HPSI0115i-uupc_2,D52,pool7,FPP,15
HPSI0115i,HPSI0115i-uupc_2,D52,pool7,Sert,32
HPSI0115i,HPSI0115i-uupc_2,D52,pool7,U_Neur1,3
HPSI0115i,HPSI0115i-uupc_2,D52,pool7,U_Neur3,4
HPSI0115i,HPSI0115i-zihe_1,D11,pool6,FPP,438
HPSI0115i,HPSI0115i-zihe_1,D11,pool6,NB,73
HPSI0115i,HPSI0115i-zihe_1,D11,pool6,P_FPP,300
HPSI0115i,HPSI0115i-zihe_1,D30,pool6,DA,1
HPSI0115i,HPSI0115i-zihe_1,D30,pool6,Epen1,73
HPSI0115i,HPSI0115i-zihe_1,D30,pool6,FPP,69
HPSI0115i,HPSI0115i-zihe_1,D30,pool6,P_FPP,11
HPSI0115i,HPSI0115i-zihe_1,D30,pool6,Sert,8
HPSI0115i,HPSI0115i-zihe_1,D30,pool6,U_Neur1,7
HPSI0115i,HPSI0115i-zihe_1,D52,pool6,Astro,9
HPSI0115i,HPSI0115i-zihe_1,D52,pool6,DA,1
HPSI0115i,HPSI0115i-zihe_1,D52,pool6,Epen1,130
HPSI0115i,HPSI0115i-zihe_1,D52,pool6,Epen2,4
HPSI0115i,HPSI0115i-zihe_1,D52,pool6,FPP,28
HPSI0115i,HPSI0115i-zihe_1,D52,pool6,P_FPP,8
HPSI0115i,HPSI0115i-zihe_1,D52,pool6,Sert,4
HPSI0115i,HPSI0115i-zihe_1,D52,pool6,U_Neur1,5
HPSI0213i,HPSI0213i-nawk_55,D52,pool14,Astro,34
HPSI0213i,HPSI0213i-nawk_55,D52,pool14,DA,18
HPSI0213i,HPSI0213i-nawk_55,D52,pool14,Epen1,1
HPSI0213i,HPSI0213i-nawk_55,D52,pool14,FPP,13
HPSI0213i,HPSI0213i-nawk_55,D52,pool14,Sert,180
HPSI0213i,HPSI0213i-nawk_55,D52,pool14,U_Neur1,2
HPSI0213i,HPSI0213i-nawk_55,D52,pool14,U_Neur3,36
HPSI0214i,HPSI0214i-datg_2,D11,pool9,FPP,2101
HPSI0214i,HPSI0214i-datg_2,D11,pool9,NB,1
HPSI0214i,HPSI0214i-datg_2,D11,pool9,P_FPP,2098
HPSI0214i,HPSI0214i-datg_2,D30,pool9,DA,1217
HPSI0214i,HPSI0214i-datg_2,D30,pool9,Epen1,95
HPSI0214i,HPSI0214i-datg_2,D30,pool9,FPP,596
HPSI0214i,HPSI0214i-datg_2,D30,pool9,P_FPP,240
HPSI0214i,HPSI0214i-datg_2,D30,pool9,Sert,584
HPSI0214i,HPSI0214i-datg_2,D30,pool9,U_Neur1,112
HPSI0214i,HPSI0214i-datg_2,D30,pool9,U_Neur2,1
HPSI0214i,HPSI0214i-datg_2,D52,pool9,Astro,15
HPSI0214i,HPSI0214i-datg_2,D52,pool9,DA,438
HPSI0214i,HPSI0214i-datg_2,D52,pool9,Epen1,363
HPSI0214i,HPSI0214i-datg_2,D52,pool9,Epen2,35
HPSI0214i,HPSI0214i-datg_2,D52,pool9,FPP,538
HPSI0214i,HPSI0214i-datg_2,D52,pool9,P_FPP,67
HPSI0214i,HPSI0214i-datg_2,D52,pool9,P_Sert,16
HPSI0214i,HPSI0214i-datg_2,D52,pool9,Sert,409
HPSI0214i,HPSI0214i-datg_2,D52,pool9,U_Neur1,20
HPSI0214i,HPSI0214i-datg_2,D52,pool9,U_Neur3,11
HPSI0214i,HPSI0214i-eiwy_1,D11,pool1,FPP,841
HPSI0214i,HPSI0214i-eiwy_1,D11,pool1,NB,4
HPSI0214i,HPSI0214i-eiwy_1,D11,pool1,P_FPP,589
HPSI0214i,HPSI0214i-eiwy_1,D30,pool1,DA,103
HPSI0214i,HPSI0214i-eiwy_1,D30,pool1,Epen1,4
HPSI0214i,HPSI0214i-eiwy_1,D30,pool1,FPP,21
HPSI0214i,HPSI0214i-eiwy_1,D30,pool1,P_FPP,18
HPSI0214i,HPSI0214i-eiwy_1,D30,pool1,Sert,89
HPSI0214i,HPSI0214i-eiwy_1,D30,pool1,U_Neur1,5
HPSI0214i,HPSI0214i-eiwy_1,D30,pool1,U_Neur2,1
HPSI0214i,HPSI0214i-eiwy_1,D52,pool1,Astro,197
HPSI0214i,HPSI0214i-eiwy_1,D52,pool1,DA,69
HPSI0214i,HPSI0214i-eiwy_1,D52,pool1,Epen1,17
HPSI0214i,HPSI0214i-eiwy_1,D52,pool1,Epen2,1
HPSI0214i,HPSI0214i-eiwy_1,D52,pool1,FPP,28
HPSI0214i,HPSI0214i-eiwy_1,D52,pool1,P_FPP,44
HPSI0214i,HPSI0214i-eiwy_1,D52,pool1,P_Sert,6
HPSI0214i,HPSI0214i-eiwy_1,D52,pool1,Sert,430
HPSI0214i,HPSI0214i-eiwy_1,D52,pool1,U_Neur1,9
HPSI0214i,HPSI0214i-eiwy_1,D52,pool1,U_Neur3,29
HPSI0214i,HPSI0214i-feec_2,D11,pool4,FPP,459
HPSI0214i,HPSI0214i-feec_2,D11,pool4,NB,183
HPSI0214i,HPSI0214i-feec_2,D11,pool4,P_FPP,228
HPSI0214i,HPSI0214i-feec_2,D11,pool5,FPP,185
HPSI0214i,HPSI0214i-feec_2,D11,pool5,NB,41
HPSI0214i,HPSI0214i-feec_2,D11,pool5,P_FPP,95
HPSI0214i,HPSI0214i-feec_2,D30,pool4,DA,116
HPSI0214i,HPSI0214i-feec_2,D30,pool4,Epen1,109
HPSI0214i,HPSI0214i-feec_2,D30,pool4,FPP,168
HPSI0214i,HPSI0214i-feec_2,D30,pool4,P_FPP,49
HPSI0214i,HPSI0214i-feec_2,D30,pool4,Sert,3
HPSI0214i,HPSI0214i-feec_2,D30,pool4,U_Neur1,245
HPSI0214i,HPSI0214i-feec_2,D30,pool4,U_Neur2,12
HPSI0214i,HPSI0214i-feec_2,D30,pool5,DA,37
HPSI0214i,HPSI0214i-feec_2,D30,pool5,Epen1,24
HPSI0214i,HPSI0214i-feec_2,D30,pool5,FPP,64
HPSI0214i,HPSI0214i-feec_2,D30,pool5,P_FPP,12
HPSI0214i,HPSI0214i-feec_2,D30,pool5,Sert,9
HPSI0214i,HPSI0214i-feec_2,D30,pool5,U_Neur1,45
HPSI0214i,HPSI0214i-feec_2,D30,pool5,U_Neur2,1
HPSI0214i,HPSI0214i-feec_2,D52,pool4,Astro,908
HPSI0214i,HPSI0214i-feec_2,D52,pool4,DA,80
HPSI0214i,HPSI0214i-feec_2,D52,pool4,Epen1,167
HPSI0214i,HPSI0214i-feec_2,D52,pool4,Epen2,5
HPSI0214i,HPSI0214i-feec_2,D52,pool4,FPP,133
HPSI0214i,HPSI0214i-feec_2,D52,pool4,P_FPP,183
HPSI0214i,HPSI0214i-feec_2,D52,pool4,U_Neur1,291
HPSI0214i,HPSI0214i-feec_2,D52,pool4,U_Neur3,3
HPSI0214i,HPSI0214i-feec_2,D52,pool5,Astro,134
HPSI0214i,HPSI0214i-feec_2,D52,pool5,DA,11
HPSI0214i,HPSI0214i-feec_2,D52,pool5,Epen1,39
HPSI0214i,HPSI0214i-feec_2,D52,pool5,Epen2,1
HPSI0214i,HPSI0214i-feec_2,D52,pool5,FPP,31
HPSI0214i,HPSI0214i-feec_2,D52,pool5,P_FPP,21
HPSI0214i,HPSI0214i-feec_2,D52,pool5,U_Neur1,37
HPSI0214i,HPSI0214i-giju_3,D11,pool4,FPP,571
HPSI0214i,HPSI0214i-giju_3,D11,pool4,P_FPP,486
HPSI0214i,HPSI0214i-giju_3,D30,pool4,DA,574
HPSI0214i,HPSI0214i-giju_3,D30,pool4,Epen1,40
HPSI0214i,HPSI0214i-giju_3,D30,pool4,FPP,184
HPSI0214i,HPSI0214i-giju_3,D30,pool4,P_FPP,127
HPSI0214i,HPSI0214i-giju_3,D30,pool4,Sert,784
HPSI0214i,HPSI0214i-giju_3,D30,pool4,U_Neur1,25
HPSI0214i,HPSI0214i-giju_3,D30,pool4,U_Neur2,1
HPSI0214i,HPSI0214i-giju_3,D52,pool4,Astro,19
HPSI0214i,HPSI0214i-giju_3,D52,pool4,DA,447
HPSI0214i,HPSI0214i-giju_3,D52,pool4,Epen1,92
HPSI0214i,HPSI0214i-giju_3,D52,pool4,FPP,196
HPSI0214i,HPSI0214i-giju_3,D52,pool4,P_FPP,40
HPSI0214i,HPSI0214i-giju_3,D52,pool4,P_Sert,11
HPSI0214i,HPSI0214i-giju_3,D52,pool4,Sert,1683
HPSI0214i,HPSI0214i-giju_3,D52,pool4,U_Neur1,33
HPSI0214i,HPSI0214i-giju_3,D52,pool4,U_Neur3,128
HPSI0214i,HPSI0214i-heth_1,D11,pool6,FPP,667
HPSI0214i,HPSI0214i-heth_1,D11,pool6,NB,119
HPSI0214i,HPSI0214i-heth_1,D11,pool6,P_FPP,467
HPSI0214i,HPSI0214i-heth_1,D30,pool6,DA,9
HPSI0214i,HPSI0214i-heth_1,D30,pool6,Epen1,180
HPSI0214i,HPSI0214i-heth_1,D30,pool6,FPP,290
HPSI0214i,HPSI0214i-heth_1,D30,pool6,P_FPP,67
HPSI0214i,HPSI0214i-heth_1,D30,pool6,Sert,14
HPSI0214i,HPSI0214i-heth_1,D30,pool6,U_Neur1,36
HPSI0214i,HPSI0214i-heth_1,D52,pool16,Astro,1993
HPSI0214i,HPSI0214i-heth_1,D52,pool16,DA,182
HPSI0214i,HPSI0214i-heth_1,D52,pool16,Epen1,341
HPSI0214i,HPSI0214i-heth_1,D52,pool16,Epen2,10
HPSI0214i,HPSI0214i-heth_1,D52,pool16,FPP,445
HPSI0214i,HPSI0214i-heth_1,D52,pool16,P_FPP,547
HPSI0214i,HPSI0214i-heth_1,D52,pool16,Sert,1
HPSI0214i,HPSI0214i-heth_1,D52,pool16,U_Neur1,756
HPSI0214i,HPSI0214i-heth_1,D52,pool16,U_Neur3,11
HPSI0214i,HPSI0214i-heth_1,D52,pool6,Astro,41
HPSI0214i,HPSI0214i-heth_1,D52,pool6,DA,11
HPSI0214i,HPSI0214i-heth_1,D52,pool6,Epen1,575
HPSI0214i,HPSI0214i-heth_1,D52,pool6,Epen2,28
HPSI0214i,HPSI0214i-heth_1,D52,pool6,FPP,100
HPSI0214i,HPSI0214i-heth_1,D52,pool6,P_FPP,22
HPSI0214i,HPSI0214i-heth_1,D52,pool6,Sert,8
HPSI0214i,HPSI0214i-heth_1,D52,pool6,U_Neur1,7
HPSI0214i,HPSI0214i-heth_1,D52,pool6,U_Neur3,5
HPSI0214i,HPSI0214i-kucg_2,D30,pool10,DA,71
HPSI0214i,HPSI0214i-kucg_2,D30,pool10,Epen1,225
HPSI0214i,HPSI0214i-kucg_2,D30,pool10,FPP,164
HPSI0214i,HPSI0214i-kucg_2,D30,pool10,P_FPP,30
HPSI0214i,HPSI0214i-kucg_2,D30,pool10,Sert,27
HPSI0214i,HPSI0214i-kucg_2,D30,pool10,U_Neur1,35
HPSI0214i,HPSI0214i-kucg_2,D30,pool10,U_Neur2,2
HPSI0214i,HPSI0214i-kucg_2,D52,pool10,Astro,207
HPSI0214i,HPSI0214i-kucg_2,D52,pool10,DA,78
HPSI0214i,HPSI0214i-kucg_2,D52,pool10,Epen1,510
HPSI0214i,HPSI0214i-kucg_2,D52,pool10,Epen2,9
HPSI0214i,HPSI0214i-kucg_2,D52,pool10,FPP,107
HPSI0214i,HPSI0214i-kucg_2,D52,pool10,P_FPP,68
HPSI0214i,HPSI0214i-kucg_2,D52,pool10,Sert,9
HPSI0214i,HPSI0214i-kucg_2,D52,pool10,U_Neur1,29
HPSI0214i,HPSI0214i-kucg_2,D52,pool10,U_Neur3,22
HPSI0214i,HPSI0214i-pelm_3,D11,pool2,FPP,1615
HPSI0214i,HPSI0214i-pelm_3,D11,pool2,NB,72
HPSI0214i,HPSI0214i-pelm_3,D11,pool2,P_FPP,1139
HPSI0214i,HPSI0214i-pelm_3,D11,pool3,FPP,1128
HPSI0214i,HPSI0214i-pelm_3,D11,pool3,NB,6
HPSI0214i,HPSI0214i-pelm_3,D11,pool3,P_FPP,963
HPSI0214i,HPSI0214i-pelm_3,D30,pool2,DA,2070
HPSI0214i,HPSI0214i-pelm_3,D30,pool2,Epen1,130
HPSI0214i,HPSI0214i-pelm_3,D30,pool2,FPP,347
HPSI0214i,HPSI0214i-pelm_3,D30,pool2,P_FPP,132
HPSI0214i,HPSI0214i-pelm_3,D30,pool2,Sert,1028
HPSI0214i,HPSI0214i-pelm_3,D30,pool2,U_Neur1,54
HPSI0214i,HPSI0214i-pelm_3,D30,pool2,U_Neur2,4
HPSI0214i,HPSI0214i-pelm_3,D30,pool3,DA,512
HPSI0214i,HPSI0214i-pelm_3,D30,pool3,Epen1,55
HPSI0214i,HPSI0214i-pelm_3,D30,pool3,FPP,111
HPSI0214i,HPSI0214i-pelm_3,D30,pool3,P_FPP,66
HPSI0214i,HPSI0214i-pelm_3,D30,pool3,Sert,555
HPSI0214i,HPSI0214i-pelm_3,D30,pool3,U_Neur1,21
HPSI0214i,HPSI0214i-pelm_3,D52,pool2,Astro,1389
HPSI0214i,HPSI0214i-pelm_3,D52,pool2,DA,1527
HPSI0214i,HPSI0214i-pelm_3,D52,pool2,Epen1,455
HPSI0214i,HPSI0214i-pelm_3,D52,pool2,Epen2,10
HPSI0214i,HPSI0214i-pelm_3,D52,pool2,FPP,799
HPSI0214i,HPSI0214i-pelm_3,D52,pool2,P_FPP,311
HPSI0214i,HPSI0214i-pelm_3,D52,pool2,P_Sert,60
HPSI0214i,HPSI0214i-pelm_3,D52,pool2,Sert,2025
HPSI0214i,HPSI0214i-pelm_3,D52,pool2,U_Neur1,168
HPSI0214i,HPSI0214i-pelm_3,D52,pool2,U_Neur3,85
HPSI0214i,HPSI0214i-pelm_3,D52,pool3,Astro,360
HPSI0214i,HPSI0214i-pelm_3,D52,pool3,DA,640
HPSI0214i,HPSI0214i-pelm_3,D52,pool3,Epen1,538
HPSI0214i,HPSI0214i-pelm_3,D52,pool3,Epen2,4
HPSI0214i,HPSI0214i-pelm_3,D52,pool3,FPP,625
HPSI0214i,HPSI0214i-pelm_3,D52,pool3,P_FPP,153
HPSI0214i,HPSI0214i-pelm_3,D52,pool3,P_Sert,87
HPSI0214i,HPSI0214i-pelm_3,D52,pool3,Sert,3186
HPSI0214i,HPSI0214i-pelm_3,D52,pool3,U_Neur1,33
HPSI0214i,HPSI0214i-pelm_3,D52,pool3,U_Neur3,103
HPSI0214i,HPSI0214i-poih_2,D11,pool5,FPP,3642
HPSI0214i,HPSI0214i-poih_2,D11,pool5,NB,12
HPSI0214i,HPSI0214i-poih_2,D11,pool5,P_FPP,2716
HPSI0214i,HPSI0214i-poih_2,D30,pool5,DA,1970
HPSI0214i,HPSI0214i-poih_2,D30,pool5,Epen1,120
HPSI0214i,HPSI0214i-poih_2,D30,pool5,FPP,389
HPSI0214i,HPSI0214i-poih_2,D30,pool5,P_FPP,109
HPSI0214i,HPSI0214i-poih_2,D30,pool5,Sert,816
HPSI0214i,HPSI0214i-poih_2,D30,pool5,U_Neur1,49
HPSI0214i,HPSI0214i-poih_2,D30,pool5,U_Neur2,6
HPSI0214i,HPSI0214i-poih_2,D52,pool5,Astro,134
HPSI0214i,HPSI0214i-poih_2,D52,pool5,DA,1615
HPSI0214i,HPSI0214i-poih_2,D52,pool5,Epen1,477
HPSI0214i,HPSI0214i-poih_2,D52,pool5,Epen2,16
HPSI0214i,HPSI0214i-poih_2,D52,pool5,FPP,300
HPSI0214i,HPSI0214i-poih_2,D52,pool5,P_FPP,37
HPSI0214i,HPSI0214i-poih_2,D52,pool5,P_Sert,18
HPSI0214i,HPSI0214i-poih_2,D52,pool5,Sert,738
HPSI0214i,HPSI0214i-poih_2,D52,pool5,U_Neur1,93
HPSI0214i,HPSI0214i-poih_2,D52,pool5,U_Neur3,136
HPSI0214i,HPSI0214i-rayr_1,D11,pool2,FPP,417
HPSI0214i,HPSI0214i-rayr_1,D11,pool2,NB,12
HPSI0214i,HPSI0214i-rayr_1,D11,pool2,P_FPP,275
HPSI0214i,HPSI0214i-rayr_1,D30,pool2,DA,416
HPSI0214i,HPSI0214i-rayr_1,D30,pool2,Epen1,15
HPSI0214i,HPSI0214i-rayr_1,D30,pool2,FPP,24
HPSI0214i,HPSI0214i-rayr_1,D30,pool2,P_FPP,8
HPSI0214i,HPSI0214i-rayr_1,D30,pool2,Sert,44
HPSI0214i,HPSI0214i-rayr_1,D30,pool2,U_Neur1,2
HPSI0214i,HPSI0214i-rayr_1,D52,pool2,Astro,5
HPSI0214i,HPSI0214i-rayr_1,D52,pool2,DA,251
HPSI0214i,HPSI0214i-rayr_1,D52,pool2,Epen1,47
HPSI0214i,HPSI0214i-rayr_1,D52,pool2,Epen2,2
HPSI0214i,HPSI0214i-rayr_1,D52,pool2,FPP,51
HPSI0214i,HPSI0214i-rayr_1,D52,pool2,P_FPP,13
HPSI0214i,HPSI0214i-rayr_1,D52,pool2,P_Sert,1
HPSI0214i,HPSI0214i-rayr_1,D52,pool2,Sert,75
HPSI0214i,HPSI0214i-rayr_1,D52,pool2,U_Neur1,3
HPSI0214i,HPSI0214i-rayr_1,D52,pool2,U_Neur3,10
HPSI0215i,HPSI0215i-deyz_2,D11,pool4,FPP,878
HPSI0215i,HPSI0215i-deyz_2,D11,pool4,NB,1
HPSI0215i,HPSI0215i-deyz_2,D11,pool4,P_FPP,658
HPSI0215i,HPSI0215i-deyz_2,D30,pool4,DA,1969
HPSI0215i,HPSI0215i-deyz_2,D30,pool4,Epen1,232
HPSI0215i,HPSI0215i-deyz_2,D30,pool4,FPP,1377
HPSI0215i,HPSI0215i-deyz_2,D30,pool4,P_FPP,496
HPSI0215i,HPSI0215i-deyz_2,D30,pool4,Sert,2049
HPSI0215i,HPSI0215i-deyz_2,D30,pool4,U_Neur1,114
HPSI0215i,HPSI0215i-deyz_2,D30,pool4,U_Neur2,1
HPSI0215i,HPSI0215i-deyz_2,D52,pool4,Astro,62
HPSI0215i,HPSI0215i-deyz_2,D52,pool4,DA,2732
HPSI0215i,HPSI0215i-deyz_2,D52,pool4,Epen1,663
HPSI0215i,HPSI0215i-deyz_2,D52,pool4,Epen2,22
HPSI0215i,HPSI0215i-deyz_2,D52,pool4,FPP,2771
HPSI0215i,HPSI0215i-deyz_2,D52,pool4,P_FPP,402
HPSI0215i,HPSI0215i-deyz_2,D52,pool4,P_Sert,88
HPSI0215i,HPSI0215i-deyz_2,D52,pool4,Sert,4339
HPSI0215i,HPSI0215i-deyz_2,D52,pool4,U_Neur1,67
HPSI0215i,HPSI0215i-deyz_2,D52,pool4,U_Neur3,321
HPSI0215i,HPSI0215i-fawm_2,D11,pool4,FPP,787
HPSI0215i,HPSI0215i-fawm_2,D11,pool4,P_FPP,546
HPSI0215i,HPSI0215i-fawm_2,D30,pool4,DA,473
HPSI0215i,HPSI0215i-fawm_2,D30,pool4,Epen1,1
HPSI0215i,HPSI0215i-fawm_2,D30,pool4,FPP,33
HPSI0215i,HPSI0215i-fawm_2,D30,pool4,P_FPP,33
HPSI0215i,HPSI0215i-fawm_2,D30,pool4,Sert,415
HPSI0215i,HPSI0215i-fawm_2,D30,pool4,U_Neur1,1
HPSI0215i,HPSI0215i-fawm_2,D52,pool4,Astro,16
HPSI0215i,HPSI0215i-fawm_2,D52,pool4,DA,414
HPSI0215i,HPSI0215i-fawm_2,D52,pool4,Epen1,64
HPSI0215i,HPSI0215i-fawm_2,D52,pool4,Epen2,3
HPSI0215i,HPSI0215i-fawm_2,D52,pool4,FPP,104
HPSI0215i,HPSI0215i-fawm_2,D52,pool4,P_FPP,23
HPSI0215i,HPSI0215i-fawm_2,D52,pool4,P_Sert,14
HPSI0215i,HPSI0215i-fawm_2,D52,pool4,Sert,862
HPSI0215i,HPSI0215i-fawm_2,D52,pool4,U_Neur3,79
HPSI0215i,HPSI0215i-hipn_1,D11,pool6,FPP,966
HPSI0215i,HPSI0215i-hipn_1,D11,pool6,NB,27
HPSI0215i,HPSI0215i-hipn_1,D11,pool6,P_FPP,858
HPSI0215i,HPSI0215i-hipn_1,D11,pool7,FPP,160
HPSI0215i,HPSI0215i-hipn_1,D11,pool7,NB,3
HPSI0215i,HPSI0215i-hipn_1,D11,pool7,P_FPP,96
HPSI0215i,HPSI0215i-hipn_1,D30,pool6,DA,95
HPSI0215i,HPSI0215i-hipn_1,D30,pool6,Epen1,107
HPSI0215i,HPSI0215i-hipn_1,D30,pool6,FPP,145
HPSI0215i,HPSI0215i-hipn_1,D30,pool6,P_FPP,60
HPSI0215i,HPSI0215i-hipn_1,D30,pool6,Sert,92
HPSI0215i,HPSI0215i-hipn_1,D30,pool6,U_Neur1,20
HPSI0215i,HPSI0215i-hipn_1,D30,pool7,DA,786
HPSI0215i,HPSI0215i-hipn_1,D30,pool7,Epen1,70
HPSI0215i,HPSI0215i-hipn_1,D30,pool7,FPP,171
HPSI0215i,HPSI0215i-hipn_1,D30,pool7,P_FPP,57
HPSI0215i,HPSI0215i-hipn_1,D30,pool7,Sert,56
HPSI0215i,HPSI0215i-hipn_1,D30,pool7,U_Neur1,41
HPSI0215i,HPSI0215i-hipn_1,D52,pool6,Astro,49
HPSI0215i,HPSI0215i-hipn_1,D52,pool6,DA,27
HPSI0215i,HPSI0215i-hipn_1,D52,pool6,Epen1,345
HPSI0215i,HPSI0215i-hipn_1,D52,pool6,Epen2,22
HPSI0215i,HPSI0215i-hipn_1,D52,pool6,FPP,112
HPSI0215i,HPSI0215i-hipn_1,D52,pool6,P_FPP,25
HPSI0215i,HPSI0215i-hipn_1,D52,pool6,P_Sert,3
HPSI0215i,HPSI0215i-hipn_1,D52,pool6,Sert,123
HPSI0215i,HPSI0215i-hipn_1,D52,pool6,U_Neur1,3
HPSI0215i,HPSI0215i-hipn_1,D52,pool6,U_Neur3,3
HPSI0215i,HPSI0215i-hipn_1,D52,pool7,Astro,31
HPSI0215i,HPSI0215i-hipn_1,D52,pool7,DA,471
HPSI0215i,HPSI0215i-hipn_1,D52,pool7,Epen1,248
HPSI0215i,HPSI0215i-hipn_1,D52,pool7,Epen2,5
HPSI0215i,HPSI0215i-hipn_1,D52,pool7,FPP,125
HPSI0215i,HPSI0215i-hipn_1,D52,pool7,P_FPP,23
HPSI0215i,HPSI0215i-hipn_1,D52,pool7,P_Sert,3
HPSI0215i,HPSI0215i-hipn_1,D52,pool7,Sert,67
HPSI0215i,HPSI0215i-hipn_1,D52,pool7,U_Neur1,38
HPSI0215i,HPSI0215i-hipn_1,D52,pool7,U_Neur3,12
HPSI0215i,HPSI0215i-oilg_1,D11,pool9,FPP,1150
HPSI0215i,HPSI0215i-oilg_1,D11,pool9,NB,214
HPSI0215i,HPSI0215i-oilg_1,D11,pool9,P_FPP,829
HPSI0215i,HPSI0215i-oilg_1,D30,pool9,DA,116
HPSI0215i,HPSI0215i-oilg_1,D30,pool9,Epen1,458
HPSI0215i,HPSI0215i-oilg_1,D30,pool9,FPP,608
HPSI0215i,HPSI0215i-oilg_1,D30,pool9,P_FPP,95
HPSI0215i,HPSI0215i-oilg_1,D30,pool9,Sert,20
HPSI0215i,HPSI0215i-oilg_1,D30,pool9,U_Neur1,236
HPSI0215i,HPSI0215i-oilg_1,D30,pool9,U_Neur2,6
HPSI0215i,HPSI0215i-oilg_1,D52,pool9,Astro,253
HPSI0215i,HPSI0215i-oilg_1,D52,pool9,DA,41
HPSI0215i,HPSI0215i-oilg_1,D52,pool9,Epen1,453
HPSI0215i,HPSI0215i-oilg_1,D52,pool9,Epen2,18
HPSI0215i,HPSI0215i-oilg_1,D52,pool9,FPP,77
HPSI0215i,HPSI0215i-oilg_1,D52,pool9,P_FPP,51
HPSI0215i,HPSI0215i-oilg_1,D52,pool9,P_Sert,1
HPSI0215i,HPSI0215i-oilg_1,D52,pool9,Sert,25
HPSI0215i,HPSI0215i-oilg_1,D52,pool9,U_Neur1,67
HPSI0215i,HPSI0215i-oilg_1,D52,pool9,U_Neur3,11
HPSI0215i,HPSI0215i-romx_1,D11,pool8,FPP,1270
HPSI0215i,HPSI0215i-romx_1,D11,pool8,NB,209
HPSI0215i,HPSI0215i-romx_1,D11,pool8,P_FPP,1024
HPSI0215i,HPSI0215i-romx_1,D30,pool8,DA,75
HPSI0215i,HPSI0215i-romx_1,D30,pool8,Epen1,441
HPSI0215i,HPSI0215i-romx_1,D30,pool8,FPP,580
HPSI0215i,HPSI0215i-romx_1,D30,pool8,P_FPP,110
HPSI0215i,HPSI0215i-romx_1,D30,pool8,Sert,50
HPSI0215i,HPSI0215i-romx_1,D30,pool8,U_Neur1,164
HPSI0215i,HPSI0215i-romx_1,D30,pool8,U_Neur2,1
HPSI0215i,HPSI0215i-romx_1,D52,pool8,Astro,554
HPSI0215i,HPSI0215i-romx_1,D52,pool8,DA,163
HPSI0215i,HPSI0215i-romx_1,D52,pool8,Epen1,1457
HPSI0215i,HPSI0215i-romx_1,D52,pool8,Epen2,58
HPSI0215i,HPSI0215i-romx_1,D52,pool8,FPP,300
HPSI0215i,HPSI0215i-romx_1,D52,pool8,P_FPP,194
HPSI0215i,HPSI0215i-romx_1,D52,pool8,Sert,82
HPSI0215i,HPSI0215i-romx_1,D52,pool8,U_Neur1,141
HPSI0215i,HPSI0215i-romx_1,D52,pool8,U_Neur3,31
HPSI0215i,HPSI0215i-uiao_2,D11,pool7,FPP,102
HPSI0215i,HPSI0215i-uiao_2,D11,pool7,NB,8
HPSI0215i,HPSI0215i-uiao_2,D11,pool7,P_FPP,52
HPSI0215i,HPSI0215i-uiao_2,D30,pool7,DA,387
HPSI0215i,HPSI0215i-uiao_2,D30,pool7,Epen1,274
HPSI0215i,HPSI0215i-uiao_2,D30,pool7,FPP,376
HPSI0215i,HPSI0215i-uiao_2,D30,pool7,P_FPP,154
HPSI0215i,HPSI0215i-uiao_2,D30,pool7,Sert,524
HPSI0215i,HPSI0215i-uiao_2,D30,pool7,U_Neur1,163
HPSI0215i,HPSI0215i-uiao_2,D30,pool7,U_Neur2,4
HPSI0215i,HPSI0215i-uiao_2,D52,pool7,Astro,989
HPSI0215i,HPSI0215i-uiao_2,D52,pool7,DA,467
HPSI0215i,HPSI0215i-uiao_2,D52,pool7,Epen1,498
HPSI0215i,HPSI0215i-uiao_2,D52,pool7,Epen2,12
HPSI0215i,HPSI0215i-uiao_2,D52,pool7,FPP,609
HPSI0215i,HPSI0215i-uiao_2,D52,pool7,P_FPP,251
HPSI0215i,HPSI0215i-uiao_2,D52,pool7,P_Sert,9
HPSI0215i,HPSI0215i-uiao_2,D52,pool7,Sert,740
HPSI0215i,HPSI0215i-uiao_2,D52,pool7,U_Neur1,126
HPSI0215i,HPSI0215i-uiao_2,D52,pool7,U_Neur3,136
HPSI0215i,HPSI0215i-yoch_6,D11,pool6,FPP,1219
HPSI0215i,HPSI0215i-yoch_6,D11,pool6,NB,145
HPSI0215i,HPSI0215i-yoch_6,D11,pool6,P_FPP,1038
HPSI0215i,HPSI0215i-yoch_6,D30,pool6,DA,24
HPSI0215i,HPSI0215i-yoch_6,D30,pool6,Epen1,587
HPSI0215i,HPSI0215i-yoch_6,D30,pool6,FPP,566
HPSI0215i,HPSI0215i-yoch_6,D30,pool6,P_FPP,59
HPSI0215i,HPSI0215i-yoch_6,D30,pool6,Sert,37
HPSI0215i,HPSI0215i-yoch_6,D30,pool6,U_Neur1,51
HPSI0215i,HPSI0215i-yoch_6,D30,pool6,U_Neur2,1
HPSI0215i,HPSI0215i-yoch_6,D52,pool6,Astro,51
HPSI0215i,HPSI0215i-yoch_6,D52,pool6,DA,16
HPSI0215i,HPSI0215i-yoch_6,D52,pool6,Epen1,931
HPSI0215i,HPSI0215i-yoch_6,D52,pool6,Epen2,24
HPSI0215i,HPSI0215i-yoch_6,D52,pool6,FPP,146
HPSI0215i,HPSI0215i-yoch_6,D52,pool6,P_FPP,23
HPSI0215i,HPSI0215i-yoch_6,D52,pool6,P_Sert,1
HPSI0215i,HPSI0215i-yoch_6,D52,pool6,Sert,21
HPSI0215i,HPSI0215i-yoch_6,D52,pool6,U_Neur1,26
HPSI0215i,HPSI0215i-yoch_6,D52,pool6,U_Neur3,3
HPSI0215i,HPSI0215i-zett_5,D11,pool8,FPP,1371
HPSI0215i,HPSI0215i-zett_5,D11,pool8,NB,2
HPSI0215i,HPSI0215i-zett_5,D11,pool8,P_FPP,1435
HPSI0215i,HPSI0215i-zett_5,D11,pool9,FPP,1205
HPSI0215i,HPSI0215i-zett_5,D11,pool9,NB,3
HPSI0215i,HPSI0215i-zett_5,D11,pool9,P_FPP,1294
HPSI0215i,HPSI0215i-zett_5,D30,pool8,DA,346
HPSI0215i,HPSI0215i-zett_5,D30,pool8,Epen1,168
HPSI0215i,HPSI0215i-zett_5,D30,pool8,FPP,521
HPSI0215i,HPSI0215i-zett_5,D30,pool8,P_FPP,620
HPSI0215i,HPSI0215i-zett_5,D30,pool8,Sert,2104
HPSI0215i,HPSI0215i-zett_5,D30,pool8,U_Neur1,31
HPSI0215i,HPSI0215i-zett_5,D30,pool9,DA,395
HPSI0215i,HPSI0215i-zett_5,D30,pool9,Epen1,138
HPSI0215i,HPSI0215i-zett_5,D30,pool9,FPP,381
HPSI0215i,HPSI0215i-zett_5,D30,pool9,P_FPP,613
HPSI0215i,HPSI0215i-zett_5,D30,pool9,Sert,1901
HPSI0215i,HPSI0215i-zett_5,D30,pool9,U_Neur1,41
HPSI0215i,HPSI0215i-zett_5,D52,pool8,Astro,9
HPSI0215i,HPSI0215i-zett_5,D52,pool8,DA,481
HPSI0215i,HPSI0215i-zett_5,D52,pool8,Epen1,365
HPSI0215i,HPSI0215i-zett_5,D52,pool8,Epen2,5
HPSI0215i,HPSI0215i-zett_5,D52,pool8,FPP,634
HPSI0215i,HPSI0215i-zett_5,D52,pool8,P_FPP,68
HPSI0215i,HPSI0215i-zett_5,D52,pool8,P_Sert,117
HPSI0215i,HPSI0215i-zett_5,D52,pool8,Sert,8905
HPSI0215i,HPSI0215i-zett_5,D52,pool8,U_Neur1,26
HPSI0215i,HPSI0215i-zett_5,D52,pool8,U_Neur3,210
HPSI0215i,HPSI0215i-zett_5,D52,pool9,Astro,11
HPSI0215i,HPSI0215i-zett_5,D52,pool9,DA,175
HPSI0215i,HPSI0215i-zett_5,D52,pool9,Epen1,162
HPSI0215i,HPSI0215i-zett_5,D52,pool9,Epen2,1
HPSI0215i,HPSI0215i-zett_5,D52,pool9,FPP,214
HPSI0215i,HPSI0215i-zett_5,D52,pool9,P_FPP,79
HPSI0215i,HPSI0215i-zett_5,D52,pool9,P_Sert,65
HPSI0215i,HPSI0215i-zett_5,D52,pool9,Sert,3183
HPSI0215i,HPSI0215i-zett_5,D52,pool9,U_Neur1,44
HPSI0215i,HPSI0215i-zett_5,D52,pool9,U_Neur3,83
HPSI0314i,HPSI0314i-bubh_3,D11,pool9,FPP,1220
HPSI0314i,HPSI0314i-bubh_3,D11,pool9,NB,125
HPSI0314i,HPSI0314i-bubh_3,D11,pool9,P_FPP,822
HPSI0314i,HPSI0314i-bubh_3,D30,pool9,DA,38
HPSI0314i,HPSI0314i-bubh_3,D30,pool9,Epen1,359
HPSI0314i,HPSI0314i-bubh_3,D30,pool9,FPP,989
HPSI0314i,HPSI0314i-bubh_3,D30,pool9,P_FPP,93
HPSI0314i,HPSI0314i-bubh_3,D30,pool9,Sert,31
HPSI0314i,HPSI0314i-bubh_3,D30,pool9,U_Neur1,420
HPSI0314i,HPSI0314i-bubh_3,D30,pool9,U_Neur2,33
HPSI0314i,HPSI0314i-bubh_3,D52,pool9,Astro,377
HPSI0314i,HPSI0314i-bubh_3,D52,pool9,DA,33
HPSI0314i,HPSI0314i-bubh_3,D52,pool9,Epen1,117
HPSI0314i,HPSI0314i-bubh_3,D52,pool9,Epen2,7
HPSI0314i,HPSI0314i-bubh_3,D52,pool9,FPP,144
HPSI0314i,HPSI0314i-bubh_3,D52,pool9,P_FPP,41
HPSI0314i,HPSI0314i-bubh_3,D52,pool9,Sert,21
HPSI0314i,HPSI0314i-bubh_3,D52,pool9,U_Neur1,144
HPSI0314i,HPSI0314i-bubh_3,D52,pool9,U_Neur3,1
HPSI0314i,HPSI0314i-cuhk_2,D11,pool4,FPP,563
HPSI0314i,HPSI0314i-cuhk_2,D11,pool4,NB,96
HPSI0314i,HPSI0314i-cuhk_2,D11,pool4,P_FPP,404
HPSI0314i,HPSI0314i-cuhk_2,D30,pool4,DA,562
HPSI0314i,HPSI0314i-cuhk_2,D30,pool4,Epen1,151
HPSI0314i,HPSI0314i-cuhk_2,D30,pool4,FPP,371
HPSI0314i,HPSI0314i-cuhk_2,D30,pool4,P_FPP,104
HPSI0314i,HPSI0314i-cuhk_2,D30,pool4,Sert,179
HPSI0314i,HPSI0314i-cuhk_2,D30,pool4,U_Neur1,170
HPSI0314i,HPSI0314i-cuhk_2,D30,pool4,U_Neur2,16
HPSI0314i,HPSI0314i-cuhk_2,D52,pool4,Astro,1553
HPSI0314i,HPSI0314i-cuhk_2,D52,pool4,DA,482
HPSI0314i,HPSI0314i-cuhk_2,D52,pool4,Epen1,417
HPSI0314i,HPSI0314i-cuhk_2,D52,pool4,Epen2,32
HPSI0314i,HPSI0314i-cuhk_2,D52,pool4,FPP,1002
HPSI0314i,HPSI0314i-cuhk_2,D52,pool4,P_FPP,588
HPSI0314i,HPSI0314i-cuhk_2,D52,pool4,P_Sert,1
HPSI0314i,HPSI0314i-cuhk_2,D52,pool4,Sert,251
HPSI0314i,HPSI0314i-cuhk_2,D52,pool4,U_Neur1,261
HPSI0314i,HPSI0314i-cuhk_2,D52,pool4,U_Neur3,65
HPSI0314i,HPSI0314i-hoik_1,D11,pool9,FPP,514
HPSI0314i,HPSI0314i-hoik_1,D11,pool9,NB,25
HPSI0314i,HPSI0314i-hoik_1,D11,pool9,P_FPP,469
HPSI0314i,HPSI0314i-hoik_1,D30,pool9,DA,96
HPSI0314i,HPSI0314i-hoik_1,D30,pool9,Epen1,272
HPSI0314i,HPSI0314i-hoik_1,D30,pool9,FPP,1557
HPSI0314i,HPSI0314i-hoik_1,D30,pool9,P_FPP,281
HPSI0314i,HPSI0314i-hoik_1,D30,pool9,Sert,48
HPSI0314i,HPSI0314i-hoik_1,D30,pool9,U_Neur1,1280
HPSI0314i,HPSI0314i-hoik_1,D30,pool9,U_Neur2,531
HPSI0314i,HPSI0314i-hoik_1,D52,pool9,Astro,333
HPSI0314i,HPSI0314i-hoik_1,D52,pool9,DA,89
HPSI0314i,HPSI0314i-hoik_1,D52,pool9,Epen1,121
HPSI0314i,HPSI0314i-hoik_1,D52,pool9,Epen2,11
HPSI0314i,HPSI0314i-hoik_1,D52,pool9,FPP,89
HPSI0314i,HPSI0314i-hoik_1,D52,pool9,P_FPP,57
HPSI0314i,HPSI0314i-hoik_1,D52,pool9,P_Sert,1
HPSI0314i,HPSI0314i-hoik_1,D52,pool9,Sert,18
HPSI0314i,HPSI0314i-hoik_1,D52,pool9,U_Neur1,709
HPSI0314i,HPSI0314i-hoik_1,D52,pool9,U_Neur3,1
HPSI0314i,HPSI0314i-qaqx_1,D11,pool11,FPP,60
HPSI0314i,HPSI0314i-qaqx_1,D11,pool11,NB,5
HPSI0314i,HPSI0314i-qaqx_1,D11,pool11,P_FPP,125
HPSI0314i,HPSI0314i-qaqx_1,D11,pool6,FPP,303
HPSI0314i,HPSI0314i-qaqx_1,D11,pool6,NB,7
HPSI0314i,HPSI0314i-qaqx_1,D11,pool6,P_FPP,347
HPSI0314i,HPSI0314i-qaqx_1,D30,pool11,DA,15
HPSI0314i,HPSI0314i-qaqx_1,D30,pool11,Epen1,4
HPSI0314i,HPSI0314i-qaqx_1,D30,pool11,FPP,3
HPSI0314i,HPSI0314i-qaqx_1,D30,pool11,P_FPP,2
HPSI0314i,HPSI0314i-qaqx_1,D30,pool11,Sert,9
HPSI0314i,HPSI0314i-qaqx_1,D30,pool11,U_Neur1,2
HPSI0314i,HPSI0314i-qaqx_1,D30,pool6,DA,31
HPSI0314i,HPSI0314i-qaqx_1,D30,pool6,Epen1,18
HPSI0314i,HPSI0314i-qaqx_1,D30,pool6,FPP,23
HPSI0314i,HPSI0314i-qaqx_1,D30,pool6,P_FPP,24
HPSI0314i,HPSI0314i-qaqx_1,D30,pool6,Sert,114
HPSI0314i,HPSI0314i-qaqx_1,D30,pool6,U_Neur1,5
HPSI0314i,HPSI0314i-qaqx_1,D52,pool11,Astro,23
HPSI0314i,HPSI0314i-qaqx_1,D52,pool11,DA,112
HPSI0314i,HPSI0314i-qaqx_1,D52,pool11,Epen1,19
HPSI0314i,HPSI0314i-qaqx_1,D52,pool11,Epen2,4
HPSI0314i,HPSI0314i-qaqx_1,D52,pool11,FPP,34
HPSI0314i,HPSI0314i-qaqx_1,D52,pool11,P_FPP,4
HPSI0314i,HPSI0314i-qaqx_1,D52,pool11,Sert,31
HPSI0314i,HPSI0314i-qaqx_1,D52,pool11,U_Neur1,12
HPSI0314i,HPSI0314i-qaqx_1,D52,pool11,U_Neur3,3
HPSI0314i,HPSI0314i-qaqx_1,D52,pool6,Astro,5
HPSI0314i,HPSI0314i-qaqx_1,D52,pool6,DA,15
HPSI0314i,HPSI0314i-qaqx_1,D52,pool6,Epen1,29
HPSI0314i,HPSI0314i-qaqx_1,D52,pool6,Epen2,1
HPSI0314i,HPSI0314i-qaqx_1,D52,pool6,FPP,34
HPSI0314i,HPSI0314i-qaqx_1,D52,pool6,P_FPP,7
HPSI0314i,HPSI0314i-qaqx_1,D52,pool6,Sert,117
HPSI0314i,HPSI0314i-qaqx_1,D52,pool6,U_Neur3,1
HPSI0314i,HPSI0314i-sojd_3,D11,pool3,FPP,726
HPSI0314i,HPSI0314i-sojd_3,D11,pool3,NB,108
HPSI0314i,HPSI0314i-sojd_3,D11,pool3,P_FPP,318
HPSI0314i,HPSI0314i-sojd_3,D11,pool4,FPP,376
HPSI0314i,HPSI0314i-sojd_3,D11,pool4,NB,28
HPSI0314i,HPSI0314i-sojd_3,D11,pool4,P_FPP,161
HPSI0314i,HPSI0314i-sojd_3,D30,pool3,DA,44
HPSI0314i,HPSI0314i-sojd_3,D30,pool3,Epen1,309
HPSI0314i,HPSI0314i-sojd_3,D30,pool3,FPP,257
HPSI0314i,HPSI0314i-sojd_3,D30,pool3,P_FPP,36
HPSI0314i,HPSI0314i-sojd_3,D30,pool3,Sert,8
HPSI0314i,HPSI0314i-sojd_3,D30,pool3,U_Neur1,58
HPSI0314i,HPSI0314i-sojd_3,D30,pool3,U_Neur2,1
HPSI0314i,HPSI0314i-sojd_3,D30,pool4,DA,118
HPSI0314i,HPSI0314i-sojd_3,D30,pool4,Epen1,173
HPSI0314i,HPSI0314i-sojd_3,D30,pool4,FPP,146
HPSI0314i,HPSI0314i-sojd_3,D30,pool4,P_FPP,27
HPSI0314i,HPSI0314i-sojd_3,D30,pool4,Sert,27
HPSI0314i,HPSI0314i-sojd_3,D30,pool4,U_Neur1,106
HPSI0314i,HPSI0314i-sojd_3,D30,pool4,U_Neur2,9
HPSI0314i,HPSI0314i-sojd_3,D52,pool3,Astro,1556
HPSI0314i,HPSI0314i-sojd_3,D52,pool3,DA,75
HPSI0314i,HPSI0314i-sojd_3,D52,pool3,Epen1,1364
HPSI0314i,HPSI0314i-sojd_3,D52,pool3,Epen2,11
HPSI0314i,HPSI0314i-sojd_3,D52,pool3,FPP,483
HPSI0314i,HPSI0314i-sojd_3,D52,pool3,P_FPP,267
HPSI0314i,HPSI0314i-sojd_3,D52,pool3,P_Sert,2
HPSI0314i,HPSI0314i-sojd_3,D52,pool3,Sert,40
HPSI0314i,HPSI0314i-sojd_3,D52,pool3,U_Neur1,104
HPSI0314i,HPSI0314i-sojd_3,D52,pool3,U_Neur3,24
HPSI0314i,HPSI0314i-sojd_3,D52,pool4,Astro,132
HPSI0314i,HPSI0314i-sojd_3,D52,pool4,DA,91
HPSI0314i,HPSI0314i-sojd_3,D52,pool4,Epen1,373
HPSI0314i,HPSI0314i-sojd_3,D52,pool4,Epen2,6
HPSI0314i,HPSI0314i-sojd_3,D52,pool4,FPP,141
HPSI0314i,HPSI0314i-sojd_3,D52,pool4,P_FPP,31
HPSI0314i,HPSI0314i-sojd_3,D52,pool4,Sert,18
HPSI0314i,HPSI0314i-sojd_3,D52,pool4,U_Neur1,126
HPSI0314i,HPSI0314i-sojd_3,D52,pool4,U_Neur3,3
HPSI0314i,HPSI0314i-uict_1,D11,pool6,FPP,371
HPSI0314i,HPSI0314i-uict_1,D11,pool6,NB,2
HPSI0314i,HPSI0314i-uict_1,D11,pool6,P_FPP,297
HPSI0314i,HPSI0314i-uict_1,D30,pool6,DA,44
HPSI0314i,HPSI0314i-uict_1,D30,pool6,Epen1,20
HPSI0314i,HPSI0314i-uict_1,D30,pool6,FPP,31
HPSI0314i,HPSI0314i-uict_1,D30,pool6,P_FPP,10
HPSI0314i,HPSI0314i-uict_1,D30,pool6,Sert,71
HPSI0314i,HPSI0314i-uict_1,D30,pool6,U_Neur1,3
HPSI0314i,HPSI0314i-uict_1,D52,pool6,DA,18
HPSI0314i,HPSI0314i-uict_1,D52,pool6,Epen1,51
HPSI0314i,HPSI0314i-uict_1,D52,pool6,Epen2,1
HPSI0314i,HPSI0314i-uict_1,D52,pool6,FPP,18
HPSI0314i,HPSI0314i-uict_1,D52,pool6,P_FPP,5
HPSI0314i,HPSI0314i-uict_1,D52,pool6,Sert,62
HPSI0314i,HPSI0314i-uict_1,D52,pool6,U_Neur1,1
HPSI0314i,HPSI0314i-uict_1,D52,pool6,U_Neur3,1
HPSI0314i,HPSI0314i-wigw_2,D30,pool10,DA,203
HPSI0314i,HPSI0314i-wigw_2,D30,pool10,Epen1,7
HPSI0314i,HPSI0314i-wigw_2,D30,pool10,FPP,15
HPSI0314i,HPSI0314i-wigw_2,D30,pool10,P_FPP,3
HPSI0314i,HPSI0314i-wigw_2,D30,pool10,Sert,11
HPSI0314i,HPSI0314i-wigw_2,D30,pool10,U_Neur1,1
HPSI0314i,HPSI0314i-wigw_2,D52,pool10,Astro,4
HPSI0314i,HPSI0314i-wigw_2,D52,pool10,DA,77
HPSI0314i,HPSI0314i-wigw_2,D52,pool10,Epen1,24
HPSI0314i,HPSI0314i-wigw_2,D52,pool10,Epen2,1
HPSI0314i,HPSI0314i-wigw_2,D52,pool10,FPP,27
HPSI0314i,HPSI0314i-wigw_2,D52,pool10,P_FPP,3
HPSI0314i,HPSI0314i-wigw_2,D52,pool10,Sert,8
HPSI0314i,HPSI0314i-wigw_2,D52,pool10,U_Neur1,3
HPSI0314i,HPSI0314i-wigw_2,D52,pool10,U_Neur3,1
HPSI0314i,HPSI0314i-xagu_1,D11,pool6,FPP,165
HPSI0314i,HPSI0314i-xagu_1,D11,pool6,NB,1
HPSI0314i,HPSI0314i-xagu_1,D11,pool6,P_FPP,152
HPSI0314i,HPSI0314i-xagu_1,D30,pool6,DA,17
HPSI0314i,HPSI0314i-xagu_1,D30,pool6,Epen1,7
HPSI0314i,HPSI0314i-xagu_1,D30,pool6,FPP,14
HPSI0314i,HPSI0314i-xagu_1,D30,pool6,P_FPP,4
HPSI0314i,HPSI0314i-xagu_1,D30,pool6,Sert,30
HPSI0314i,HPSI0314i-xagu_1,D30,pool6,U_Neur1,2
HPSI0314i,HPSI0314i-xagu_1,D52,pool6,Astro,1
HPSI0314i,HPSI0314i-xagu_1,D52,pool6,DA,3
HPSI0314i,HPSI0314i-xagu_1,D52,pool6,Epen1,17
HPSI0314i,HPSI0314i-xagu_1,D52,pool6,FPP,9
HPSI0314i,HPSI0314i-xagu_1,D52,pool6,P_FPP,4
HPSI0314i,HPSI0314i-xagu_1,D52,pool6,P_Sert,1
HPSI0314i,HPSI0314i-xagu_1,D52,pool6,Sert,16
HPSI0314i,HPSI0314i-xagu_1,D52,pool6,U_Neur3,3
HPSI0314i,HPSI0314i-xugn_2,D11,pool8,FPP,877
HPSI0314i,HPSI0314i-xugn_2,D11,pool8,NB,275
HPSI0314i,HPSI0314i-xugn_2,D11,pool8,P_FPP,677
HPSI0314i,HPSI0314i-xugn_2,D30,pool8,DA,44
HPSI0314i,HPSI0314i-xugn_2,D30,pool8,Epen1,243
HPSI0314i,HPSI0314i-xugn_2,D30,pool8,FPP,1141
HPSI0314i,HPSI0314i-xugn_2,D30,pool8,P_FPP,74
HPSI0314i,HPSI0314i-xugn_2,D30,pool8,Sert,17
HPSI0314i,HPSI0314i-xugn_2,D30,pool8,U_Neur1,250
HPSI0314i,HPSI0314i-xugn_2,D52,pool8,Astro,98
HPSI0314i,HPSI0314i-xugn_2,D52,pool8,DA,57
HPSI0314i,HPSI0314i-xugn_2,D52,pool8,Epen1,1152
HPSI0314i,HPSI0314i-xugn_2,D52,pool8,Epen2,52
HPSI0314i,HPSI0314i-xugn_2,D52,pool8,FPP,242
HPSI0314i,HPSI0314i-xugn_2,D52,pool8,P_FPP,65
HPSI0314i,HPSI0314i-xugn_2,D52,pool8,Sert,26
HPSI0314i,HPSI0314i-xugn_2,D52,pool8,U_Neur1,185
HPSI0314i,HPSI0314i-xugn_2,D52,pool8,U_Neur3,7
HPSI0413i,HPSI0413i-corn_1,D30,pool10,DA,40
HPSI0413i,HPSI0413i-corn_1,D30,pool10,FPP,2
HPSI0413i,HPSI0413i-corn_1,D30,pool10,P_FPP,1
HPSI0413i,HPSI0413i-corn_1,D30,pool10,Sert,21
HPSI0413i,HPSI0413i-corn_1,D52,pool10,Astro,1
HPSI0413i,HPSI0413i-corn_1,D52,pool10,DA,44
HPSI0413i,HPSI0413i-corn_1,D52,pool10,Epen1,6
HPSI0413i,HPSI0413i-corn_1,D52,pool10,FPP,7
HPSI0413i,HPSI0413i-corn_1,D52,pool10,P_FPP,1
HPSI0413i,HPSI0413i-corn_1,D52,pool10,P_Sert,1
HPSI0413i,HPSI0413i-corn_1,D52,pool10,Sert,48
HPSI0413i,HPSI0413i-corn_1,D52,pool10,U_Neur3,2
HPSI0413i,HPSI0413i-coxy_33,D52,pool15,Astro,160
HPSI0413i,HPSI0413i-coxy_33,D52,pool15,DA,1594
HPSI0413i,HPSI0413i-coxy_33,D52,pool15,Epen1,210
HPSI0413i,HPSI0413i-coxy_33,D52,pool15,Epen2,2
HPSI0413i,HPSI0413i-coxy_33,D52,pool15,FPP,157
HPSI0413i,HPSI0413i-coxy_33,D52,pool15,P_FPP,65
HPSI0413i,HPSI0413i-coxy_33,D52,pool15,Sert,68
HPSI0413i,HPSI0413i-coxy_33,D52,pool15,U_Neur1,303
HPSI0413i,HPSI0413i-coxy_33,D52,pool15,U_Neur3,15
HPSI0413i,HPSI0413i-nudd_1,D30,pool10,DA,289
HPSI0413i,HPSI0413i-nudd_1,D30,pool10,Epen1,20
HPSI0413i,HPSI0413i-nudd_1,D30,pool10,FPP,57
HPSI0413i,HPSI0413i-nudd_1,D30,pool10,P_FPP,20
HPSI0413i,HPSI0413i-nudd_1,D30,pool10,Sert,70
HPSI0413i,HPSI0413i-nudd_1,D30,pool10,U_Neur1,12
HPSI0413i,HPSI0413i-nudd_1,D30,pool10,U_Neur2,1
HPSI0413i,HPSI0413i-nudd_1,D52,pool10,Astro,69
HPSI0413i,HPSI0413i-nudd_1,D52,pool10,DA,199
HPSI0413i,HPSI0413i-nudd_1,D52,pool10,Epen1,93
HPSI0413i,HPSI0413i-nudd_1,D52,pool10,Epen2,8
HPSI0413i,HPSI0413i-nudd_1,D52,pool10,FPP,47
HPSI0413i,HPSI0413i-nudd_1,D52,pool10,P_FPP,28
HPSI0413i,HPSI0413i-nudd_1,D52,pool10,P_Sert,8
HPSI0413i,HPSI0413i-nudd_1,D52,pool10,Sert,162
HPSI0413i,HPSI0413i-nudd_1,D52,pool10,U_Neur1,8
HPSI0413i,HPSI0413i-nudd_1,D52,pool10,U_Neur3,7
HPSI0413i,HPSI0413i-peop_4,D30,pool10,DA,462
HPSI0413i,HPSI0413i-peop_4,D30,pool10,Epen1,73
HPSI0413i,HPSI0413i-peop_4,D30,pool10,FPP,115
HPSI0413i,HPSI0413i-peop_4,D30,pool10,P_FPP,30
HPSI0413i,HPSI0413i-peop_4,D30,pool10,Sert,203
HPSI0413i,HPSI0413i-peop_4,D30,pool10,U_Neur1,29
HPSI0413i,HPSI0413i-peop_4,D52,pool10,Astro,117
HPSI0413i,HPSI0413i-peop_4,D52,pool10,DA,515
HPSI0413i,HPSI0413i-peop_4,D52,pool10,Epen1,157
HPSI0413i,HPSI0413i-peop_4,D52,pool10,Epen2,6
HPSI0413i,HPSI0413i-peop_4,D52,pool10,FPP,100
HPSI0413i,HPSI0413i-peop_4,D52,pool10,P_FPP,35
HPSI0413i,HPSI0413i-peop_4,D52,pool10,P_Sert,6
HPSI0413i,HPSI0413i-peop_4,D52,pool10,Sert,226
HPSI0413i,HPSI0413i-peop_4,D52,pool10,U_Neur1,37
HPSI0413i,HPSI0413i-peop_4,D52,pool10,U_Neur3,21
HPSI0413i,HPSI0413i-yotv_2,D30,pool10,DA,240
HPSI0413i,HPSI0413i-yotv_2,D30,pool10,Epen1,21
HPSI0413i,HPSI0413i-yotv_2,D30,pool10,FPP,31
HPSI0413i,HPSI0413i-yotv_2,D30,pool10,P_FPP,11
HPSI0413i,HPSI0413i-yotv_2,D30,pool10,Sert,90
HPSI0413i,HPSI0413i-yotv_2,D30,pool10,U_Neur1,2
HPSI0413i,HPSI0413i-yotv_2,D52,pool10,Astro,5
HPSI0413i,HPSI0413i-yotv_2,D52,pool10,DA,192
HPSI0413i,HPSI0413i-yotv_2,D52,pool10,Epen1,82
HPSI0413i,HPSI0413i-yotv_2,D52,pool10,Epen2,3
HPSI0413i,HPSI0413i-yotv_2,D52,pool10,FPP,25
HPSI0413i,HPSI0413i-yotv_2,D52,pool10,P_FPP,9
HPSI0413i,HPSI0413i-yotv_2,D52,pool10,P_Sert,3
HPSI0413i,HPSI0413i-yotv_2,D52,pool10,Sert,138
HPSI0413i,HPSI0413i-yotv_2,D52,pool10,U_Neur1,1
HPSI0413i,HPSI0413i-yotv_2,D52,pool10,U_Neur3,12
HPSI0414i,HPSI0414i-ceik_1,D11,pool4,FPP,250
HPSI0414i,HPSI0414i-ceik_1,D11,pool4,NB,11
HPSI0414i,HPSI0414i-ceik_1,D11,pool4,P_FPP,184
HPSI0414i,HPSI0414i-ceik_1,D30,pool4,DA,66
HPSI0414i,HPSI0414i-ceik_1,D30,pool4,Epen1,101
HPSI0414i,HPSI0414i-ceik_1,D30,pool4,FPP,84
HPSI0414i,HPSI0414i-ceik_1,D30,pool4,P_FPP,11
HPSI0414i,HPSI0414i-ceik_1,D30,pool4,Sert,15
HPSI0414i,HPSI0414i-ceik_1,D30,pool4,U_Neur1,63
HPSI0414i,HPSI0414i-ceik_1,D52,pool4,Astro,10
HPSI0414i,HPSI0414i-ceik_1,D52,pool4,DA,33
HPSI0414i,HPSI0414i-ceik_1,D52,pool4,Epen1,249
HPSI0414i,HPSI0414i-ceik_1,D52,pool4,Epen2,5
HPSI0414i,HPSI0414i-ceik_1,D52,pool4,FPP,68
HPSI0414i,HPSI0414i-ceik_1,D52,pool4,P_FPP,12
HPSI0414i,HPSI0414i-ceik_1,D52,pool4,P_Sert,1
HPSI0414i,HPSI0414i-ceik_1,D52,pool4,Sert,17
HPSI0414i,HPSI0414i-ceik_1,D52,pool4,U_Neur1,48
HPSI0414i,HPSI0414i-ceik_1,D52,pool4,U_Neur3,1
HPSI0414i,HPSI0414i-gesg_2,D11,pool9,FPP,646
HPSI0414i,HPSI0414i-gesg_2,D11,pool9,NB,60
HPSI0414i,HPSI0414i-gesg_2,D11,pool9,P_FPP,355
HPSI0414i,HPSI0414i-gesg_2,D30,pool9,DA,23
HPSI0414i,HPSI0414i-gesg_2,D30,pool9,Epen1,56
HPSI0414i,HPSI0414i-gesg_2,D30,pool9,FPP,111
HPSI0414i,HPSI0414i-gesg_2,D30,pool9,P_FPP,44
HPSI0414i,HPSI0414i-gesg_2,D30,pool9,Sert,6
HPSI0414i,HPSI0414i-gesg_2,D30,pool9,U_Neur1,64
HPSI0414i,HPSI0414i-gesg_2,D30,pool9,U_Neur2,6
HPSI0414i,HPSI0414i-gesg_2,D52,pool9,Astro,97
HPSI0414i,HPSI0414i-gesg_2,D52,pool9,DA,11
HPSI0414i,HPSI0414i-gesg_2,D52,pool9,Epen1,67
HPSI0414i,HPSI0414i-gesg_2,D52,pool9,Epen2,3
HPSI0414i,HPSI0414i-gesg_2,D52,pool9,FPP,23
HPSI0414i,HPSI0414i-gesg_2,D52,pool9,P_FPP,24
HPSI0414i,HPSI0414i-gesg_2,D52,pool9,Sert,4
HPSI0414i,HPSI0414i-gesg_2,D52,pool9,U_Neur1,14
HPSI0414i,HPSI0414i-gesg_2,D52,pool9,U_Neur3,4
HPSI0414i,HPSI0414i-mita_1,D11,pool6,FPP,7789
HPSI0414i,HPSI0414i-mita_1,D11,pool6,NB,1141
HPSI0414i,HPSI0414i-mita_1,D11,pool6,P_FPP,5710
HPSI0414i,HPSI0414i-mita_1,D30,pool6,DA,388
HPSI0414i,HPSI0414i-mita_1,D30,pool6,Epen1,3322
HPSI0414i,HPSI0414i-mita_1,D30,pool6,FPP,7486
HPSI0414i,HPSI0414i-mita_1,D30,pool6,P_FPP,958
HPSI0414i,HPSI0414i-mita_1,D30,pool6,Sert,94
HPSI0414i,HPSI0414i-mita_1,D30,pool6,U_Neur1,862
HPSI0414i,HPSI0414i-mita_1,D30,pool6,U_Neur2,2
HPSI0414i,HPSI0414i-mita_1,D52,pool6,Astro,946
HPSI0414i,HPSI0414i-mita_1,D52,pool6,DA,134
HPSI0414i,HPSI0414i-mita_1,D52,pool6,Epen1,11893
HPSI0414i,HPSI0414i-mita_1,D52,pool6,Epen2,644
HPSI0414i,HPSI0414i-mita_1,D52,pool6,FPP,1511
HPSI0414i,HPSI0414i-mita_1,D52,pool6,P_FPP,355
HPSI0414i,HPSI0414i-mita_1,D52,pool6,P_Sert,1
HPSI0414i,HPSI0414i-mita_1,D52,pool6,Sert,55
HPSI0414i,HPSI0414i-mita_1,D52,pool6,U_Neur1,285
HPSI0414i,HPSI0414i-mita_1,D52,pool6,U_Neur3,27
HPSI0414i,HPSI0414i-oaqd_2,D11,pool8,FPP,643
HPSI0414i,HPSI0414i-oaqd_2,D11,pool8,NB,220
HPSI0414i,HPSI0414i-oaqd_2,D11,pool8,P_FPP,518
HPSI0414i,HPSI0414i-oaqd_2,D30,pool8,DA,22
HPSI0414i,HPSI0414i-oaqd_2,D30,pool8,Epen1,127
HPSI0414i,HPSI0414i-oaqd_2,D30,pool8,FPP,274
HPSI0414i,HPSI0414i-oaqd_2,D30,pool8,P_FPP,17
HPSI0414i,HPSI0414i-oaqd_2,D30,pool8,Sert,1
HPSI0414i,HPSI0414i-oaqd_2,D30,pool8,U_Neur1,37
HPSI0414i,HPSI0414i-oaqd_2,D30,pool8,U_Neur2,2
HPSI0414i,HPSI0414i-oaqd_2,D52,pool8,Astro,48
HPSI0414i,HPSI0414i-oaqd_2,D52,pool8,DA,16
HPSI0414i,HPSI0414i-oaqd_2,D52,pool8,Epen1,468
HPSI0414i,HPSI0414i-oaqd_2,D52,pool8,Epen2,14
HPSI0414i,HPSI0414i-oaqd_2,D52,pool8,FPP,72
HPSI0414i,HPSI0414i-oaqd_2,D52,pool8,P_FPP,37
HPSI0414i,HPSI0414i-oaqd_2,D52,pool8,U_Neur1,24
HPSI0414i,HPSI0414i-oaqd_2,D52,pool8,U_Neur3,3
HPSI0414i,HPSI0414i-sebn_3,D11,pool3,FPP,778
HPSI0414i,HPSI0414i-sebn_3,D11,pool3,NB,2
HPSI0414i,HPSI0414i-sebn_3,D11,pool3,P_FPP,507
HPSI0414i,HPSI0414i-sebn_3,D30,pool3,DA,374
HPSI0414i,HPSI0414i-sebn_3,D30,pool3,Epen1,70
HPSI0414i,HPSI0414i-sebn_3,D30,pool3,FPP,135
HPSI0414i,HPSI0414i-sebn_3,D30,pool3,P_FPP,23
HPSI0414i,HPSI0414i-sebn_3,D30,pool3,Sert,229
HPSI0414i,HPSI0414i-sebn_3,D30,pool3,U_Neur1,5
HPSI0414i,HPSI0414i-sebn_3,D52,pool3,Astro,26
HPSI0414i,HPSI0414i-sebn_3,D52,pool3,DA,427
HPSI0414i,HPSI0414i-sebn_3,D52,pool3,Epen1,811
HPSI0414i,HPSI0414i-sebn_3,D52,pool3,Epen2,23
HPSI0414i,HPSI0414i-sebn_3,D52,pool3,FPP,375
HPSI0414i,HPSI0414i-sebn_3,D52,pool3,P_FPP,49
HPSI0414i,HPSI0414i-sebn_3,D52,pool3,P_Sert,13
HPSI0414i,HPSI0414i-sebn_3,D52,pool3,Sert,501
HPSI0414i,HPSI0414i-sebn_3,D52,pool3,U_Neur1,10
HPSI0414i,HPSI0414i-sebn_3,D52,pool3,U_Neur3,55
HPSI0414i,HPSI0414i-seru_1,D30,pool7,DA,428
HPSI0414i,HPSI0414i-seru_1,D30,pool7,Epen1,19
HPSI0414i,HPSI0414i-seru_1,D30,pool7,FPP,34
HPSI0414i,HPSI0414i-seru_1,D30,pool7,P_FPP,10
HPSI0414i,HPSI0414i-seru_1,D30,pool7,Sert,140
HPSI0414i,HPSI0414i-seru_1,D30,pool7,U_Neur1,1
HPSI0414i,HPSI0414i-seru_1,D52,pool7,Astro,19
HPSI0414i,HPSI0414i-seru_1,D52,pool7,DA,263
HPSI0414i,HPSI0414i-seru_1,D52,pool7,Epen1,20
HPSI0414i,HPSI0414i-seru_1,D52,pool7,Epen2,1
HPSI0414i,HPSI0414i-seru_1,D52,pool7,FPP,18
HPSI0414i,HPSI0414i-seru_1,D52,pool7,P_FPP,3
HPSI0414i,HPSI0414i-seru_1,D52,pool7,P_Sert,3
HPSI0414i,HPSI0414i-seru_1,D52,pool7,Sert,157
HPSI0414i,HPSI0414i-seru_1,D52,pool7,U_Neur1,3
HPSI0414i,HPSI0414i-seru_1,D52,pool7,U_Neur3,10
HPSI0414i,HPSI0414i-uawq_2,D11,pool8,FPP,736
HPSI0414i,HPSI0414i-uawq_2,D11,pool8,NB,3
HPSI0414i,HPSI0414i-uawq_2,D11,pool8,P_FPP,793
HPSI0414i,HPSI0414i-uawq_2,D30,pool8,DA,244
HPSI0414i,HPSI0414i-uawq_2,D30,pool8,Epen1,198
HPSI0414i,HPSI0414i-uawq_2,D30,pool8,FPP,357
HPSI0414i,HPSI0414i-uawq_2,D30,pool8,P_FPP,178
HPSI0414i,HPSI0414i-uawq_2,D30,pool8,Sert,831
HPSI0414i,HPSI0414i-uawq_2,D30,pool8,U_Neur1,45
HPSI0414i,HPSI0414i-uawq_2,D52,pool8,Astro,17
HPSI0414i,HPSI0414i-uawq_2,D52,pool8,DA,299
HPSI0414i,HPSI0414i-uawq_2,D52,pool8,Epen1,793
HPSI0414i,HPSI0414i-uawq_2,D52,pool8,Epen2,4
HPSI0414i,HPSI0414i-uawq_2,D52,pool8,FPP,454
HPSI0414i,HPSI0414i-uawq_2,D52,pool8,P_FPP,76
HPSI0414i,HPSI0414i-uawq_2,D52,pool8,P_Sert,60
HPSI0414i,HPSI0414i-uawq_2,D52,pool8,Sert,2212
HPSI0414i,HPSI0414i-uawq_2,D52,pool8,U_Neur1,10
HPSI0414i,HPSI0414i-uawq_2,D52,pool8,U_Neur3,73
HPSI0414i,HPSI0414i-voqc_2,D52,pool14,Astro,22
HPSI0414i,HPSI0414i-voqc_2,D52,pool14,DA,8
HPSI0414i,HPSI0414i-voqc_2,D52,pool14,Epen1,34
HPSI0414i,HPSI0414i-voqc_2,D52,pool14,Epen2,7
HPSI0414i,HPSI0414i-voqc_2,D52,pool14,FPP,58
HPSI0414i,HPSI0414i-voqc_2,D52,pool14,P_Sert,1
HPSI0414i,HPSI0414i-voqc_2,D52,pool14,Sert,101
HPSI0414i,HPSI0414i-voqc_2,D52,pool14,U_Neur1,1
HPSI0414i,HPSI0414i-voqc_2,D52,pool14,U_Neur3,2
HPSI0414i,HPSI0414i-xojn_3,D11,pool7,FPP,91
HPSI0414i,HPSI0414i-xojn_3,D11,pool7,NB,1
HPSI0414i,HPSI0414i-xojn_3,D11,pool7,P_FPP,51
HPSI0414i,HPSI0414i-xojn_3,D11,pool8,FPP,1143
HPSI0414i,HPSI0414i-xojn_3,D11,pool8,NB,5
HPSI0414i,HPSI0414i-xojn_3,D11,pool8,P_FPP,1029
HPSI0414i,HPSI0414i-xojn_3,D30,pool7,DA,461
HPSI0414i,HPSI0414i-xojn_3,D30,pool7,Epen1,11
HPSI0414i,HPSI0414i-xojn_3,D30,pool7,FPP,23
HPSI0414i,HPSI0414i-xojn_3,D30,pool7,P_FPP,7
HPSI0414i,HPSI0414i-xojn_3,D30,pool7,Sert,34
HPSI0414i,HPSI0414i-xojn_3,D30,pool7,U_Neur1,3
HPSI0414i,HPSI0414i-xojn_3,D30,pool8,DA,397
HPSI0414i,HPSI0414i-xojn_3,D30,pool8,Epen1,121
HPSI0414i,HPSI0414i-xojn_3,D30,pool8,FPP,187
HPSI0414i,HPSI0414i-xojn_3,D30,pool8,P_FPP,60
HPSI0414i,HPSI0414i-xojn_3,D30,pool8,Sert,273
HPSI0414i,HPSI0414i-xojn_3,D30,pool8,U_Neur1,10
HPSI0414i,HPSI0414i-xojn_3,D52,pool7,Astro,9
HPSI0414i,HPSI0414i-xojn_3,D52,pool7,DA,300
HPSI0414i,HPSI0414i-xojn_3,D52,pool7,Epen1,22
HPSI0414i,HPSI0414i-xojn_3,D52,pool7,Epen2,1
HPSI0414i,HPSI0414i-xojn_3,D52,pool7,FPP,19
HPSI0414i,HPSI0414i-xojn_3,D52,pool7,P_FPP,2
HPSI0414i,HPSI0414i-xojn_3,D52,pool7,P_Sert,1
HPSI0414i,HPSI0414i-xojn_3,D52,pool7,Sert,35
HPSI0414i,HPSI0414i-xojn_3,D52,pool7,U_Neur1,4
HPSI0414i,HPSI0414i-xojn_3,D52,pool7,U_Neur3,5
HPSI0414i,HPSI0414i-xojn_3,D52,pool8,Astro,9
HPSI0414i,HPSI0414i-xojn_3,D52,pool8,DA,418
HPSI0414i,HPSI0414i-xojn_3,D52,pool8,Epen1,414
HPSI0414i,HPSI0414i-xojn_3,D52,pool8,Epen2,4
HPSI0414i,HPSI0414i-xojn_3,D52,pool8,FPP,133
HPSI0414i,HPSI0414i-xojn_3,D52,pool8,P_FPP,15
HPSI0414i,HPSI0414i-xojn_3,D52,pool8,P_Sert,10
HPSI0414i,HPSI0414i-xojn_3,D52,pool8,Sert,436
HPSI0414i,HPSI0414i-xojn_3,D52,pool8,U_Neur1,11
HPSI0414i,HPSI0414i-xojn_3,D52,pool8,U_Neur3,38
HPSI0513i,HPSI0513i-aipt_33,D11,pool13,FPP,499
HPSI0513i,HPSI0513i-aipt_33,D11,pool13,NB,6
HPSI0513i,HPSI0513i-aipt_33,D11,pool13,P_FPP,493
HPSI0513i,HPSI0513i-aipt_33,D52,pool13,Astro,7
HPSI0513i,HPSI0513i-aipt_33,D52,pool13,DA,339
HPSI0513i,HPSI0513i-aipt_33,D52,pool13,Epen1,229
HPSI0513i,HPSI0513i-aipt_33,D52,pool13,Epen2,10
HPSI0513i,HPSI0513i-aipt_33,D52,pool13,FPP,94
HPSI0513i,HPSI0513i-aipt_33,D52,pool13,P_FPP,13
HPSI0513i,HPSI0513i-aipt_33,D52,pool13,P_Sert,12
HPSI0513i,HPSI0513i-aipt_33,D52,pool13,Sert,627
HPSI0513i,HPSI0513i-aipt_33,D52,pool13,U_Neur1,8
HPSI0513i,HPSI0513i-aipt_33,D52,pool13,U_Neur3,16
HPSI0513i,HPSI0513i-debk_9,D30,pool10,DA,307
HPSI0513i,HPSI0513i-debk_9,D30,pool10,Epen1,18
HPSI0513i,HPSI0513i-debk_9,D30,pool10,FPP,227
HPSI0513i,HPSI0513i-debk_9,D30,pool10,P_FPP,49
HPSI0513i,HPSI0513i-debk_9,D30,pool10,Sert,47
HPSI0513i,HPSI0513i-debk_9,D30,pool10,U_Neur1,51
HPSI0513i,HPSI0513i-debk_9,D30,pool10,U_Neur2,1
HPSI0513i,HPSI0513i-debk_9,D52,pool10,Astro,8
HPSI0513i,HPSI0513i-debk_9,D52,pool10,DA,200
HPSI0513i,HPSI0513i-debk_9,D52,pool10,Epen1,158
HPSI0513i,HPSI0513i-debk_9,D52,pool10,Epen2,7
HPSI0513i,HPSI0513i-debk_9,D52,pool10,FPP,305
HPSI0513i,HPSI0513i-debk_9,D52,pool10,P_FPP,36
HPSI0513i,HPSI0513i-debk_9,D52,pool10,P_Sert,1
HPSI0513i,HPSI0513i-debk_9,D52,pool10,Sert,32
HPSI0513i,HPSI0513i-debk_9,D52,pool10,U_Neur1,37
HPSI0513i,HPSI0513i-debk_9,D52,pool10,U_Neur3,5
HPSI0513i,HPSI0513i-dipe_1,D11,pool11,FPP,121
HPSI0513i,HPSI0513i-dipe_1,D11,pool11,P_FPP,256
HPSI0513i,HPSI0513i-dipe_1,D30,pool11,DA,31
HPSI0513i,HPSI0513i-dipe_1,D30,pool11,Epen1,5
HPSI0513i,HPSI0513i-dipe_1,D30,pool11,FPP,7
HPSI0513i,HPSI0513i-dipe_1,D30,pool11,P_FPP,4
HPSI0513i,HPSI0513i-dipe_1,D30,pool11,Sert,32
HPSI0513i,HPSI0513i-dipe_1,D30,pool11,U_Neur1,1
HPSI0513i,HPSI0513i-dipe_1,D52,pool11,Astro,10
HPSI0513i,HPSI0513i-dipe_1,D52,pool11,DA,233
HPSI0513i,HPSI0513i-dipe_1,D52,pool11,Epen1,40
HPSI0513i,HPSI0513i-dipe_1,D52,pool11,FPP,30
HPSI0513i,HPSI0513i-dipe_1,D52,pool11,P_FPP,3
HPSI0513i,HPSI0513i-dipe_1,D52,pool11,P_Sert,15
HPSI0513i,HPSI0513i-dipe_1,D52,pool11,Sert,587
HPSI0513i,HPSI0513i-dipe_1,D52,pool11,U_Neur1,5
HPSI0513i,HPSI0513i-dipe_1,D52,pool11,U_Neur3,34
HPSI0513i,HPSI0513i-dulv_1,D11,pool11,FPP,45
HPSI0513i,HPSI0513i-dulv_1,D11,pool11,NB,1
HPSI0513i,HPSI0513i-dulv_1,D11,pool11,P_FPP,81
HPSI0513i,HPSI0513i-dulv_1,D30,pool11,DA,3
HPSI0513i,HPSI0513i-dulv_1,D30,pool11,Sert,5
HPSI0513i,HPSI0513i-dulv_1,D30,pool11,U_Neur1,1
HPSI0513i,HPSI0513i-dulv_1,D52,pool11,Astro,3
HPSI0513i,HPSI0513i-dulv_1,D52,pool11,DA,31
HPSI0513i,HPSI0513i-dulv_1,D52,pool11,Epen1,4
HPSI0513i,HPSI0513i-dulv_1,D52,pool11,FPP,6
HPSI0513i,HPSI0513i-dulv_1,D52,pool11,P_FPP,1
HPSI0513i,HPSI0513i-dulv_1,D52,pool11,P_Sert,1
HPSI0513i,HPSI0513i-dulv_1,D52,pool11,Sert,119
HPSI0513i,HPSI0513i-dulv_1,D52,pool11,U_Neur3,2
HPSI0513i,HPSI0513i-fejf_2,D11,pool11,FPP,142
HPSI0513i,HPSI0513i-fejf_2,D11,pool11,NB,60
HPSI0513i,HPSI0513i-fejf_2,D11,pool11,P_FPP,296
HPSI0513i,HPSI0513i-fejf_2,D30,pool11,DA,30
HPSI0513i,HPSI0513i-fejf_2,D30,pool11,Epen1,22
HPSI0513i,HPSI0513i-fejf_2,D30,pool11,FPP,23
HPSI0513i,HPSI0513i-fejf_2,D30,pool11,P_FPP,5
HPSI0513i,HPSI0513i-fejf_2,D30,pool11,Sert,6
HPSI0513i,HPSI0513i-fejf_2,D30,pool11,U_Neur1,11
HPSI0513i,HPSI0513i-fejf_2,D52,pool11,Astro,224
HPSI0513i,HPSI0513i-fejf_2,D52,pool11,DA,180
HPSI0513i,HPSI0513i-fejf_2,D52,pool11,Epen1,218
HPSI0513i,HPSI0513i-fejf_2,D52,pool11,Epen2,4
HPSI0513i,HPSI0513i-fejf_2,D52,pool11,FPP,85
HPSI0513i,HPSI0513i-fejf_2,D52,pool11,P_FPP,63
HPSI0513i,HPSI0513i-fejf_2,D52,pool11,P_Sert,1
HPSI0513i,HPSI0513i-fejf_2,D52,pool11,Sert,37
HPSI0513i,HPSI0513i-fejf_2,D52,pool11,U_Neur1,128
HPSI0513i,HPSI0513i-fejf_2,D52,pool11,U_Neur3,14
HPSI0513i,HPSI0513i-giuf_1,D11,pool11,FPP,74
HPSI0513i,HPSI0513i-giuf_1,D11,pool11,P_FPP,187
HPSI0513i,HPSI0513i-giuf_1,D30,pool11,DA,23
HPSI0513i,HPSI0513i-giuf_1,D30,pool11,Epen1,5
HPSI0513i,HPSI0513i-giuf_1,D30,pool11,FPP,3
HPSI0513i,HPSI0513i-giuf_1,D30,pool11,P_FPP,1
HPSI0513i,HPSI0513i-giuf_1,D30,pool11,Sert,1
HPSI0513i,HPSI0513i-giuf_1,D30,pool11,U_Neur1,1
HPSI0513i,HPSI0513i-giuf_1,D52,pool11,Astro,4
HPSI0513i,HPSI0513i-giuf_1,D52,pool11,DA,127
HPSI0513i,HPSI0513i-giuf_1,D52,pool11,Epen1,20
HPSI0513i,HPSI0513i-giuf_1,D52,pool11,Epen2,1
HPSI0513i,HPSI0513i-giuf_1,D52,pool11,FPP,6
HPSI0513i,HPSI0513i-giuf_1,D52,pool11,P_FPP,3
HPSI0513i,HPSI0513i-giuf_1,D52,pool11,Sert,8
HPSI0513i,HPSI0513i-giuf_1,D52,pool11,U_Neur1,7
HPSI0513i,HPSI0513i-giuf_1,D52,pool11,U_Neur3,4
HPSI0513i,HPSI0513i-momt_2,D11,pool11,FPP,367
HPSI0513i,HPSI0513i-momt_2,D11,pool11,NB,5
HPSI0513i,HPSI0513i-momt_2,D11,pool11,P_FPP,846
HPSI0513i,HPSI0513i-momt_2,D30,pool11,DA,142
HPSI0513i,HPSI0513i-momt_2,D30,pool11,Epen1,15
HPSI0513i,HPSI0513i-momt_2,D30,pool11,FPP,62
HPSI0513i,HPSI0513i-momt_2,D30,pool11,P_FPP,20
HPSI0513i,HPSI0513i-momt_2,D30,pool11,Sert,50
HPSI0513i,HPSI0513i-momt_2,D30,pool11,U_Neur1,31
HPSI0513i,HPSI0513i-momt_2,D52,pool11,Astro,282
HPSI0513i,HPSI0513i-momt_2,D52,pool11,DA,1275
HPSI0513i,HPSI0513i-momt_2,D52,pool11,Epen1,169
HPSI0513i,HPSI0513i-momt_2,D52,pool11,Epen2,11
HPSI0513i,HPSI0513i-momt_2,D52,pool11,FPP,305
HPSI0513i,HPSI0513i-momt_2,D52,pool11,P_FPP,131
HPSI0513i,HPSI0513i-momt_2,D52,pool11,P_Sert,11
HPSI0513i,HPSI0513i-momt_2,D52,pool11,Sert,670
HPSI0513i,HPSI0513i-momt_2,D52,pool11,U_Neur1,525
HPSI0513i,HPSI0513i-momt_2,D52,pool11,U_Neur3,38
HPSI0513i,HPSI0513i-oarz_22,D52,pool15,Astro,5
HPSI0513i,HPSI0513i-oarz_22,D52,pool15,DA,1813
HPSI0513i,HPSI0513i-oarz_22,D52,pool15,Epen1,124
HPSI0513i,HPSI0513i-oarz_22,D52,pool15,Epen2,8
HPSI0513i,HPSI0513i-oarz_22,D52,pool15,FPP,80
HPSI0513i,HPSI0513i-oarz_22,D52,pool15,P_FPP,6
HPSI0513i,HPSI0513i-oarz_22,D52,pool15,P_Sert,6
HPSI0513i,HPSI0513i-oarz_22,D52,pool15,Sert,300
HPSI0513i,HPSI0513i-oarz_22,D52,pool15,U_Neur1,12
HPSI0513i,HPSI0513i-oarz_22,D52,pool15,U_Neur3,41
HPSI0513i,HPSI0513i-oibg_1,D11,pool11,FPP,89
HPSI0513i,HPSI0513i-oibg_1,D11,pool11,NB,78
HPSI0513i,HPSI0513i-oibg_1,D11,pool11,P_FPP,193
HPSI0513i,HPSI0513i-oibg_1,D30,pool11,DA,2
HPSI0513i,HPSI0513i-oibg_1,D30,pool11,Epen1,18
HPSI0513i,HPSI0513i-oibg_1,D30,pool11,FPP,29
HPSI0513i,HPSI0513i-oibg_1,D30,pool11,P_FPP,12
HPSI0513i,HPSI0513i-oibg_1,D30,pool11,Sert,1
HPSI0513i,HPSI0513i-oibg_1,D30,pool11,U_Neur1,20
HPSI0513i,HPSI0513i-oibg_1,D30,pool11,U_Neur2,1
HPSI0513i,HPSI0513i-oibg_1,D52,pool11,Astro,1216
HPSI0513i,HPSI0513i-oibg_1,D52,pool11,DA,138
HPSI0513i,HPSI0513i-oibg_1,D52,pool11,Epen1,245
HPSI0513i,HPSI0513i-oibg_1,D52,pool11,Epen2,3
HPSI0513i,HPSI0513i-oibg_1,D52,pool11,FPP,169
HPSI0513i,HPSI0513i-oibg_1,D52,pool11,P_FPP,283
HPSI0513i,HPSI0513i-oibg_1,D52,pool11,Sert,2
HPSI0513i,HPSI0513i-oibg_1,D52,pool11,U_Neur1,206
HPSI0513i,HPSI0513i-oibg_1,D52,pool11,U_Neur3,5
HPSI0513i,HPSI0513i-pedc_1,D11,pool11,FPP,11
HPSI0513i,HPSI0513i-pedc_1,D11,pool11,NB,1
HPSI0513i,HPSI0513i-pedc_1,D11,pool11,P_FPP,16
HPSI0513i,HPSI0513i-pedc_1,D52,pool11,DA,1
HPSI0513i,HPSI0513i-pedc_1,D52,pool11,Sert,1
HPSI0513i,HPSI0513i-sucd_3,D11,pool11,FPP,203
HPSI0513i,HPSI0513i-sucd_3,D11,pool11,NB,3
HPSI0513i,HPSI0513i-sucd_3,D11,pool11,P_FPP,386
HPSI0513i,HPSI0513i-sucd_3,D30,pool11,DA,81
HPSI0513i,HPSI0513i-sucd_3,D30,pool11,FPP,10
HPSI0513i,HPSI0513i-sucd_3,D30,pool11,P_FPP,6
HPSI0513i,HPSI0513i-sucd_3,D30,pool11,Sert,23
HPSI0513i,HPSI0513i-sucd_3,D30,pool11,U_Neur1,4
HPSI0513i,HPSI0513i-sucd_3,D52,pool11,Astro,6
HPSI0513i,HPSI0513i-sucd_3,D52,pool11,DA,482
HPSI0513i,HPSI0513i-sucd_3,D52,pool11,Epen1,7
HPSI0513i,HPSI0513i-sucd_3,D52,pool11,FPP,91
HPSI0513i,HPSI0513i-sucd_3,D52,pool11,P_FPP,6
HPSI0513i,HPSI0513i-sucd_3,D52,pool11,Sert,498
HPSI0513i,HPSI0513i-sucd_3,D52,pool11,U_Neur1,33
HPSI0513i,HPSI0513i-sucd_3,D52,pool11,U_Neur3,9
HPSI0513i,HPSI0513i-suzg_3,D52,pool16,Astro,1
HPSI0513i,HPSI0513i-suzg_3,D52,pool16,DA,127
HPSI0513i,HPSI0513i-suzg_3,D52,pool16,Epen1,20
HPSI0513i,HPSI0513i-suzg_3,D52,pool16,FPP,3
HPSI0513i,HPSI0513i-suzg_3,D52,pool16,P_FPP,2
HPSI0513i,HPSI0513i-suzg_3,D52,pool16,P_Sert,3
HPSI0513i,HPSI0513i-suzg_3,D52,pool16,Sert,344
HPSI0513i,HPSI0513i-suzg_3,D52,pool16,U_Neur1,2
HPSI0513i,HPSI0513i-suzg_3,D52,pool16,U_Neur3,45
HPSI0513i,HPSI0513i-uoxz_4,D11,pool11,FPP,302
HPSI0513i,HPSI0513i-uoxz_4,D11,pool11,NB,2
HPSI0513i,HPSI0513i-uoxz_4,D11,pool11,P_FPP,638
HPSI0513i,HPSI0513i-uoxz_4,D30,pool11,DA,104
HPSI0513i,HPSI0513i-uoxz_4,D30,pool11,Epen1,4
HPSI0513i,HPSI0513i-uoxz_4,D30,pool11,FPP,7
HPSI0513i,HPSI0513i-uoxz_4,D30,pool11,P_FPP,4
HPSI0513i,HPSI0513i-uoxz_4,D30,pool11,Sert,29
HPSI0513i,HPSI0513i-uoxz_4,D52,pool11,Astro,21
HPSI0513i,HPSI0513i-uoxz_4,D52,pool11,DA,726
HPSI0513i,HPSI0513i-uoxz_4,D52,pool11,Epen1,18
HPSI0513i,HPSI0513i-uoxz_4,D52,pool11,FPP,86
HPSI0513i,HPSI0513i-uoxz_4,D52,pool11,P_FPP,17
HPSI0513i,HPSI0513i-uoxz_4,D52,pool11,P_Sert,8
HPSI0513i,HPSI0513i-uoxz_4,D52,pool11,Sert,361
HPSI0513i,HPSI0513i-uoxz_4,D52,pool11,U_Neur1,28
HPSI0513i,HPSI0513i-uoxz_4,D52,pool11,U_Neur3,13
HPSI0513i,HPSI0513i-veve_2,D11,pool11,FPP,363
HPSI0513i,HPSI0513i-veve_2,D11,pool11,NB,23
HPSI0513i,HPSI0513i-veve_2,D11,pool11,P_FPP,693
HPSI0513i,HPSI0513i-veve_2,D30,pool11,DA,167
HPSI0513i,HPSI0513i-veve_2,D30,pool11,Epen1,5
HPSI0513i,HPSI0513i-veve_2,D30,pool11,FPP,35
HPSI0513i,HPSI0513i-veve_2,D30,pool11,P_FPP,8
HPSI0513i,HPSI0513i-veve_2,D30,pool11,Sert,21
HPSI0513i,HPSI0513i-veve_2,D30,pool11,U_Neur1,4
HPSI0513i,HPSI0513i-veve_2,D52,pool11,Astro,26
HPSI0513i,HPSI0513i-veve_2,D52,pool11,DA,815
HPSI0513i,HPSI0513i-veve_2,D52,pool11,Epen1,71
HPSI0513i,HPSI0513i-veve_2,D52,pool11,Epen2,2
HPSI0513i,HPSI0513i-veve_2,D52,pool11,FPP,245
HPSI0513i,HPSI0513i-veve_2,D52,pool11,P_FPP,34
HPSI0513i,HPSI0513i-veve_2,D52,pool11,Sert,21
HPSI0513i,HPSI0513i-veve_2,D52,pool11,U_Neur1,14
HPSI0513i,HPSI0513i-veve_2,D52,pool11,U_Neur3,8
HPSI0514i,HPSI0514i-fiaj_1,D11,pool4,FPP,1217
HPSI0514i,HPSI0514i-fiaj_1,D11,pool4,NB,297
HPSI0514i,HPSI0514i-fiaj_1,D11,pool4,P_FPP,611
HPSI0514i,HPSI0514i-fiaj_1,D11,pool5,FPP,4578
HPSI0514i,HPSI0514i-fiaj_1,D11,pool5,NB,957
HPSI0514i,HPSI0514i-fiaj_1,D11,pool5,P_FPP,2786
HPSI0514i,HPSI0514i-fiaj_1,D30,pool4,DA,586
HPSI0514i,HPSI0514i-fiaj_1,D30,pool4,Epen1,621
HPSI0514i,HPSI0514i-fiaj_1,D30,pool4,FPP,659
HPSI0514i,HPSI0514i-fiaj_1,D30,pool4,P_FPP,150
HPSI0514i,HPSI0514i-fiaj_1,D30,pool4,Sert,33
HPSI0514i,HPSI0514i-fiaj_1,D30,pool4,U_Neur1,431
HPSI0514i,HPSI0514i-fiaj_1,D30,pool4,U_Neur2,8
HPSI0514i,HPSI0514i-fiaj_1,D30,pool5,DA,1571
HPSI0514i,HPSI0514i-fiaj_1,D30,pool5,Epen1,2882
HPSI0514i,HPSI0514i-fiaj_1,D30,pool5,FPP,3428
HPSI0514i,HPSI0514i-fiaj_1,D30,pool5,P_FPP,1016
HPSI0514i,HPSI0514i-fiaj_1,D30,pool5,Sert,352
HPSI0514i,HPSI0514i-fiaj_1,D30,pool5,U_Neur1,1523
HPSI0514i,HPSI0514i-fiaj_1,D30,pool5,U_Neur2,39
HPSI0514i,HPSI0514i-fiaj_1,D52,pool4,Astro,4438
HPSI0514i,HPSI0514i-fiaj_1,D52,pool4,DA,601
HPSI0514i,HPSI0514i-fiaj_1,D52,pool4,Epen1,1418
HPSI0514i,HPSI0514i-fiaj_1,D52,pool4,Epen2,43
HPSI0514i,HPSI0514i-fiaj_1,D52,pool4,FPP,1346
HPSI0514i,HPSI0514i-fiaj_1,D52,pool4,P_FPP,1269
HPSI0514i,HPSI0514i-fiaj_1,D52,pool4,Sert,8
HPSI0514i,HPSI0514i-fiaj_1,D52,pool4,U_Neur1,574
HPSI0514i,HPSI0514i-fiaj_1,D52,pool4,U_Neur3,39
HPSI0514i,HPSI0514i-fiaj_1,D52,pool5,Astro,10176
HPSI0514i,HPSI0514i-fiaj_1,D52,pool5,DA,1553
HPSI0514i,HPSI0514i-fiaj_1,D52,pool5,Epen1,6372
HPSI0514i,HPSI0514i-fiaj_1,D52,pool5,Epen2,209
HPSI0514i,HPSI0514i-fiaj_1,D52,pool5,FPP,4145
HPSI0514i,HPSI0514i-fiaj_1,D52,pool5,P_FPP,2448
HPSI0514i,HPSI0514i-fiaj_1,D52,pool5,Sert,27
HPSI0514i,HPSI0514i-fiaj_1,D52,pool5,U_Neur1,1403
HPSI0514i,HPSI0514i-fiaj_1,D52,pool5,U_Neur3,159
HPSI0514i,HPSI0514i-lako_1,D11,pool2,FPP,780
HPSI0514i,HPSI0514i-lako_1,D11,pool2,NB,11
HPSI0514i,HPSI0514i-lako_1,D11,pool2,P_FPP,546
HPSI0514i,HPSI0514i-lako_1,D11,pool4,FPP,332
HPSI0514i,HPSI0514i-lako_1,D11,pool4,P_FPP,275
HPSI0514i,HPSI0514i-lako_1,D30,pool2,DA,1028
HPSI0514i,HPSI0514i-lako_1,D30,pool2,Epen1,31
HPSI0514i,HPSI0514i-lako_1,D30,pool2,FPP,267
HPSI0514i,HPSI0514i-lako_1,D30,pool2,P_FPP,144
HPSI0514i,HPSI0514i-lako_1,D30,pool2,Sert,539
HPSI0514i,HPSI0514i-lako_1,D30,pool2,U_Neur1,12
HPSI0514i,HPSI0514i-lako_1,D30,pool4,DA,291
HPSI0514i,HPSI0514i-lako_1,D30,pool4,Epen1,11
HPSI0514i,HPSI0514i-lako_1,D30,pool4,FPP,79
HPSI0514i,HPSI0514i-lako_1,D30,pool4,P_FPP,90
HPSI0514i,HPSI0514i-lako_1,D30,pool4,Sert,376
HPSI0514i,HPSI0514i-lako_1,D30,pool4,U_Neur1,9
HPSI0514i,HPSI0514i-lako_1,D52,pool2,Astro,91
HPSI0514i,HPSI0514i-lako_1,D52,pool2,DA,894
HPSI0514i,HPSI0514i-lako_1,D52,pool2,Epen1,73
HPSI0514i,HPSI0514i-lako_1,D52,pool2,Epen2,5
HPSI0514i,HPSI0514i-lako_1,D52,pool2,FPP,806
HPSI0514i,HPSI0514i-lako_1,D52,pool2,P_FPP,87
HPSI0514i,HPSI0514i-lako_1,D52,pool2,P_Sert,26
HPSI0514i,HPSI0514i-lako_1,D52,pool2,Sert,3030
HPSI0514i,HPSI0514i-lako_1,D52,pool2,U_Neur1,21
HPSI0514i,HPSI0514i-lako_1,D52,pool2,U_Neur3,87
HPSI0514i,HPSI0514i-lako_1,D52,pool4,Astro,9
HPSI0514i,HPSI0514i-lako_1,D52,pool4,DA,270
HPSI0514i,HPSI0514i-lako_1,D52,pool4,Epen1,18
HPSI0514i,HPSI0514i-lako_1,D52,pool4,FPP,147
HPSI0514i,HPSI0514i-lako_1,D52,pool4,P_FPP,19
HPSI0514i,HPSI0514i-lako_1,D52,pool4,P_Sert,10
HPSI0514i,HPSI0514i-lako_1,D52,pool4,Sert,1508
HPSI0514i,HPSI0514i-lako_1,D52,pool4,U_Neur1,12
HPSI0514i,HPSI0514i-lako_1,D52,pool4,U_Neur3,38
HPSI0514i,HPSI0514i-letw_1,D52,pool15,Astro,5
HPSI0514i,HPSI0514i-letw_1,D52,pool15,DA,453
HPSI0514i,HPSI0514i-letw_1,D52,pool15,Epen1,43
HPSI0514i,HPSI0514i-letw_1,D52,pool15,FPP,35
HPSI0514i,HPSI0514i-letw_1,D52,pool15,P_FPP,4
HPSI0514i,HPSI0514i-letw_1,D52,pool15,P_Sert,10
HPSI0514i,HPSI0514i-letw_1,D52,pool15,Sert,200
HPSI0514i,HPSI0514i-letw_1,D52,pool15,U_Neur1,8
HPSI0514i,HPSI0514i-letw_1,D52,pool15,U_Neur3,7
HPSI0514i,HPSI0514i-naah_2,D11,pool7,FPP,63
HPSI0514i,HPSI0514i-naah_2,D11,pool7,P_FPP,31
HPSI0514i,HPSI0514i-naah_2,D30,pool7,DA,313
HPSI0514i,HPSI0514i-naah_2,D30,pool7,Epen1,6
HPSI0514i,HPSI0514i-naah_2,D30,pool7,FPP,25
HPSI0514i,HPSI0514i-naah_2,D30,pool7,P_FPP,14
HPSI0514i,HPSI0514i-naah_2,D30,pool7,Sert,216
HPSI0514i,HPSI0514i-naah_2,D30,pool7,U_Neur1,3
HPSI0514i,HPSI0514i-naah_2,D52,pool7,Astro,3
HPSI0514i,HPSI0514i-naah_2,D52,pool7,DA,210
HPSI0514i,HPSI0514i-naah_2,D52,pool7,Epen1,11
HPSI0514i,HPSI0514i-naah_2,D52,pool7,Epen2,1
HPSI0514i,HPSI0514i-naah_2,D52,pool7,FPP,23
HPSI0514i,HPSI0514i-naah_2,D52,pool7,P_FPP,1
HPSI0514i,HPSI0514i-naah_2,D52,pool7,P_Sert,2
HPSI0514i,HPSI0514i-naah_2,D52,pool7,Sert,204
HPSI0514i,HPSI0514i-naah_2,D52,pool7,U_Neur1,8
HPSI0514i,HPSI0514i-naah_2,D52,pool7,U_Neur3,22
HPSI0514i,HPSI0514i-oekw_2,D11,pool8,FPP,551
HPSI0514i,HPSI0514i-oekw_2,D11,pool8,NB,48
HPSI0514i,HPSI0514i-oekw_2,D11,pool8,P_FPP,504
HPSI0514i,HPSI0514i-oekw_2,D30,pool8,DA,108
HPSI0514i,HPSI0514i-oekw_2,D30,pool8,Epen1,128
HPSI0514i,HPSI0514i-oekw_2,D30,pool8,FPP,264
HPSI0514i,HPSI0514i-oekw_2,D30,pool8,P_FPP,38
HPSI0514i,HPSI0514i-oekw_2,D30,pool8,Sert,114
HPSI0514i,HPSI0514i-oekw_2,D30,pool8,U_Neur1,37
HPSI0514i,HPSI0514i-oekw_2,D52,pool8,Astro,19
HPSI0514i,HPSI0514i-oekw_2,D52,pool8,DA,115
HPSI0514i,HPSI0514i-oekw_2,D52,pool8,Epen1,613
HPSI0514i,HPSI0514i-oekw_2,D52,pool8,Epen2,21
HPSI0514i,HPSI0514i-oekw_2,D52,pool8,FPP,131
HPSI0514i,HPSI0514i-oekw_2,D52,pool8,P_FPP,24
HPSI0514i,HPSI0514i-oekw_2,D52,pool8,P_Sert,5
HPSI0514i,HPSI0514i-oekw_2,D52,pool8,Sert,218
HPSI0514i,HPSI0514i-oekw_2,D52,pool8,U_Neur1,33
HPSI0514i,HPSI0514i-oekw_2,D52,pool8,U_Neur3,11
HPSI0514i,HPSI0514i-oupf_6,D11,pool9,FPP,862
HPSI0514i,HPSI0514i-oupf_6,D11,pool9,NB,1
HPSI0514i,HPSI0514i-oupf_6,D11,pool9,P_FPP,944
HPSI0514i,HPSI0514i-oupf_6,D30,pool9,DA,579
HPSI0514i,HPSI0514i-oupf_6,D30,pool9,Epen1,74
HPSI0514i,HPSI0514i-oupf_6,D30,pool9,FPP,93
HPSI0514i,HPSI0514i-oupf_6,D30,pool9,P_FPP,27
HPSI0514i,HPSI0514i-oupf_6,D30,pool9,Sert,127
HPSI0514i,HPSI0514i-oupf_6,D30,pool9,U_Neur1,29
HPSI0514i,HPSI0514i-oupf_6,D30,pool9,U_Neur2,2
HPSI0514i,HPSI0514i-oupf_6,D52,pool9,Astro,7
HPSI0514i,HPSI0514i-oupf_6,D52,pool9,DA,166
HPSI0514i,HPSI0514i-oupf_6,D52,pool9,Epen1,82
HPSI0514i,HPSI0514i-oupf_6,D52,pool9,Epen2,1
HPSI0514i,HPSI0514i-oupf_6,D52,pool9,FPP,44
HPSI0514i,HPSI0514i-oupf_6,D52,pool9,P_FPP,7
HPSI0514i,HPSI0514i-oupf_6,D52,pool9,Sert,64
HPSI0514i,HPSI0514i-oupf_6,D52,pool9,U_Neur1,10
HPSI0514i,HPSI0514i-oupf_6,D52,pool9,U_Neur3,2
HPSI0514i,HPSI0514i-puie_4,D52,pool16,Astro,5
HPSI0514i,HPSI0514i-puie_4,D52,pool16,DA,732
HPSI0514i,HPSI0514i-puie_4,D52,pool16,Epen1,326
HPSI0514i,HPSI0514i-puie_4,D52,pool16,Epen2,14
HPSI0514i,HPSI0514i-puie_4,D52,pool16,FPP,153
HPSI0514i,HPSI0514i-puie_4,D52,pool16,P_FPP,14
HPSI0514i,HPSI0514i-puie_4,D52,pool16,P_Sert,11
HPSI0514i,HPSI0514i-puie_4,D52,pool16,Sert,759
HPSI0514i,HPSI0514i-puie_4,D52,pool16,U_Neur1,21
HPSI0514i,HPSI0514i-puie_4,D52,pool16,U_Neur3,19
HPSI0514i,HPSI0514i-qihv_1,D11,pool6,FPP,816
HPSI0514i,HPSI0514i-qihv_1,D11,pool6,NB,72
HPSI0514i,HPSI0514i-qihv_1,D11,pool6,P_FPP,720
HPSI0514i,HPSI0514i-qihv_1,D30,pool6,DA,55
HPSI0514i,HPSI0514i-qihv_1,D30,pool6,Epen1,180
HPSI0514i,HPSI0514i-qihv_1,D30,pool6,FPP,393
HPSI0514i,HPSI0514i-qihv_1,D30,pool6,P_FPP,106
HPSI0514i,HPSI0514i-qihv_1,D30,pool6,Sert,171
HPSI0514i,HPSI0514i-qihv_1,D30,pool6,U_Neur1,42
HPSI0514i,HPSI0514i-qihv_1,D52,pool6,Astro,89
HPSI0514i,HPSI0514i-qihv_1,D52,pool6,DA,17
HPSI0514i,HPSI0514i-qihv_1,D52,pool6,Epen1,342
HPSI0514i,HPSI0514i-qihv_1,D52,pool6,Epen2,21
HPSI0514i,HPSI0514i-qihv_1,D52,pool6,FPP,205
HPSI0514i,HPSI0514i-qihv_1,D52,pool6,P_FPP,31
HPSI0514i,HPSI0514i-qihv_1,D52,pool6,P_Sert,2
HPSI0514i,HPSI0514i-qihv_1,D52,pool6,Sert,137
HPSI0514i,HPSI0514i-qihv_1,D52,pool6,U_Neur1,18
HPSI0514i,HPSI0514i-qihv_1,D52,pool6,U_Neur3,6
HPSI0514i,HPSI0514i-rutc_2,D11,pool7,FPP,161
HPSI0514i,HPSI0514i-rutc_2,D11,pool7,P_FPP,90
HPSI0514i,HPSI0514i-rutc_2,D30,pool7,DA,506
HPSI0514i,HPSI0514i-rutc_2,D30,pool7,Epen1,4
HPSI0514i,HPSI0514i-rutc_2,D30,pool7,FPP,34
HPSI0514i,HPSI0514i-rutc_2,D30,pool7,P_FPP,34
HPSI0514i,HPSI0514i-rutc_2,D30,pool7,Sert,277
HPSI0514i,HPSI0514i-rutc_2,D30,pool7,U_Neur1,11
HPSI0514i,HPSI0514i-rutc_2,D52,pool7,Astro,7
HPSI0514i,HPSI0514i-rutc_2,D52,pool7,DA,406
HPSI0514i,HPSI0514i-rutc_2,D52,pool7,Epen1,22
HPSI0514i,HPSI0514i-rutc_2,D52,pool7,FPP,20
HPSI0514i,HPSI0514i-rutc_2,D52,pool7,P_FPP,2
HPSI0514i,HPSI0514i-rutc_2,D52,pool7,P_Sert,9
HPSI0514i,HPSI0514i-rutc_2,D52,pool7,Sert,433
HPSI0514i,HPSI0514i-rutc_2,D52,pool7,U_Neur1,13
HPSI0514i,HPSI0514i-rutc_2,D52,pool7,U_Neur3,19
HPSI0514i,HPSI0514i-sohd_2,D11,pool7,FPP,78
HPSI0514i,HPSI0514i-sohd_2,D11,pool7,P_FPP,41
HPSI0514i,HPSI0514i-sohd_2,D30,pool7,DA,471
HPSI0514i,HPSI0514i-sohd_2,D30,pool7,Epen1,35
HPSI0514i,HPSI0514i-sohd_2,D30,pool7,FPP,101
HPSI0514i,HPSI0514i-sohd_2,D30,pool7,P_FPP,37
HPSI0514i,HPSI0514i-sohd_2,D30,pool7,Sert,157
HPSI0514i,HPSI0514i-sohd_2,D30,pool7,U_Neur1,10
HPSI0514i,HPSI0514i-sohd_2,D30,pool7,U_Neur2,1
HPSI0514i,HPSI0514i-sohd_2,D52,pool7,Astro,2
HPSI0514i,HPSI0514i-sohd_2,D52,pool7,DA,294
HPSI0514i,HPSI0514i-sohd_2,D52,pool7,Epen1,128
HPSI0514i,HPSI0514i-sohd_2,D52,pool7,Epen2,1
HPSI0514i,HPSI0514i-sohd_2,D52,pool7,FPP,72
HPSI0514i,HPSI0514i-sohd_2,D52,pool7,P_FPP,8
HPSI0514i,HPSI0514i-sohd_2,D52,pool7,P_Sert,2
HPSI0514i,HPSI0514i-sohd_2,D52,pool7,Sert,191
HPSI0514i,HPSI0514i-sohd_2,D52,pool7,U_Neur1,6
HPSI0514i,HPSI0514i-sohd_2,D52,pool7,U_Neur3,21
HPSI0514i,HPSI0514i-suul_1,D11,pool6,FPP,555
HPSI0514i,HPSI0514i-suul_1,D11,pool6,NB,1
HPSI0514i,HPSI0514i-suul_1,D11,pool6,P_FPP,354
HPSI0514i,HPSI0514i-suul_1,D30,pool6,DA,4
HPSI0514i,HPSI0514i-suul_1,D30,pool6,Epen1,15
HPSI0514i,HPSI0514i-suul_1,D30,pool6,FPP,28
HPSI0514i,HPSI0514i-suul_1,D30,pool6,P_FPP,30
HPSI0514i,HPSI0514i-suul_1,D30,pool6,Sert,72
HPSI0514i,HPSI0514i-suul_1,D30,pool6,U_Neur1,1
HPSI0514i,HPSI0514i-suul_1,D52,pool6,DA,1
HPSI0514i,HPSI0514i-suul_1,D52,pool6,Epen1,31
HPSI0514i,HPSI0514i-suul_1,D52,pool6,Epen2,1
HPSI0514i,HPSI0514i-suul_1,D52,pool6,FPP,12
HPSI0514i,HPSI0514i-suul_1,D52,pool6,P_FPP,1
HPSI0514i,HPSI0514i-suul_1,D52,pool6,P_Sert,1
HPSI0514i,HPSI0514i-suul_1,D52,pool6,Sert,107
HPSI0514i,HPSI0514i-suul_1,D52,pool6,U_Neur3,1
HPSI0514i,HPSI0514i-tert_1,D11,pool6,FPP,1215
HPSI0514i,HPSI0514i-tert_1,D11,pool6,NB,8
HPSI0514i,HPSI0514i-tert_1,D11,pool6,P_FPP,1042
HPSI0514i,HPSI0514i-tert_1,D30,pool6,DA,235
HPSI0514i,HPSI0514i-tert_1,D30,pool6,Epen1,68
HPSI0514i,HPSI0514i-tert_1,D30,pool6,FPP,122
HPSI0514i,HPSI0514i-tert_1,D30,pool6,P_FPP,109
HPSI0514i,HPSI0514i-tert_1,D30,pool6,Sert,765
HPSI0514i,HPSI0514i-tert_1,D30,pool6,U_Neur1,13
HPSI0514i,HPSI0514i-tert_1,D30,pool6,U_Neur2,5
HPSI0514i,HPSI0514i-tert_1,D52,pool6,Astro,7
HPSI0514i,HPSI0514i-tert_1,D52,pool6,DA,104
HPSI0514i,HPSI0514i-tert_1,D52,pool6,Epen1,180
HPSI0514i,HPSI0514i-tert_1,D52,pool6,Epen2,7
HPSI0514i,HPSI0514i-tert_1,D52,pool6,FPP,115
HPSI0514i,HPSI0514i-tert_1,D52,pool6,P_FPP,17
HPSI0514i,HPSI0514i-tert_1,D52,pool6,P_Sert,9
HPSI0514i,HPSI0514i-tert_1,D52,pool6,Sert,974
HPSI0514i,HPSI0514i-tert_1,D52,pool6,U_Neur1,3
HPSI0514i,HPSI0514i-tert_1,D52,pool6,U_Neur3,18
HPSI0514i,HPSI0514i-uenn_3,D11,pool2,FPP,354
HPSI0514i,HPSI0514i-uenn_3,D11,pool2,NB,74
HPSI0514i,HPSI0514i-uenn_3,D11,pool2,P_FPP,166
HPSI0514i,HPSI0514i-uenn_3,D11,pool3,FPP,161
HPSI0514i,HPSI0514i-uenn_3,D11,pool3,NB,17
HPSI0514i,HPSI0514i-uenn_3,D11,pool3,P_FPP,98
HPSI0514i,HPSI0514i-uenn_3,D30,pool2,DA,235
HPSI0514i,HPSI0514i-uenn_3,D30,pool2,Epen1,129
HPSI0514i,HPSI0514i-uenn_3,D30,pool2,FPP,209
HPSI0514i,HPSI0514i-uenn_3,D30,pool2,P_FPP,62
HPSI0514i,HPSI0514i-uenn_3,D30,pool2,Sert,98
HPSI0514i,HPSI0514i-uenn_3,D30,pool2,U_Neur1,39
HPSI0514i,HPSI0514i-uenn_3,D30,pool2,U_Neur2,3
HPSI0514i,HPSI0514i-uenn_3,D30,pool3,DA,32
HPSI0514i,HPSI0514i-uenn_3,D30,pool3,Epen1,19
HPSI0514i,HPSI0514i-uenn_3,D30,pool3,FPP,20
HPSI0514i,HPSI0514i-uenn_3,D30,pool3,P_FPP,11
HPSI0514i,HPSI0514i-uenn_3,D30,pool3,Sert,79
HPSI0514i,HPSI0514i-uenn_3,D30,pool3,U_Neur1,4
HPSI0514i,HPSI0514i-uenn_3,D52,pool2,Astro,1387
HPSI0514i,HPSI0514i-uenn_3,D52,pool2,DA,243
HPSI0514i,HPSI0514i-uenn_3,D52,pool2,Epen1,428
HPSI0514i,HPSI0514i-uenn_3,D52,pool2,Epen2,9
HPSI0514i,HPSI0514i-uenn_3,D52,pool2,FPP,558
HPSI0514i,HPSI0514i-uenn_3,D52,pool2,P_FPP,308
HPSI0514i,HPSI0514i-uenn_3,D52,pool2,P_Sert,1
HPSI0514i,HPSI0514i-uenn_3,D52,pool2,Sert,150
HPSI0514i,HPSI0514i-uenn_3,D52,pool2,U_Neur1,159
HPSI0514i,HPSI0514i-uenn_3,D52,pool2,U_Neur3,45
HPSI0514i,HPSI0514i-uenn_3,D52,pool3,Astro,60
HPSI0514i,HPSI0514i-uenn_3,D52,pool3,DA,66
HPSI0514i,HPSI0514i-uenn_3,D52,pool3,Epen1,88
HPSI0514i,HPSI0514i-uenn_3,D52,pool3,Epen2,1
HPSI0514i,HPSI0514i-uenn_3,D52,pool3,FPP,63
HPSI0514i,HPSI0514i-uenn_3,D52,pool3,P_FPP,17
HPSI0514i,HPSI0514i-uenn_3,D52,pool3,P_Sert,5
HPSI0514i,HPSI0514i-uenn_3,D52,pool3,Sert,235
HPSI0514i,HPSI0514i-uenn_3,D52,pool3,U_Neur1,3
HPSI0514i,HPSI0514i-uenn_3,D52,pool3,U_Neur3,40
HPSI0514i,HPSI0514i-wiii_3,D11,pool7,FPP,73
HPSI0514i,HPSI0514i-wiii_3,D11,pool7,NB,36
HPSI0514i,HPSI0514i-wiii_3,D11,pool7,P_FPP,46
HPSI0514i,HPSI0514i-wiii_3,D11,pool8,FPP,398
HPSI0514i,HPSI0514i-wiii_3,D11,pool8,NB,115
HPSI0514i,HPSI0514i-wiii_3,D11,pool8,P_FPP,361
HPSI0514i,HPSI0514i-wiii_3,D30,pool7,DA,125
HPSI0514i,HPSI0514i-wiii_3,D30,pool7,Epen1,212
HPSI0514i,HPSI0514i-wiii_3,D30,pool7,FPP,594
HPSI0514i,HPSI0514i-wiii_3,D30,pool7,P_FPP,432
HPSI0514i,HPSI0514i-wiii_3,D30,pool7,Sert,19
HPSI0514i,HPSI0514i-wiii_3,D30,pool7,U_Neur1,1425
HPSI0514i,HPSI0514i-wiii_3,D30,pool7,U_Neur2,223
HPSI0514i,HPSI0514i-wiii_3,D30,pool8,DA,30
HPSI0514i,HPSI0514i-wiii_3,D30,pool8,Epen1,72
HPSI0514i,HPSI0514i-wiii_3,D30,pool8,FPP,656
HPSI0514i,HPSI0514i-wiii_3,D30,pool8,P_FPP,264
HPSI0514i,HPSI0514i-wiii_3,D30,pool8,Sert,25
HPSI0514i,HPSI0514i-wiii_3,D30,pool8,U_Neur1,933
HPSI0514i,HPSI0514i-wiii_3,D30,pool8,U_Neur2,85
HPSI0514i,HPSI0514i-wiii_3,D52,pool7,Astro,4413
HPSI0514i,HPSI0514i-wiii_3,D52,pool7,DA,192
HPSI0514i,HPSI0514i-wiii_3,D52,pool7,Epen1,466
HPSI0514i,HPSI0514i-wiii_3,D52,pool7,Epen2,8
HPSI0514i,HPSI0514i-wiii_3,D52,pool7,FPP,921
HPSI0514i,HPSI0514i-wiii_3,D52,pool7,P_FPP,924
HPSI0514i,HPSI0514i-wiii_3,D52,pool7,P_Sert,1
HPSI0514i,HPSI0514i-wiii_3,D52,pool7,Sert,9
HPSI0514i,HPSI0514i-wiii_3,D52,pool7,U_Neur1,2411
HPSI0514i,HPSI0514i-wiii_3,D52,pool7,U_Neur3,85
HPSI0514i,HPSI0514i-wiii_3,D52,pool8,Astro,662
HPSI0514i,HPSI0514i-wiii_3,D52,pool8,DA,52
HPSI0514i,HPSI0514i-wiii_3,D52,pool8,Epen1,363
HPSI0514i,HPSI0514i-wiii_3,D52,pool8,Epen2,19
HPSI0514i,HPSI0514i-wiii_3,D52,pool8,FPP,199
HPSI0514i,HPSI0514i-wiii_3,D52,pool8,P_FPP,155
HPSI0514i,HPSI0514i-wiii_3,D52,pool8,P_Sert,2
HPSI0514i,HPSI0514i-wiii_3,D52,pool8,Sert,37
HPSI0514i,HPSI0514i-wiii_3,D52,pool8,U_Neur1,883
HPSI0514i,HPSI0514i-wiii_3,D52,pool8,U_Neur3,9
HPSI0514i,HPSI0514i-yewo_4,D11,pool7,FPP,122
HPSI0514i,HPSI0514i-yewo_4,D11,pool7,NB,1
HPSI0514i,HPSI0514i-yewo_4,D11,pool7,P_FPP,45
HPSI0514i,HPSI0514i-yewo_4,D30,pool7,DA,136
HPSI0514i,HPSI0514i-yewo_4,D30,pool7,Epen1,37
HPSI0514i,HPSI0514i-yewo_4,D30,pool7,FPP,36
HPSI0514i,HPSI0514i-yewo_4,D30,pool7,P_FPP,83
HPSI0514i,HPSI0514i-yewo_4,D30,pool7,Sert,644
HPSI0514i,HPSI0514i-yewo_4,D30,pool7,U_Neur1,4
HPSI0514i,HPSI0514i-yewo_4,D52,pool7,Astro,43
HPSI0514i,HPSI0514i-yewo_4,D52,pool7,DA,102
HPSI0514i,HPSI0514i-yewo_4,D52,pool7,Epen1,57
HPSI0514i,HPSI0514i-yewo_4,D52,pool7,FPP,31
HPSI0514i,HPSI0514i-yewo_4,D52,pool7,P_FPP,12
HPSI0514i,HPSI0514i-yewo_4,D52,pool7,P_Sert,35
HPSI0514i,HPSI0514i-yewo_4,D52,pool7,Sert,1268
HPSI0514i,HPSI0514i-yewo_4,D52,pool7,U_Neur1,8
HPSI0514i,HPSI0514i-yewo_4,D52,pool7,U_Neur3,47
HPSI0613i,HPSI0613i-aevs_1,D11,pool11,FPP,297
HPSI0613i,HPSI0613i-aevs_1,D11,pool11,NB,185
HPSI0613i,HPSI0613i-aevs_1,D11,pool11,P_FPP,591
HPSI0613i,HPSI0613i-aevs_1,D30,pool11,DA,47
HPSI0613i,HPSI0613i-aevs_1,D30,pool11,Epen1,93
HPSI0613i,HPSI0613i-aevs_1,D30,pool11,FPP,143
HPSI0613i,HPSI0613i-aevs_1,D30,pool11,P_FPP,35
HPSI0613i,HPSI0613i-aevs_1,D30,pool11,Sert,5
HPSI0613i,HPSI0613i-aevs_1,D30,pool11,U_Neur1,105
HPSI0613i,HPSI0613i-aevs_1,D30,pool11,U_Neur2,5
HPSI0613i,HPSI0613i-aevs_1,D52,pool11,Astro,551
HPSI0613i,HPSI0613i-aevs_1,D52,pool11,DA,421
HPSI0613i,HPSI0613i-aevs_1,D52,pool11,Epen1,894
HPSI0613i,HPSI0613i-aevs_1,D52,pool11,Epen2,21
HPSI0613i,HPSI0613i-aevs_1,D52,pool11,FPP,429
HPSI0613i,HPSI0613i-aevs_1,D52,pool11,P_FPP,246
HPSI0613i,HPSI0613i-aevs_1,D52,pool11,Sert,11
HPSI0613i,HPSI0613i-aevs_1,D52,pool11,U_Neur1,1505
HPSI0613i,HPSI0613i-aevs_1,D52,pool11,U_Neur3,32
HPSI0613i,HPSI0613i-bawa_1,D11,pool11,FPP,188
HPSI0613i,HPSI0613i-bawa_1,D11,pool11,NB,1
HPSI0613i,HPSI0613i-bawa_1,D11,pool11,P_FPP,554
HPSI0613i,HPSI0613i-bawa_1,D30,pool11,DA,98
HPSI0613i,HPSI0613i-bawa_1,D30,pool11,Epen1,1
HPSI0613i,HPSI0613i-bawa_1,D30,pool11,FPP,13
HPSI0613i,HPSI0613i-bawa_1,D30,pool11,P_FPP,8
HPSI0613i,HPSI0613i-bawa_1,D30,pool11,Sert,57
HPSI0613i,HPSI0613i-bawa_1,D30,pool11,U_Neur1,3
HPSI0613i,HPSI0613i-bawa_1,D52,pool11,Astro,27
HPSI0613i,HPSI0613i-bawa_1,D52,pool11,DA,510
HPSI0613i,HPSI0613i-bawa_1,D52,pool11,Epen1,22
HPSI0613i,HPSI0613i-bawa_1,D52,pool11,Epen2,1
HPSI0613i,HPSI0613i-bawa_1,D52,pool11,FPP,154
HPSI0613i,HPSI0613i-bawa_1,D52,pool11,P_FPP,36
HPSI0613i,HPSI0613i-bawa_1,D52,pool11,P_Sert,22
HPSI0613i,HPSI0613i-bawa_1,D52,pool11,Sert,1547
HPSI0613i,HPSI0613i-bawa_1,D52,pool11,U_Neur1,20
HPSI0613i,HPSI0613i-bawa_1,D52,pool11,U_Neur3,23
HPSI0613i,HPSI0613i-bohf_1,D11,pool11,FPP,384
HPSI0613i,HPSI0613i-bohf_1,D11,pool11,NB,3
HPSI0613i,HPSI0613i-bohf_1,D11,pool11,P_FPP,644
HPSI0613i,HPSI0613i-bohf_1,D30,pool11,DA,176
HPSI0613i,HPSI0613i-bohf_1,D30,pool11,Epen1,1
HPSI0613i,HPSI0613i-bohf_1,D30,pool11,FPP,36
HPSI0613i,HPSI0613i-bohf_1,D30,pool11,P_FPP,8
HPSI0613i,HPSI0613i-bohf_1,D30,pool11,Sert,17
HPSI0613i,HPSI0613i-bohf_1,D30,pool11,U_Neur1,1
HPSI0613i,HPSI0613i-bohf_1,D52,pool11,Astro,100
HPSI0613i,HPSI0613i-bohf_1,D52,pool11,DA,914
HPSI0613i,HPSI0613i-bohf_1,D52,pool11,Epen1,174
HPSI0613i,HPSI0613i-bohf_1,D52,pool11,Epen2,17
HPSI0613i,HPSI0613i-bohf_1,D52,pool11,FPP,604
HPSI0613i,HPSI0613i-bohf_1,D52,pool11,P_FPP,109
HPSI0613i,HPSI0613i-bohf_1,D52,pool11,P_Sert,1
HPSI0613i,HPSI0613i-bohf_1,D52,pool11,Sert,102
HPSI0613i,HPSI0613i-bohf_1,D52,pool11,U_Neur1,8
HPSI0613i,HPSI0613i-bohf_1,D52,pool11,U_Neur3,6
HPSI0613i,HPSI0613i-eojr_2,D11,pool11,FPP,46
HPSI0613i,HPSI0613i-eojr_2,D11,pool11,P_FPP,79
HPSI0613i,HPSI0613i-eojr_2,D30,pool11,DA,11
HPSI0613i,HPSI0613i-eojr_2,D30,pool11,P_FPP,1
HPSI0613i,HPSI0613i-eojr_2,D30,pool11,Sert,1
HPSI0613i,HPSI0613i-eojr_2,D52,pool11,Astro,2
HPSI0613i,HPSI0613i-eojr_2,D52,pool11,DA,47
HPSI0613i,HPSI0613i-eojr_2,D52,pool11,Epen1,9
HPSI0613i,HPSI0613i-eojr_2,D52,pool11,FPP,1
HPSI0613i,HPSI0613i-eojr_2,D52,pool11,P_Sert,1
HPSI0613i,HPSI0613i-eojr_2,D52,pool11,Sert,22
HPSI0613i,HPSI0613i-eojr_2,D52,pool11,U_Neur1,1
HPSI0613i,HPSI0613i-eojr_2,D52,pool11,U_Neur3,2
HPSI0613i,HPSI0613i-hegp_3,D11,pool11,FPP,76
HPSI0613i,HPSI0613i-hegp_3,D11,pool11,NB,2
HPSI0613i,HPSI0613i-hegp_3,D11,pool11,P_FPP,155
HPSI0613i,HPSI0613i-hegp_3,D30,pool11,DA,25
HPSI0613i,HPSI0613i-hegp_3,D30,pool11,Epen1,7
HPSI0613i,HPSI0613i-hegp_3,D30,pool11,FPP,6
HPSI0613i,HPSI0613i-hegp_3,D30,pool11,P_FPP,4
HPSI0613i,HPSI0613i-hegp_3,D30,pool11,Sert,21
HPSI0613i,HPSI0613i-hegp_3,D30,pool11,U_Neur1,2
HPSI0613i,HPSI0613i-hegp_3,D52,pool11,Astro,2
HPSI0613i,HPSI0613i-hegp_3,D52,pool11,DA,123
HPSI0613i,HPSI0613i-hegp_3,D52,pool11,Epen1,80
HPSI0613i,HPSI0613i-hegp_3,D52,pool11,Epen2,3
HPSI0613i,HPSI0613i-hegp_3,D52,pool11,FPP,40
HPSI0613i,HPSI0613i-hegp_3,D52,pool11,P_FPP,6
HPSI0613i,HPSI0613i-hegp_3,D52,pool11,P_Sert,3
HPSI0613i,HPSI0613i-hegp_3,D52,pool11,Sert,209
HPSI0613i,HPSI0613i-hegp_3,D52,pool11,U_Neur1,10
HPSI0613i,HPSI0613i-hegp_3,D52,pool11,U_Neur3,10
HPSI0613i,HPSI0613i-hikj_2,D11,pool11,FPP,102
HPSI0613i,HPSI0613i-hikj_2,D11,pool11,NB,4
HPSI0613i,HPSI0613i-hikj_2,D11,pool11,P_FPP,194
HPSI0613i,HPSI0613i-hikj_2,D30,pool11,DA,27
HPSI0613i,HPSI0613i-hikj_2,D30,pool11,Epen1,2
HPSI0613i,HPSI0613i-hikj_2,D30,pool11,FPP,3
HPSI0613i,HPSI0613i-hikj_2,D30,pool11,P_FPP,4
HPSI0613i,HPSI0613i-hikj_2,D30,pool11,Sert,32
HPSI0613i,HPSI0613i-hikj_2,D52,pool11,Astro,9
HPSI0613i,HPSI0613i-hikj_2,D52,pool11,DA,191
HPSI0613i,HPSI0613i-hikj_2,D52,pool11,Epen1,19
HPSI0613i,HPSI0613i-hikj_2,D52,pool11,FPP,22
HPSI0613i,HPSI0613i-hikj_2,D52,pool11,P_FPP,3
HPSI0613i,HPSI0613i-hikj_2,D52,pool11,P_Sert,14
HPSI0613i,HPSI0613i-hikj_2,D52,pool11,Sert,694
HPSI0613i,HPSI0613i-hikj_2,D52,pool11,U_Neur1,1
HPSI0613i,HPSI0613i-hikj_2,D52,pool11,U_Neur3,7
HPSI0613i,HPSI0613i-liun_22,D52,pool15,Astro,106
HPSI0613i,HPSI0613i-liun_22,D52,pool15,DA,160
HPSI0613i,HPSI0613i-liun_22,D52,pool15,Epen1,8
HPSI0613i,HPSI0613i-liun_22,D52,pool15,FPP,24
HPSI0613i,HPSI0613i-liun_22,D52,pool15,P_FPP,47
HPSI0613i,HPSI0613i-liun_22,D52,pool15,P_Sert,1
HPSI0613i,HPSI0613i-liun_22,D52,pool15,Sert,30
HPSI0613i,HPSI0613i-liun_22,D52,pool15,U_Neur1,188
HPSI0613i,HPSI0613i-liun_22,D52,pool15,U_Neur3,6
HPSI0613i,HPSI0613i-lizq_3,D11,pool11,FPP,191
HPSI0613i,HPSI0613i-lizq_3,D11,pool11,NB,2
HPSI0613i,HPSI0613i-lizq_3,D11,pool11,P_FPP,388
HPSI0613i,HPSI0613i-lizq_3,D30,pool11,DA,38
HPSI0613i,HPSI0613i-lizq_3,D30,pool11,Epen1,4
HPSI0613i,HPSI0613i-lizq_3,D30,pool11,FPP,12
HPSI0613i,HPSI0613i-lizq_3,D30,pool11,P_FPP,2
HPSI0613i,HPSI0613i-lizq_3,D30,pool11,Sert,7
HPSI0613i,HPSI0613i-lizq_3,D52,pool11,Astro,70
HPSI0613i,HPSI0613i-lizq_3,D52,pool11,DA,280
HPSI0613i,HPSI0613i-lizq_3,D52,pool11,Epen1,50
HPSI0613i,HPSI0613i-lizq_3,D52,pool11,FPP,111
HPSI0613i,HPSI0613i-lizq_3,D52,pool11,P_FPP,22
HPSI0613i,HPSI0613i-lizq_3,D52,pool11,Sert,38
HPSI0613i,HPSI0613i-lizq_3,D52,pool11,U_Neur1,10
HPSI0613i,HPSI0613i-lizq_3,D52,pool11,U_Neur3,7
HPSI0613i,HPSI0613i-lizq_3,D52,pool16,Astro,6
HPSI0613i,HPSI0613i-lizq_3,D52,pool16,DA,172
HPSI0613i,HPSI0613i-lizq_3,D52,pool16,Epen1,38
HPSI0613i,HPSI0613i-lizq_3,D52,pool16,Epen2,2
HPSI0613i,HPSI0613i-lizq_3,D52,pool16,FPP,68
HPSI0613i,HPSI0613i-lizq_3,D52,pool16,P_FPP,8
HPSI0613i,HPSI0613i-lizq_3,D52,pool16,P_Sert,1
HPSI0613i,HPSI0613i-lizq_3,D52,pool16,Sert,99
HPSI0613i,HPSI0613i-lizq_3,D52,pool16,U_Neur1,4
HPSI0613i,HPSI0613i-lizq_3,D52,pool16,U_Neur3,6
HPSI0613i,HPSI0613i-nukw_1,D11,pool12,FPP,775
HPSI0613i,HPSI0613i-nukw_1,D11,pool12,NB,20
HPSI0613i,HPSI0613i-nukw_1,D11,pool12,P_FPP,460
HPSI0613i,HPSI0613i-nukw_1,D30,pool12,DA,933
HPSI0613i,HPSI0613i-nukw_1,D30,pool12,Epen1,6
HPSI0613i,HPSI0613i-nukw_1,D30,pool12,FPP,117
HPSI0613i,HPSI0613i-nukw_1,D30,pool12,P_FPP,66
HPSI0613i,HPSI0613i-nukw_1,D30,pool12,Sert,391
HPSI0613i,HPSI0613i-nukw_1,D30,pool12,U_Neur1,32
HPSI0613i,HPSI0613i-oesx_3,D11,pool12,FPP,264
HPSI0613i,HPSI0613i-oesx_3,D11,pool12,NB,44
HPSI0613i,HPSI0613i-oesx_3,D11,pool12,P_FPP,120
HPSI0613i,HPSI0613i-oesx_3,D30,pool12,DA,39
HPSI0613i,HPSI0613i-oesx_3,D30,pool12,Epen1,73
HPSI0613i,HPSI0613i-oesx_3,D30,pool12,FPP,202
HPSI0613i,HPSI0613i-oesx_3,D30,pool12,P_FPP,73
HPSI0613i,HPSI0613i-oesx_3,D30,pool12,Sert,7
HPSI0613i,HPSI0613i-oesx_3,D30,pool12,U_Neur1,33
HPSI0613i,HPSI0613i-oomz_22,D52,pool15,Astro,275
HPSI0613i,HPSI0613i-oomz_22,D52,pool15,DA,334
HPSI0613i,HPSI0613i-oomz_22,D52,pool15,Epen1,349
HPSI0613i,HPSI0613i-oomz_22,D52,pool15,Epen2,6
HPSI0613i,HPSI0613i-oomz_22,D52,pool15,FPP,295
HPSI0613i,HPSI0613i-oomz_22,D52,pool15,P_FPP,322
HPSI0613i,HPSI0613i-oomz_22,D52,pool15,P_Sert,4
HPSI0613i,HPSI0613i-oomz_22,D52,pool15,Sert,72
HPSI0613i,HPSI0613i-oomz_22,D52,pool15,U_Neur1,2691
HPSI0613i,HPSI0613i-oomz_22,D52,pool15,U_Neur3,8
HPSI0613i,HPSI0613i-qanu_1,D30,pool12,DA,7
HPSI0613i,HPSI0613i-qanu_1,D30,pool12,FPP,5
HPSI0613i,HPSI0613i-qanu_1,D30,pool12,P_FPP,32
HPSI0613i,HPSI0613i-qanu_1,D30,pool12,Sert,7
HPSI0613i,HPSI0613i-qanu_1,D30,pool12,U_Neur1,1
HPSI0613i,HPSI0613i-qony_1,D52,pool17,Astro,20
HPSI0613i,HPSI0613i-qony_1,D52,pool17,DA,153
HPSI0613i,HPSI0613i-qony_1,D52,pool17,Epen1,24
HPSI0613i,HPSI0613i-qony_1,D52,pool17,FPP,44
HPSI0613i,HPSI0613i-qony_1,D52,pool17,P_FPP,22
HPSI0613i,HPSI0613i-qony_1,D52,pool17,Sert,96
HPSI0613i,HPSI0613i-qony_1,D52,pool17,U_Neur1,3
HPSI0613i,HPSI0613i-qony_1,D52,pool17,U_Neur3,18
HPSI0613i,HPSI0613i-ueah_4,D11,pool12,FPP,249
HPSI0613i,HPSI0613i-ueah_4,D11,pool12,NB,9
HPSI0613i,HPSI0613i-ueah_4,D11,pool12,P_FPP,162
HPSI0613i,HPSI0613i-ueah_4,D30,pool12,DA,189
HPSI0613i,HPSI0613i-ueah_4,D30,pool12,Epen1,9
HPSI0613i,HPSI0613i-ueah_4,D30,pool12,FPP,32
HPSI0613i,HPSI0613i-ueah_4,D30,pool12,P_FPP,21
HPSI0613i,HPSI0613i-ueah_4,D30,pool12,Sert,14
HPSI0613i,HPSI0613i-ueah_4,D30,pool12,U_Neur1,8
HPSI0613i,HPSI0613i-xavk_3,D52,pool14,DA,13
HPSI0613i,HPSI0613i-xavk_3,D52,pool14,Sert,26
HPSI0613i,HPSI0613i-xavk_3,D52,pool14,U_Neur3,4
HPSI0613i,HPSI0613i-xosg_2,D30,pool12,DA,8
HPSI0613i,HPSI0613i-xosg_2,D30,pool12,FPP,1
HPSI0613i,HPSI0613i-xosg_2,D30,pool12,P_FPP,12
HPSI0613i,HPSI0613i-xosg_2,D30,pool12,U_Neur1,1
HPSI0614i,HPSI0614i-juzt_4,D11,pool7,FPP,115
HPSI0614i,HPSI0614i-juzt_4,D11,pool7,NB,18
HPSI0614i,HPSI0614i-juzt_4,D11,pool7,P_FPP,61
HPSI0614i,HPSI0614i-juzt_4,D30,pool7,DA,138
HPSI0614i,HPSI0614i-juzt_4,D30,pool7,Epen1,262
HPSI0614i,HPSI0614i-juzt_4,D30,pool7,FPP,335
HPSI0614i,HPSI0614i-juzt_4,D30,pool7,P_FPP,74
HPSI0614i,HPSI0614i-juzt_4,D30,pool7,Sert,46
HPSI0614i,HPSI0614i-juzt_4,D30,pool7,U_Neur1,109
HPSI0614i,HPSI0614i-juzt_4,D30,pool7,U_Neur2,3
HPSI0614i,HPSI0614i-juzt_4,D52,pool7,Astro,693
HPSI0614i,HPSI0614i-juzt_4,D52,pool7,DA,181
HPSI0614i,HPSI0614i-juzt_4,D52,pool7,Epen1,474
HPSI0614i,HPSI0614i-juzt_4,D52,pool7,Epen2,10
HPSI0614i,HPSI0614i-juzt_4,D52,pool7,FPP,297
HPSI0614i,HPSI0614i-juzt_4,D52,pool7,P_FPP,166
HPSI0614i,HPSI0614i-juzt_4,D52,pool7,Sert,21
HPSI0614i,HPSI0614i-juzt_4,D52,pool7,U_Neur1,130
HPSI0614i,HPSI0614i-juzt_4,D52,pool7,U_Neur3,69
HPSI0614i,HPSI0614i-liqa_1,D11,pool1,FPP,2037
HPSI0614i,HPSI0614i-liqa_1,D11,pool1,NB,8
HPSI0614i,HPSI0614i-liqa_1,D11,pool1,P_FPP,1145
HPSI0614i,HPSI0614i-liqa_1,D30,pool1,DA,459
HPSI0614i,HPSI0614i-liqa_1,D30,pool1,Epen1,10
HPSI0614i,HPSI0614i-liqa_1,D30,pool1,FPP,158
HPSI0614i,HPSI0614i-liqa_1,D30,pool1,P_FPP,85
HPSI0614i,HPSI0614i-liqa_1,D30,pool1,Sert,269
HPSI0614i,HPSI0614i-liqa_1,D30,pool1,U_Neur1,59
HPSI0614i,HPSI0614i-liqa_1,D30,pool1,U_Neur2,3
HPSI0614i,HPSI0614i-liqa_1,D52,pool1,Astro,110
HPSI0614i,HPSI0614i-liqa_1,D52,pool1,DA,461
HPSI0614i,HPSI0614i-liqa_1,D52,pool1,Epen1,42
HPSI0614i,HPSI0614i-liqa_1,D52,pool1,Epen2,6
HPSI0614i,HPSI0614i-liqa_1,D52,pool1,FPP,1024
HPSI0614i,HPSI0614i-liqa_1,D52,pool1,P_FPP,166
HPSI0614i,HPSI0614i-liqa_1,D52,pool1,P_Sert,15
HPSI0614i,HPSI0614i-liqa_1,D52,pool1,Sert,1474
HPSI0614i,HPSI0614i-liqa_1,D52,pool1,U_Neur1,108
HPSI0614i,HPSI0614i-liqa_1,D52,pool1,U_Neur3,79
HPSI0614i,HPSI0614i-lirf_5,D11,pool5,FPP,923
HPSI0614i,HPSI0614i-lirf_5,D11,pool5,NB,206
HPSI0614i,HPSI0614i-lirf_5,D11,pool5,P_FPP,538
HPSI0614i,HPSI0614i-lirf_5,D30,pool5,DA,83
HPSI0614i,HPSI0614i-lirf_5,D30,pool5,Epen1,201
HPSI0614i,HPSI0614i-lirf_5,D30,pool5,FPP,272
HPSI0614i,HPSI0614i-lirf_5,D30,pool5,P_FPP,46
HPSI0614i,HPSI0614i-lirf_5,D30,pool5,Sert,16
HPSI0614i,HPSI0614i-lirf_5,D30,pool5,U_Neur1,60
HPSI0614i,HPSI0614i-lirf_5,D30,pool5,U_Neur2,3
HPSI0614i,HPSI0614i-lirf_5,D52,pool5,Astro,195
HPSI0614i,HPSI0614i-lirf_5,D52,pool5,DA,48
HPSI0614i,HPSI0614i-lirf_5,D52,pool5,Epen1,300
HPSI0614i,HPSI0614i-lirf_5,D52,pool5,Epen2,11
HPSI0614i,HPSI0614i-lirf_5,D52,pool5,FPP,149
HPSI0614i,HPSI0614i-lirf_5,D52,pool5,P_FPP,43
HPSI0614i,HPSI0614i-lirf_5,D52,pool5,Sert,1
HPSI0614i,HPSI0614i-lirf_5,D52,pool5,U_Neur1,59
HPSI0614i,HPSI0614i-lirf_5,D52,pool5,U_Neur3,5
HPSI0614i,HPSI0614i-miaj_4,D11,pool8,FPP,1737
HPSI0614i,HPSI0614i-miaj_4,D11,pool8,NB,264
HPSI0614i,HPSI0614i-miaj_4,D11,pool8,P_FPP,1122
HPSI0614i,HPSI0614i-miaj_4,D30,pool8,DA,45
HPSI0614i,HPSI0614i-miaj_4,D30,pool8,Epen1,356
HPSI0614i,HPSI0614i-miaj_4,D30,pool8,FPP,576
HPSI0614i,HPSI0614i-miaj_4,D30,pool8,P_FPP,52
HPSI0614i,HPSI0614i-miaj_4,D30,pool8,Sert,15
HPSI0614i,HPSI0614i-miaj_4,D30,pool8,U_Neur1,358
HPSI0614i,HPSI0614i-miaj_4,D30,pool8,U_Neur2,2
HPSI0614i,HPSI0614i-miaj_4,D52,pool8,Astro,229
HPSI0614i,HPSI0614i-miaj_4,D52,pool8,DA,53
HPSI0614i,HPSI0614i-miaj_4,D52,pool8,Epen1,753
HPSI0614i,HPSI0614i-miaj_4,D52,pool8,Epen2,33
HPSI0614i,HPSI0614i-miaj_4,D52,pool8,FPP,90
HPSI0614i,HPSI0614i-miaj_4,D52,pool8,P_FPP,62
HPSI0614i,HPSI0614i-miaj_4,D52,pool8,Sert,14
HPSI0614i,HPSI0614i-miaj_4,D52,pool8,U_Neur1,226
HPSI0614i,HPSI0614i-miaj_4,D52,pool8,U_Neur3,17
HPSI0614i,HPSI0614i-oicx_2,D11,pool5,FPP,68
HPSI0614i,HPSI0614i-oicx_2,D11,pool5,P_FPP,60
HPSI0614i,HPSI0614i-oicx_2,D30,pool5,DA,105
HPSI0614i,HPSI0614i-oicx_2,D30,pool5,Epen1,16
HPSI0614i,HPSI0614i-oicx_2,D30,pool5,FPP,33
HPSI0614i,HPSI0614i-oicx_2,D30,pool5,P_FPP,6
HPSI0614i,HPSI0614i-oicx_2,D30,pool5,Sert,41
HPSI0614i,HPSI0614i-oicx_2,D30,pool5,U_Neur1,9
HPSI0614i,HPSI0614i-oicx_2,D52,pool5,Astro,4
HPSI0614i,HPSI0614i-oicx_2,D52,pool5,DA,36
HPSI0614i,HPSI0614i-oicx_2,D52,pool5,Epen1,43
HPSI0614i,HPSI0614i-oicx_2,D52,pool5,Epen2,4
HPSI0614i,HPSI0614i-oicx_2,D52,pool5,FPP,24
HPSI0614i,HPSI0614i-oicx_2,D52,pool5,P_FPP,5
HPSI0614i,HPSI0614i-oicx_2,D52,pool5,Sert,15
HPSI0614i,HPSI0614i-oicx_2,D52,pool5,U_Neur1,2
HPSI0614i,HPSI0614i-oicx_2,D52,pool5,U_Neur3,7
HPSI0614i,HPSI0614i-paab_3,D11,pool5,FPP,11
HPSI0614i,HPSI0614i-paab_3,D11,pool5,P_FPP,4
HPSI0614i,HPSI0614i-paab_3,D30,pool5,DA,22
HPSI0614i,HPSI0614i-paab_3,D30,pool5,FPP,4
HPSI0614i,HPSI0614i-paab_3,D30,pool5,Sert,7
HPSI0614i,HPSI0614i-paab_3,D30,pool5,U_Neur1,7
HPSI0614i,HPSI0614i-paab_3,D52,pool5,Epen1,2
HPSI0614i,HPSI0614i-paab_3,D52,pool5,Epen2,1
HPSI0614i,HPSI0614i-paab_3,D52,pool5,FPP,1
HPSI0614i,HPSI0614i-paab_3,D52,pool5,U_Neur3,2
HPSI0614i,HPSI0614i-puhk_2,D11,pool9,FPP,1526
HPSI0614i,HPSI0614i-puhk_2,D11,pool9,NB,457
HPSI0614i,HPSI0614i-puhk_2,D11,pool9,P_FPP,1145
HPSI0614i,HPSI0614i-puhk_2,D30,pool9,DA,148
HPSI0614i,HPSI0614i-puhk_2,D30,pool9,Epen1,734
HPSI0614i,HPSI0614i-puhk_2,D30,pool9,FPP,1095
HPSI0614i,HPSI0614i-puhk_2,D30,pool9,P_FPP,213
HPSI0614i,HPSI0614i-puhk_2,D30,pool9,Sert,31
HPSI0614i,HPSI0614i-puhk_2,D30,pool9,U_Neur1,1511
HPSI0614i,HPSI0614i-puhk_2,D30,pool9,U_Neur2,161
HPSI0614i,HPSI0614i-puhk_2,D52,pool9,Astro,685
HPSI0614i,HPSI0614i-puhk_2,D52,pool9,DA,73
HPSI0614i,HPSI0614i-puhk_2,D52,pool9,Epen1,441
HPSI0614i,HPSI0614i-puhk_2,D52,pool9,Epen2,10
HPSI0614i,HPSI0614i-puhk_2,D52,pool9,FPP,67
HPSI0614i,HPSI0614i-puhk_2,D52,pool9,P_FPP,106
HPSI0614i,HPSI0614i-puhk_2,D52,pool9,Sert,10
HPSI0614i,HPSI0614i-puhk_2,D52,pool9,U_Neur1,497
HPSI0614i,HPSI0614i-puhk_2,D52,pool9,U_Neur3,18
HPSI0614i,HPSI0614i-qunz_2,D11,pool8,FPP,180
HPSI0614i,HPSI0614i-qunz_2,D11,pool8,NB,1
HPSI0614i,HPSI0614i-qunz_2,D11,pool8,P_FPP,171
HPSI0614i,HPSI0614i-qunz_2,D30,pool8,DA,84
HPSI0614i,HPSI0614i-qunz_2,D30,pool8,Epen1,10
HPSI0614i,HPSI0614i-qunz_2,D30,pool8,FPP,75
HPSI0614i,HPSI0614i-qunz_2,D30,pool8,P_FPP,29
HPSI0614i,HPSI0614i-qunz_2,D30,pool8,Sert,96
HPSI0614i,HPSI0614i-qunz_2,D30,pool8,U_Neur1,10
HPSI0614i,HPSI0614i-qunz_2,D52,pool8,Astro,6
HPSI0614i,HPSI0614i-qunz_2,D52,pool8,DA,86
HPSI0614i,HPSI0614i-qunz_2,D52,pool8,Epen1,68
HPSI0614i,HPSI0614i-qunz_2,D52,pool8,FPP,170
HPSI0614i,HPSI0614i-qunz_2,D52,pool8,P_FPP,20
HPSI0614i,HPSI0614i-qunz_2,D52,pool8,P_Sert,1
HPSI0614i,HPSI0614i-qunz_2,D52,pool8,Sert,151
HPSI0614i,HPSI0614i-qunz_2,D52,pool8,U_Neur1,2
HPSI0614i,HPSI0614i-qunz_2,D52,pool8,U_Neur3,9
HPSI0614i,HPSI0614i-uevq_6,D11,pool2,FPP,713
HPSI0614i,HPSI0614i-uevq_6,D11,pool2,NB,181
HPSI0614i,HPSI0614i-uevq_6,D11,pool2,P_FPP,361
HPSI0614i,HPSI0614i-uevq_6,D30,pool2,DA,370
HPSI0614i,HPSI0614i-uevq_6,D30,pool2,Epen1,412
HPSI0614i,HPSI0614i-uevq_6,D30,pool2,FPP,661
HPSI0614i,HPSI0614i-uevq_6,D30,pool2,P_FPP,259
HPSI0614i,HPSI0614i-uevq_6,D30,pool2,Sert,124
HPSI0614i,HPSI0614i-uevq_6,D30,pool2,U_Neur1,353
HPSI0614i,HPSI0614i-uevq_6,D30,pool2,U_Neur2,34
HPSI0614i,HPSI0614i-uevq_6,D52,pool2,Astro,9614
HPSI0614i,HPSI0614i-uevq_6,D52,pool2,DA,501
HPSI0614i,HPSI0614i-uevq_6,D52,pool2,Epen1,1710
HPSI0614i,HPSI0614i-uevq_6,D52,pool2,Epen2,50
HPSI0614i,HPSI0614i-uevq_6,D52,pool2,FPP,1487
HPSI0614i,HPSI0614i-uevq_6,D52,pool2,P_FPP,1836
HPSI0614i,HPSI0614i-uevq_6,D52,pool2,P_Sert,7
HPSI0614i,HPSI0614i-uevq_6,D52,pool2,Sert,417
HPSI0614i,HPSI0614i-uevq_6,D52,pool2,U_Neur1,1066
HPSI0614i,HPSI0614i-uevq_6,D52,pool2,U_Neur3,106
HPSI0614i,HPSI0614i-voce_1,D11,pool6,FPP,1373
HPSI0614i,HPSI0614i-voce_1,D11,pool6,NB,93
HPSI0614i,HPSI0614i-voce_1,D11,pool6,P_FPP,964
HPSI0614i,HPSI0614i-voce_1,D30,pool6,DA,32
HPSI0614i,HPSI0614i-voce_1,D30,pool6,Epen1,199
HPSI0614i,HPSI0614i-voce_1,D30,pool6,FPP,408
HPSI0614i,HPSI0614i-voce_1,D30,pool6,P_FPP,155
HPSI0614i,HPSI0614i-voce_1,D30,pool6,Sert,102
HPSI0614i,HPSI0614i-voce_1,D30,pool6,U_Neur1,29
HPSI0614i,HPSI0614i-voce_1,D52,pool6,Astro,126
HPSI0614i,HPSI0614i-voce_1,D52,pool6,DA,33
HPSI0614i,HPSI0614i-voce_1,D52,pool6,Epen1,447
HPSI0614i,HPSI0614i-voce_1,D52,pool6,Epen2,26
HPSI0614i,HPSI0614i-voce_1,D52,pool6,FPP,204
HPSI0614i,HPSI0614i-voce_1,D52,pool6,P_FPP,51
HPSI0614i,HPSI0614i-voce_1,D52,pool6,P_Sert,2
HPSI0614i,HPSI0614i-voce_1,D52,pool6,Sert,101
HPSI0614i,HPSI0614i-voce_1,D52,pool6,U_Neur1,8
HPSI0614i,HPSI0614i-voce_1,D52,pool6,U_Neur3,2
HPSI0614i,HPSI0614i-wihj_4,D11,pool7,FPP,234
HPSI0614i,HPSI0614i-wihj_4,D11,pool7,NB,3
HPSI0614i,HPSI0614i-wihj_4,D11,pool7,P_FPP,130
HPSI0614i,HPSI0614i-wihj_4,D30,pool7,DA,2268
HPSI0614i,HPSI0614i-wihj_4,D30,pool7,Epen1,74
HPSI0614i,HPSI0614i-wihj_4,D30,pool7,FPP,276
HPSI0614i,HPSI0614i-wihj_4,D30,pool7,P_FPP,86
HPSI0614i,HPSI0614i-wihj_4,D30,pool7,Sert,329
HPSI0614i,HPSI0614i-wihj_4,D30,pool7,U_Neur1,32
HPSI0614i,HPSI0614i-wihj_4,D30,pool7,U_Neur2,1
HPSI0614i,HPSI0614i-wihj_4,D52,pool7,Astro,23
HPSI0614i,HPSI0614i-wihj_4,D52,pool7,DA,1660
HPSI0614i,HPSI0614i-wihj_4,D52,pool7,Epen1,330
HPSI0614i,HPSI0614i-wihj_4,D52,pool7,Epen2,14
HPSI0614i,HPSI0614i-wihj_4,D52,pool7,FPP,244
HPSI0614i,HPSI0614i-wihj_4,D52,pool7,P_FPP,26
HPSI0614i,HPSI0614i-wihj_4,D52,pool7,P_Sert,12
HPSI0614i,HPSI0614i-wihj_4,D52,pool7,Sert,264
HPSI0614i,HPSI0614i-wihj_4,D52,pool7,U_Neur1,39
HPSI0614i,HPSI0614i-wihj_4,D52,pool7,U_Neur3,48
HPSI0614i,HPSI0614i-xubw_1,D11,pool12,FPP,2
HPSI0614i,HPSI0614i-xubw_1,D30,pool12,DA,8
HPSI0614i,HPSI0614i-xubw_1,D30,pool12,FPP,6
HPSI0614i,HPSI0614i-xubw_1,D30,pool12,P_FPP,15
HPSI0614i,HPSI0614i-xubw_1,D30,pool12,Sert,3
HPSI0713i,HPSI0713i-aehn_22,D11,pool13,FPP,168
HPSI0713i,HPSI0713i-aehn_22,D11,pool13,P_FPP,180
HPSI0713i,HPSI0713i-aehn_22,D52,pool13,DA,53
HPSI0713i,HPSI0713i-aehn_22,D52,pool13,Epen1,3
HPSI0713i,HPSI0713i-aehn_22,D52,pool13,FPP,10
HPSI0713i,HPSI0713i-aehn_22,D52,pool13,P_FPP,1
HPSI0713i,HPSI0713i-aehn_22,D52,pool13,P_Sert,10
HPSI0713i,HPSI0713i-aehn_22,D52,pool13,Sert,414
HPSI0713i,HPSI0713i-aehn_22,D52,pool13,U_Neur1,1
HPSI0713i,HPSI0713i-aehn_22,D52,pool13,U_Neur3,15
HPSI0713i,HPSI0713i-dard_1,D11,pool12,FPP,622
HPSI0713i,HPSI0713i-dard_1,D11,pool12,NB,5
HPSI0713i,HPSI0713i-dard_1,D11,pool12,P_FPP,557
HPSI0713i,HPSI0713i-dard_1,D30,pool12,DA,775
HPSI0713i,HPSI0713i-dard_1,D30,pool12,Epen1,21
HPSI0713i,HPSI0713i-dard_1,D30,pool12,FPP,87
HPSI0713i,HPSI0713i-dard_1,D30,pool12,P_FPP,42
HPSI0713i,HPSI0713i-dard_1,D30,pool12,Sert,238
HPSI0713i,HPSI0713i-dard_1,D30,pool12,U_Neur1,15
HPSI0713i,HPSI0713i-dard_1,D30,pool12,U_Neur2,1
HPSI0713i,HPSI0713i-fett_3,D11,pool12,FPP,647
HPSI0713i,HPSI0713i-fett_3,D11,pool12,NB,8
HPSI0713i,HPSI0713i-fett_3,D11,pool12,P_FPP,378
HPSI0713i,HPSI0713i-fett_3,D30,pool12,DA,748
HPSI0713i,HPSI0713i-fett_3,D30,pool12,Epen1,21
HPSI0713i,HPSI0713i-fett_3,D30,pool12,FPP,67
HPSI0713i,HPSI0713i-fett_3,D30,pool12,P_FPP,35
HPSI0713i,HPSI0713i-fett_3,D30,pool12,Sert,177
HPSI0713i,HPSI0713i-fett_3,D30,pool12,U_Neur1,16
HPSI0713i,HPSI0713i-fett_3,D30,pool12,U_Neur2,1
HPSI0713i,HPSI0713i-nemb_1,D11,pool12,FPP,768
HPSI0713i,HPSI0713i-nemb_1,D11,pool12,NB,20
HPSI0713i,HPSI0713i-nemb_1,D11,pool12,P_FPP,437
HPSI0713i,HPSI0713i-nemb_1,D30,pool12,DA,789
HPSI0713i,HPSI0713i-nemb_1,D30,pool12,Epen1,52
HPSI0713i,HPSI0713i-nemb_1,D30,pool12,FPP,138
HPSI0713i,HPSI0713i-nemb_1,D30,pool12,P_FPP,27
HPSI0713i,HPSI0713i-nemb_1,D30,pool12,Sert,41
HPSI0713i,HPSI0713i-nemb_1,D30,pool12,U_Neur1,20
HPSI0713i,HPSI0713i-nocf_2,D11,pool12,FPP,241
HPSI0713i,HPSI0713i-nocf_2,D11,pool12,NB,1
HPSI0713i,HPSI0713i-nocf_2,D11,pool12,P_FPP,152
HPSI0713i,HPSI0713i-nocf_2,D30,pool12,DA,114
HPSI0713i,HPSI0713i-nocf_2,D30,pool12,Epen1,3
HPSI0713i,HPSI0713i-nocf_2,D30,pool12,FPP,7
HPSI0713i,HPSI0713i-nocf_2,D30,pool12,P_FPP,21
HPSI0713i,HPSI0713i-nocf_2,D30,pool12,Sert,60
HPSI0713i,HPSI0713i-nocf_2,D30,pool12,U_Neur1,3
HPSI0713i,HPSI0713i-pusf_3,D11,pool12,FPP,510
HPSI0713i,HPSI0713i-pusf_3,D11,pool12,NB,4
HPSI0713i,HPSI0713i-pusf_3,D11,pool12,P_FPP,266
HPSI0713i,HPSI0713i-pusf_3,D30,pool12,DA,309
HPSI0713i,HPSI0713i-pusf_3,D30,pool12,Epen1,7
HPSI0713i,HPSI0713i-pusf_3,D30,pool12,FPP,9
HPSI0713i,HPSI0713i-pusf_3,D30,pool12,P_FPP,25
HPSI0713i,HPSI0713i-pusf_3,D30,pool12,Sert,135
HPSI0713i,HPSI0713i-terl_1,D11,pool12,FPP,760
HPSI0713i,HPSI0713i-terl_1,D11,pool12,NB,16
HPSI0713i,HPSI0713i-terl_1,D11,pool12,P_FPP,476
HPSI0713i,HPSI0713i-terl_1,D30,pool12,DA,618
HPSI0713i,HPSI0713i-terl_1,D30,pool12,Epen1,48
HPSI0713i,HPSI0713i-terl_1,D30,pool12,FPP,85
HPSI0713i,HPSI0713i-terl_1,D30,pool12,P_FPP,47
HPSI0713i,HPSI0713i-terl_1,D30,pool12,Sert,152
HPSI0713i,HPSI0713i-terl_1,D30,pool12,U_Neur1,21
HPSI0713i,HPSI0713i-uimo_1,D11,pool12,FPP,680
HPSI0713i,HPSI0713i-uimo_1,D11,pool12,NB,51
HPSI0713i,HPSI0713i-uimo_1,D11,pool12,P_FPP,482
HPSI0713i,HPSI0713i-uimo_1,D30,pool12,DA,426
HPSI0713i,HPSI0713i-uimo_1,D30,pool12,Epen1,64
HPSI0713i,HPSI0713i-uimo_1,D30,pool12,FPP,212
HPSI0713i,HPSI0713i-uimo_1,D30,pool12,P_FPP,107
HPSI0713i,HPSI0713i-uimo_1,D30,pool12,Sert,60
HPSI0713i,HPSI0713i-uimo_1,D30,pool12,U_Neur1,122
HPSI0713i,HPSI0713i-uimo_1,D30,pool12,U_Neur2,8
HPSI0713i,HPSI0713i-veku_2,D11,pool12,FPP,561
HPSI0713i,HPSI0713i-veku_2,D11,pool12,NB,13
HPSI0713i,HPSI0713i-veku_2,D11,pool12,P_FPP,349
HPSI0713i,HPSI0713i-veku_2,D30,pool12,DA,345
HPSI0713i,HPSI0713i-veku_2,D30,pool12,Epen1,4
HPSI0713i,HPSI0713i-veku_2,D30,pool12,FPP,18
HPSI0713i,HPSI0713i-veku_2,D30,pool12,P_FPP,18
HPSI0713i,HPSI0713i-veku_2,D30,pool12,Sert,101
HPSI0713i,HPSI0713i-veku_2,D30,pool12,U_Neur1,11
HPSI0713i,HPSI0713i-veku_2,D30,pool12,U_Neur2,1
HPSI0713i,HPSI0713i-wiol_1,D11,pool12,FPP,836
HPSI0713i,HPSI0713i-wiol_1,D11,pool12,NB,75
HPSI0713i,HPSI0713i-wiol_1,D11,pool12,P_FPP,495
HPSI0713i,HPSI0713i-wiol_1,D30,pool12,DA,901
HPSI0713i,HPSI0713i-wiol_1,D30,pool12,Epen1,29
HPSI0713i,HPSI0713i-wiol_1,D30,pool12,FPP,351
HPSI0713i,HPSI0713i-wiol_1,D30,pool12,P_FPP,121
HPSI0713i,HPSI0713i-wiol_1,D30,pool12,Sert,136
HPSI0713i,HPSI0713i-wiol_1,D30,pool12,U_Neur1,26
HPSI0714i,HPSI0714i-burb_1,D11,pool4,FPP,503
HPSI0714i,HPSI0714i-burb_1,D11,pool4,NB,47
HPSI0714i,HPSI0714i-burb_1,D11,pool4,P_FPP,282
HPSI0714i,HPSI0714i-burb_1,D11,pool5,FPP,901
HPSI0714i,HPSI0714i-burb_1,D11,pool5,NB,71
HPSI0714i,HPSI0714i-burb_1,D11,pool5,P_FPP,703
HPSI0714i,HPSI0714i-burb_1,D30,pool4,DA,181
HPSI0714i,HPSI0714i-burb_1,D30,pool4,Epen1,58
HPSI0714i,HPSI0714i-burb_1,D30,pool4,FPP,168
HPSI0714i,HPSI0714i-burb_1,D30,pool4,P_FPP,40
HPSI0714i,HPSI0714i-burb_1,D30,pool4,Sert,20
HPSI0714i,HPSI0714i-burb_1,D30,pool4,U_Neur1,72
HPSI0714i,HPSI0714i-burb_1,D30,pool4,U_Neur2,5
HPSI0714i,HPSI0714i-burb_1,D30,pool5,DA,199
HPSI0714i,HPSI0714i-burb_1,D30,pool5,Epen1,264
HPSI0714i,HPSI0714i-burb_1,D30,pool5,FPP,381
HPSI0714i,HPSI0714i-burb_1,D30,pool5,P_FPP,128
HPSI0714i,HPSI0714i-burb_1,D30,pool5,Sert,54
HPSI0714i,HPSI0714i-burb_1,D30,pool5,U_Neur1,180
HPSI0714i,HPSI0714i-burb_1,D30,pool5,U_Neur2,13
HPSI0714i,HPSI0714i-burb_1,D52,pool4,Astro,564
HPSI0714i,HPSI0714i-burb_1,D52,pool4,DA,177
HPSI0714i,HPSI0714i-burb_1,D52,pool4,Epen1,134
HPSI0714i,HPSI0714i-burb_1,D52,pool4,Epen2,4
HPSI0714i,HPSI0714i-burb_1,D52,pool4,FPP,174
HPSI0714i,HPSI0714i-burb_1,D52,pool4,P_FPP,174
HPSI0714i,HPSI0714i-burb_1,D52,pool4,P_Sert,2
HPSI0714i,HPSI0714i-burb_1,D52,pool4,Sert,26
HPSI0714i,HPSI0714i-burb_1,D52,pool4,U_Neur1,128
HPSI0714i,HPSI0714i-burb_1,D52,pool4,U_Neur3,6
HPSI0714i,HPSI0714i-burb_1,D52,pool5,Astro,1401
HPSI0714i,HPSI0714i-burb_1,D52,pool5,DA,161
HPSI0714i,HPSI0714i-burb_1,D52,pool5,Epen1,459
HPSI0714i,HPSI0714i-burb_1,D52,pool5,Epen2,10
HPSI0714i,HPSI0714i-burb_1,D52,pool5,FPP,295
HPSI0714i,HPSI0714i-burb_1,D52,pool5,P_FPP,205
HPSI0714i,HPSI0714i-burb_1,D52,pool5,P_Sert,1
HPSI0714i,HPSI0714i-burb_1,D52,pool5,Sert,33
HPSI0714i,HPSI0714i-burb_1,D52,pool5,U_Neur1,265
HPSI0714i,HPSI0714i-burb_1,D52,pool5,U_Neur3,12
HPSI0714i,HPSI0714i-iudw_1,D11,pool1,FPP,1517
HPSI0714i,HPSI0714i-iudw_1,D11,pool1,NB,25
HPSI0714i,HPSI0714i-iudw_1,D11,pool1,P_FPP,1098
HPSI0714i,HPSI0714i-iudw_1,D30,pool1,DA,332
HPSI0714i,HPSI0714i-iudw_1,D30,pool1,Epen1,21
HPSI0714i,HPSI0714i-iudw_1,D30,pool1,FPP,110
HPSI0714i,HPSI0714i-iudw_1,D30,pool1,P_FPP,27
HPSI0714i,HPSI0714i-iudw_1,D30,pool1,Sert,64
HPSI0714i,HPSI0714i-iudw_1,D30,pool1,U_Neur1,68
HPSI0714i,HPSI0714i-iudw_1,D30,pool1,U_Neur2,2
HPSI0714i,HPSI0714i-iudw_1,D52,pool1,Astro,212
HPSI0714i,HPSI0714i-iudw_1,D52,pool1,DA,339
HPSI0714i,HPSI0714i-iudw_1,D52,pool1,Epen1,367
HPSI0714i,HPSI0714i-iudw_1,D52,pool1,Epen2,16
HPSI0714i,HPSI0714i-iudw_1,D52,pool1,FPP,239
HPSI0714i,HPSI0714i-iudw_1,D52,pool1,P_FPP,56
HPSI0714i,HPSI0714i-iudw_1,D52,pool1,P_Sert,2
HPSI0714i,HPSI0714i-iudw_1,D52,pool1,Sert,243
HPSI0714i,HPSI0714i-iudw_1,D52,pool1,U_Neur1,295
HPSI0714i,HPSI0714i-iudw_1,D52,pool1,U_Neur3,46
HPSI0714i,HPSI0714i-jilk_4,D11,pool5,FPP,7
HPSI0714i,HPSI0714i-jilk_4,D11,pool5,P_FPP,1
HPSI0714i,HPSI0714i-jilk_4,D30,pool5,DA,10
HPSI0714i,HPSI0714i-jilk_4,D30,pool5,FPP,9
HPSI0714i,HPSI0714i-jilk_4,D30,pool5,Sert,5
HPSI0714i,HPSI0714i-jilk_4,D30,pool5,U_Neur1,3
HPSI0714i,HPSI0714i-jilk_4,D52,pool5,DA,3
HPSI0714i,HPSI0714i-jilk_4,D52,pool5,Epen1,2
HPSI0714i,HPSI0714i-jilk_4,D52,pool5,FPP,2
HPSI0714i,HPSI0714i-jilk_4,D52,pool5,Sert,11
HPSI0714i,HPSI0714i-keui_4,D11,pool7,FPP,184
HPSI0714i,HPSI0714i-keui_4,D11,pool7,NB,71
HPSI0714i,HPSI0714i-keui_4,D11,pool7,P_FPP,109
HPSI0714i,HPSI0714i-keui_4,D30,pool7,DA,288
HPSI0714i,HPSI0714i-keui_4,D30,pool7,Epen1,515
HPSI0714i,HPSI0714i-keui_4,D30,pool7,FPP,681
HPSI0714i,HPSI0714i-keui_4,D30,pool7,P_FPP,214
HPSI0714i,HPSI0714i-keui_4,D30,pool7,Sert,27
HPSI0714i,HPSI0714i-keui_4,D30,pool7,U_Neur1,449
HPSI0714i,HPSI0714i-keui_4,D30,pool7,U_Neur2,22
HPSI0714i,HPSI0714i-keui_4,D52,pool7,Astro,1345
HPSI0714i,HPSI0714i-keui_4,D52,pool7,DA,391
HPSI0714i,HPSI0714i-keui_4,D52,pool7,Epen1,1543
HPSI0714i,HPSI0714i-keui_4,D52,pool7,Epen2,52
HPSI0714i,HPSI0714i-keui_4,D52,pool7,FPP,1399
HPSI0714i,HPSI0714i-keui_4,D52,pool7,P_FPP,616
HPSI0714i,HPSI0714i-keui_4,D52,pool7,Sert,7
HPSI0714i,HPSI0714i-keui_4,D52,pool7,U_Neur1,302
HPSI0714i,HPSI0714i-keui_4,D52,pool7,U_Neur3,60
HPSI0714i,HPSI0714i-kute_5,D11,pool13,FPP,229
HPSI0714i,HPSI0714i-kute_5,D11,pool13,NB,4
HPSI0714i,HPSI0714i-kute_5,D11,pool13,P_FPP,264
HPSI0714i,HPSI0714i-kute_5,D11,pool5,FPP,25
HPSI0714i,HPSI0714i-kute_5,D11,pool5,NB,2
HPSI0714i,HPSI0714i-kute_5,D11,pool5,P_FPP,33
HPSI0714i,HPSI0714i-kute_5,D30,pool5,DA,57
HPSI0714i,HPSI0714i-kute_5,D30,pool5,Epen1,9
HPSI0714i,HPSI0714i-kute_5,D30,pool5,FPP,24
HPSI0714i,HPSI0714i-kute_5,D30,pool5,P_FPP,4
HPSI0714i,HPSI0714i-kute_5,D30,pool5,Sert,13
HPSI0714i,HPSI0714i-kute_5,D30,pool5,U_Neur1,14
HPSI0714i,HPSI0714i-kute_5,D52,pool13,Astro,10
HPSI0714i,HPSI0714i-kute_5,D52,pool13,DA,137
HPSI0714i,HPSI0714i-kute_5,D52,pool13,Epen1,88
HPSI0714i,HPSI0714i-kute_5,D52,pool13,Epen2,1
HPSI0714i,HPSI0714i-kute_5,D52,pool13,FPP,21
HPSI0714i,HPSI0714i-kute_5,D52,pool13,P_FPP,6
HPSI0714i,HPSI0714i-kute_5,D52,pool13,P_Sert,7
HPSI0714i,HPSI0714i-kute_5,D52,pool13,Sert,244
HPSI0714i,HPSI0714i-kute_5,D52,pool13,U_Neur1,10
HPSI0714i,HPSI0714i-kute_5,D52,pool13,U_Neur3,9
HPSI0714i,HPSI0714i-kute_5,D52,pool5,Astro,8
HPSI0714i,HPSI0714i-kute_5,D52,pool5,DA,6
HPSI0714i,HPSI0714i-kute_5,D52,pool5,Epen1,35
HPSI0714i,HPSI0714i-kute_5,D52,pool5,FPP,21
HPSI0714i,HPSI0714i-kute_5,D52,pool5,P_FPP,1
HPSI0714i,HPSI0714i-kute_5,D52,pool5,Sert,10
HPSI0714i,HPSI0714i-kute_5,D52,pool5,U_Neur1,9
HPSI0714i,HPSI0714i-oatm_1,D11,pool6,FPP,628
HPSI0714i,HPSI0714i-oatm_1,D11,pool6,NB,109
HPSI0714i,HPSI0714i-oatm_1,D11,pool6,P_FPP,563
HPSI0714i,HPSI0714i-oatm_1,D30,pool6,DA,15
HPSI0714i,HPSI0714i-oatm_1,D30,pool6,Epen1,440
HPSI0714i,HPSI0714i-oatm_1,D30,pool6,FPP,394
HPSI0714i,HPSI0714i-oatm_1,D30,pool6,P_FPP,65
HPSI0714i,HPSI0714i-oatm_1,D30,pool6,Sert,62
HPSI0714i,HPSI0714i-oatm_1,D30,pool6,U_Neur1,17
HPSI0714i,HPSI0714i-oatm_1,D52,pool6,Astro,47
HPSI0714i,HPSI0714i-oatm_1,D52,pool6,DA,15
HPSI0714i,HPSI0714i-oatm_1,D52,pool6,Epen1,631
HPSI0714i,HPSI0714i-oatm_1,D52,pool6,Epen2,28
HPSI0714i,HPSI0714i-oatm_1,D52,pool6,FPP,78
HPSI0714i,HPSI0714i-oatm_1,D52,pool6,P_FPP,27
HPSI0714i,HPSI0714i-oatm_1,D52,pool6,P_Sert,1
HPSI0714i,HPSI0714i-oatm_1,D52,pool6,Sert,62
HPSI0714i,HPSI0714i-oatm_1,D52,pool6,U_Neur1,6
HPSI0714i,HPSI0714i-oatm_1,D52,pool6,U_Neur3,7
HPSI0714i,HPSI0714i-pipw_4,D11,pool3,FPP,2356
HPSI0714i,HPSI0714i-pipw_4,D11,pool3,NB,9
HPSI0714i,HPSI0714i-pipw_4,D11,pool3,P_FPP,1778
HPSI0714i,HPSI0714i-pipw_4,D30,pool3,DA,1064
HPSI0714i,HPSI0714i-pipw_4,D30,pool3,Epen1,185
HPSI0714i,HPSI0714i-pipw_4,D30,pool3,FPP,150
HPSI0714i,HPSI0714i-pipw_4,D30,pool3,P_FPP,54
HPSI0714i,HPSI0714i-pipw_4,D30,pool3,Sert,432
HPSI0714i,HPSI0714i-pipw_4,D30,pool3,U_Neur1,25
HPSI0714i,HPSI0714i-pipw_4,D30,pool3,U_Neur2,2
HPSI0714i,HPSI0714i-pipw_4,D52,pool3,Astro,55
HPSI0714i,HPSI0714i-pipw_4,D52,pool3,DA,1306
HPSI0714i,HPSI0714i-pipw_4,D52,pool3,Epen1,1227
HPSI0714i,HPSI0714i-pipw_4,D52,pool3,Epen2,20
HPSI0714i,HPSI0714i-pipw_4,D52,pool3,FPP,207
HPSI0714i,HPSI0714i-pipw_4,D52,pool3,P_FPP,35
HPSI0714i,HPSI0714i-pipw_4,D52,pool3,P_Sert,91
HPSI0714i,HPSI0714i-pipw_4,D52,pool3,Sert,2303
HPSI0714i,HPSI0714i-pipw_4,D52,pool3,U_Neur1,41
HPSI0714i,HPSI0714i-pipw_4,D52,pool3,U_Neur3,106
HPSI0715i,HPSI0715i-aowh_2,D11,pool8,FPP,1048
HPSI0715i,HPSI0715i-aowh_2,D11,pool8,NB,20
HPSI0715i,HPSI0715i-aowh_2,D11,pool8,P_FPP,948
HPSI0715i,HPSI0715i-aowh_2,D30,pool8,DA,271
HPSI0715i,HPSI0715i-aowh_2,D30,pool8,Epen1,530
HPSI0715i,HPSI0715i-aowh_2,D30,pool8,FPP,709
HPSI0715i,HPSI0715i-aowh_2,D30,pool8,P_FPP,360
HPSI0715i,HPSI0715i-aowh_2,D30,pool8,Sert,1392
HPSI0715i,HPSI0715i-aowh_2,D30,pool8,U_Neur1,43
HPSI0715i,HPSI0715i-aowh_2,D30,pool8,U_Neur2,1
HPSI0715i,HPSI0715i-aowh_2,D52,pool8,Astro,58
HPSI0715i,HPSI0715i-aowh_2,D52,pool8,DA,493
HPSI0715i,HPSI0715i-aowh_2,D52,pool8,Epen1,2244
HPSI0715i,HPSI0715i-aowh_2,D52,pool8,Epen2,47
HPSI0715i,HPSI0715i-aowh_2,D52,pool8,FPP,867
HPSI0715i,HPSI0715i-aowh_2,D52,pool8,P_FPP,153
HPSI0715i,HPSI0715i-aowh_2,D52,pool8,P_Sert,135
HPSI0715i,HPSI0715i-aowh_2,D52,pool8,Sert,5434
HPSI0715i,HPSI0715i-aowh_2,D52,pool8,U_Neur1,32
HPSI0715i,HPSI0715i-aowh_2,D52,pool8,U_Neur3,84
HPSI0715i,HPSI0715i-meue_5,D11,pool2,FPP,762
HPSI0715i,HPSI0715i-meue_5,D11,pool2,NB,27
HPSI0715i,HPSI0715i-meue_5,D11,pool2,P_FPP,459
HPSI0715i,HPSI0715i-meue_5,D11,pool3,FPP,602
HPSI0715i,HPSI0715i-meue_5,D11,pool3,NB,2
HPSI0715i,HPSI0715i-meue_5,D11,pool3,P_FPP,338
HPSI0715i,HPSI0715i-meue_5,D30,pool2,DA,656
HPSI0715i,HPSI0715i-meue_5,D30,pool2,Epen1,53
HPSI0715i,HPSI0715i-meue_5,D30,pool2,FPP,189
HPSI0715i,HPSI0715i-meue_5,D30,pool2,P_FPP,78
HPSI0715i,HPSI0715i-meue_5,D30,pool2,Sert,442
HPSI0715i,HPSI0715i-meue_5,D30,pool2,U_Neur1,32
HPSI0715i,HPSI0715i-meue_5,D30,pool3,DA,117
HPSI0715i,HPSI0715i-meue_5,D30,pool3,Epen1,18
HPSI0715i,HPSI0715i-meue_5,D30,pool3,FPP,25
HPSI0715i,HPSI0715i-meue_5,D30,pool3,P_FPP,12
HPSI0715i,HPSI0715i-meue_5,D30,pool3,Sert,137
HPSI0715i,HPSI0715i-meue_5,D30,pool3,U_Neur1,2
HPSI0715i,HPSI0715i-meue_5,D30,pool3,U_Neur2,1
HPSI0715i,HPSI0715i-meue_5,D52,pool2,Astro,78
HPSI0715i,HPSI0715i-meue_5,D52,pool2,DA,629
HPSI0715i,HPSI0715i-meue_5,D52,pool2,Epen1,277
HPSI0715i,HPSI0715i-meue_5,D52,pool2,Epen2,6
HPSI0715i,HPSI0715i-meue_5,D52,pool2,FPP,214
HPSI0715i,HPSI0715i-meue_5,D52,pool2,P_FPP,35
HPSI0715i,HPSI0715i-meue_5,D52,pool2,P_Sert,13
HPSI0715i,HPSI0715i-meue_5,D52,pool2,Sert,788
HPSI0715i,HPSI0715i-meue_5,D52,pool2,U_Neur1,94
HPSI0715i,HPSI0715i-meue_5,D52,pool2,U_Neur3,21
HPSI0715i,HPSI0715i-meue_5,D52,pool3,Astro,15
HPSI0715i,HPSI0715i-meue_5,D52,pool3,DA,163
HPSI0715i,HPSI0715i-meue_5,D52,pool3,Epen1,148
HPSI0715i,HPSI0715i-meue_5,D52,pool3,Epen2,4
HPSI0715i,HPSI0715i-meue_5,D52,pool3,FPP,51
HPSI0715i,HPSI0715i-meue_5,D52,pool3,P_FPP,9
HPSI0715i,HPSI0715i-meue_5,D52,pool3,P_Sert,32
HPSI0715i,HPSI0715i-meue_5,D52,pool3,Sert,1027
HPSI0715i,HPSI0715i-meue_5,D52,pool3,U_Neur1,5
HPSI0715i,HPSI0715i-meue_5,D52,pool3,U_Neur3,22
HPSI0715i,HPSI0715i-zaie_5,D11,pool8,FPP,757
HPSI0715i,HPSI0715i-zaie_5,D11,pool8,NB,2
HPSI0715i,HPSI0715i-zaie_5,D11,pool8,P_FPP,844
HPSI0715i,HPSI0715i-zaie_5,D30,pool8,DA,254
HPSI0715i,HPSI0715i-zaie_5,D30,pool8,Epen1,31
HPSI0715i,HPSI0715i-zaie_5,D30,pool8,FPP,129
HPSI0715i,HPSI0715i-zaie_5,D30,pool8,P_FPP,62
HPSI0715i,HPSI0715i-zaie_5,D30,pool8,Sert,261
HPSI0715i,HPSI0715i-zaie_5,D30,pool8,U_Neur1,156
HPSI0715i,HPSI0715i-zaie_5,D52,pool8,Astro,3
HPSI0715i,HPSI0715i-zaie_5,D52,pool8,DA,243
HPSI0715i,HPSI0715i-zaie_5,D52,pool8,Epen1,218
HPSI0715i,HPSI0715i-zaie_5,D52,pool8,Epen2,11
HPSI0715i,HPSI0715i-zaie_5,D52,pool8,FPP,88
HPSI0715i,HPSI0715i-zaie_5,D52,pool8,P_FPP,6
HPSI0715i,HPSI0715i-zaie_5,D52,pool8,P_Sert,9
HPSI0715i,HPSI0715i-zaie_5,D52,pool8,Sert,507
HPSI0715i,HPSI0715i-zaie_5,D52,pool8,U_Neur1,111
HPSI0715i,HPSI0715i-zaie_5,D52,pool8,U_Neur3,11
HPSI0813i,HPSI0813i-aizi_3,D11,pool12,FPP,480
HPSI0813i,HPSI0813i-aizi_3,D11,pool12,NB,11
HPSI0813i,HPSI0813i-aizi_3,D11,pool12,P_FPP,286
HPSI0813i,HPSI0813i-aizi_3,D30,pool12,DA,246
HPSI0813i,HPSI0813i-aizi_3,D30,pool12,Epen1,6
HPSI0813i,HPSI0813i-aizi_3,D30,pool12,FPP,13
HPSI0813i,HPSI0813i-aizi_3,D30,pool12,P_FPP,20
HPSI0813i,HPSI0813i-aizi_3,D30,pool12,Sert,60
HPSI0813i,HPSI0813i-aizi_3,D30,pool12,U_Neur1,2
HPSI0813i,HPSI0813i-aizi_3,D52,pool16,DA,121
HPSI0813i,HPSI0813i-aizi_3,D52,pool16,Epen1,6
HPSI0813i,HPSI0813i-aizi_3,D52,pool16,FPP,11
HPSI0813i,HPSI0813i-aizi_3,D52,pool16,P_Sert,10
HPSI0813i,HPSI0813i-aizi_3,D52,pool16,Sert,459
HPSI0813i,HPSI0813i-aizi_3,D52,pool16,U_Neur3,2
HPSI0813i,HPSI0813i-civh_1,D11,pool12,FPP,240
HPSI0813i,HPSI0813i-civh_1,D11,pool12,NB,2
HPSI0813i,HPSI0813i-civh_1,D11,pool12,P_FPP,199
HPSI0813i,HPSI0813i-civh_1,D30,pool12,DA,166
HPSI0813i,HPSI0813i-civh_1,D30,pool12,Epen1,5
HPSI0813i,HPSI0813i-civh_1,D30,pool12,FPP,9
HPSI0813i,HPSI0813i-civh_1,D30,pool12,P_FPP,14
HPSI0813i,HPSI0813i-civh_1,D30,pool12,Sert,14
HPSI0813i,HPSI0813i-civh_1,D30,pool12,U_Neur1,4
HPSI0813i,HPSI0813i-ffdc_1,D52,pool14,Astro,10
HPSI0813i,HPSI0813i-ffdc_1,D52,pool14,DA,49
HPSI0813i,HPSI0813i-ffdc_1,D52,pool14,Epen1,7
HPSI0813i,HPSI0813i-ffdc_1,D52,pool14,FPP,7
HPSI0813i,HPSI0813i-ffdc_1,D52,pool14,Sert,35
HPSI0813i,HPSI0813i-ffdc_1,D52,pool14,U_Neur1,1
HPSI0813i,HPSI0813i-ffdc_1,D52,pool14,U_Neur3,2
HPSI0813i,HPSI0813i-guss_1,D11,pool13,FPP,382
HPSI0813i,HPSI0813i-guss_1,D11,pool13,NB,95
HPSI0813i,HPSI0813i-guss_1,D11,pool13,P_FPP,336
HPSI0813i,HPSI0813i-guss_1,D52,pool13,Astro,451
HPSI0813i,HPSI0813i-guss_1,D52,pool13,DA,13
HPSI0813i,HPSI0813i-guss_1,D52,pool13,Epen1,419
HPSI0813i,HPSI0813i-guss_1,D52,pool13,Epen2,21
HPSI0813i,HPSI0813i-guss_1,D52,pool13,FPP,97
HPSI0813i,HPSI0813i-guss_1,D52,pool13,P_FPP,96
HPSI0813i,HPSI0813i-guss_1,D52,pool13,Sert,16
HPSI0813i,HPSI0813i-guss_1,D52,pool13,U_Neur1,49
HPSI0813i,HPSI0813i-guss_1,D52,pool13,U_Neur3,6
HPSI0813i,HPSI0813i-iill_3,D11,pool13,FPP,265
HPSI0813i,HPSI0813i-iill_3,D11,pool13,NB,3
HPSI0813i,HPSI0813i-iill_3,D11,pool13,P_FPP,245
HPSI0813i,HPSI0813i-iill_3,D52,pool13,Astro,13
HPSI0813i,HPSI0813i-iill_3,D52,pool13,DA,144
HPSI0813i,HPSI0813i-iill_3,D52,pool13,Epen1,199
HPSI0813i,HPSI0813i-iill_3,D52,pool13,Epen2,6
HPSI0813i,HPSI0813i-iill_3,D52,pool13,FPP,121
HPSI0813i,HPSI0813i-iill_3,D52,pool13,P_FPP,21
HPSI0813i,HPSI0813i-iill_3,D52,pool13,P_Sert,6
HPSI0813i,HPSI0813i-iill_3,D52,pool13,Sert,316
HPSI0813i,HPSI0813i-iill_3,D52,pool13,U_Neur1,5
HPSI0813i,HPSI0813i-iill_3,D52,pool13,U_Neur3,9
HPSI0813i,HPSI0813i-mioj_1,D11,pool13,FPP,653
HPSI0813i,HPSI0813i-mioj_1,D11,pool13,NB,2
HPSI0813i,HPSI0813i-mioj_1,D11,pool13,P_FPP,597
HPSI0813i,HPSI0813i-mioj_1,D52,pool13,Astro,32
HPSI0813i,HPSI0813i-mioj_1,D52,pool13,DA,587
HPSI0813i,HPSI0813i-mioj_1,D52,pool13,Epen1,673
HPSI0813i,HPSI0813i-mioj_1,D52,pool13,Epen2,41
HPSI0813i,HPSI0813i-mioj_1,D52,pool13,FPP,453
HPSI0813i,HPSI0813i-mioj_1,D52,pool13,P_FPP,121
HPSI0813i,HPSI0813i-mioj_1,D52,pool13,P_Sert,31
HPSI0813i,HPSI0813i-mioj_1,D52,pool13,Sert,791
HPSI0813i,HPSI0813i-mioj_1,D52,pool13,U_Neur1,28
HPSI0813i,HPSI0813i-mioj_1,D52,pool13,U_Neur3,42
HPSI0813i,HPSI0813i-peoj_1,D11,pool13,FPP,313
HPSI0813i,HPSI0813i-peoj_1,D11,pool13,P_FPP,303
HPSI0813i,HPSI0813i-peoj_1,D52,pool13,Astro,2
HPSI0813i,HPSI0813i-peoj_1,D52,pool13,DA,45
HPSI0813i,HPSI0813i-peoj_1,D52,pool13,Epen1,17
HPSI0813i,HPSI0813i-peoj_1,D52,pool13,FPP,12
HPSI0813i,HPSI0813i-peoj_1,D52,pool13,P_FPP,4
HPSI0813i,HPSI0813i-peoj_1,D52,pool13,P_Sert,6
HPSI0813i,HPSI0813i-peoj_1,D52,pool13,Sert,154
HPSI0813i,HPSI0813i-peoj_1,D52,pool13,U_Neur3,5
HPSI0813i,HPSI0813i-uaqe_1,D11,pool13,FPP,212
HPSI0813i,HPSI0813i-uaqe_1,D11,pool13,NB,5
HPSI0813i,HPSI0813i-uaqe_1,D11,pool13,P_FPP,212
HPSI0813i,HPSI0813i-uaqe_1,D52,pool13,Astro,12
HPSI0813i,HPSI0813i-uaqe_1,D52,pool13,DA,88
HPSI0813i,HPSI0813i-uaqe_1,D52,pool13,Epen1,109
HPSI0813i,HPSI0813i-uaqe_1,D52,pool13,Epen2,1
HPSI0813i,HPSI0813i-uaqe_1,D52,pool13,FPP,23
HPSI0813i,HPSI0813i-uaqe_1,D52,pool13,P_FPP,4
HPSI0813i,HPSI0813i-uaqe_1,D52,pool13,P_Sert,3
HPSI0813i,HPSI0813i-uaqe_1,D52,pool13,Sert,164
HPSI0813i,HPSI0813i-uaqe_1,D52,pool13,U_Neur1,6
HPSI0813i,HPSI0813i-uaqe_1,D52,pool13,U_Neur3,11
HPSI0813i,HPSI0813i-vajx_2,D11,pool13,FPP,265
HPSI0813i,HPSI0813i-vajx_2,D11,pool13,NB,9
HPSI0813i,HPSI0813i-vajx_2,D11,pool13,P_FPP,204
HPSI0813i,HPSI0813i-vajx_2,D52,pool13,Astro,259
HPSI0813i,HPSI0813i-vajx_2,D52,pool13,DA,9
HPSI0813i,HPSI0813i-vajx_2,D52,pool13,Epen1,186
HPSI0813i,HPSI0813i-vajx_2,D52,pool13,Epen2,2
HPSI0813i,HPSI0813i-vajx_2,D52,pool13,FPP,59
HPSI0813i,HPSI0813i-vajx_2,D52,pool13,P_FPP,57
HPSI0813i,HPSI0813i-vajx_2,D52,pool13,Sert,11
HPSI0813i,HPSI0813i-vajx_2,D52,pool13,U_Neur1,58
HPSI0813i,HPSI0813i-vajx_2,D52,pool13,U_Neur3,3
HPSI0813i,HPSI0813i-wots_3,D52,pool16,Astro,34
HPSI0813i,HPSI0813i-wots_3,D52,pool16,DA,307
HPSI0813i,HPSI0813i-wots_3,D52,pool16,Epen1,60
HPSI0813i,HPSI0813i-wots_3,D52,pool16,Epen2,1
HPSI0813i,HPSI0813i-wots_3,D52,pool16,FPP,60
HPSI0813i,HPSI0813i-wots_3,D52,pool16,P_FPP,12
HPSI0813i,HPSI0813i-wots_3,D52,pool16,P_Sert,11
HPSI0813i,HPSI0813i-wots_3,D52,pool16,Sert,143
HPSI0813i,HPSI0813i-wots_3,D52,pool16,U_Neur1,4
HPSI0813i,HPSI0813i-wots_3,D52,pool16,U_Neur3,15
HPSI0813i,HPSI0813i-zexw_3,D11,pool13,FPP,689
HPSI0813i,HPSI0813i-zexw_3,D11,pool13,NB,4
HPSI0813i,HPSI0813i-zexw_3,D11,pool13,P_FPP,602
HPSI0813i,HPSI0813i-zexw_3,D52,pool13,Astro,16
HPSI0813i,HPSI0813i-zexw_3,D52,pool13,DA,321
HPSI0813i,HPSI0813i-zexw_3,D52,pool13,Epen1,47
HPSI0813i,HPSI0813i-zexw_3,D52,pool13,Epen2,3
HPSI0813i,HPSI0813i-zexw_3,D52,pool13,FPP,35
HPSI0813i,HPSI0813i-zexw_3,D52,pool13,P_FPP,6
HPSI0813i,HPSI0813i-zexw_3,D52,pool13,P_Sert,9
HPSI0813i,HPSI0813i-zexw_3,D52,pool13,Sert,496
HPSI0813i,HPSI0813i-zexw_3,D52,pool13,U_Neur1,6
HPSI0813i,HPSI0813i-zexw_3,D52,pool13,U_Neur3,25
HPSI0814i,HPSI0814i-bokz_6,D11,pool4,FPP,154
HPSI0814i,HPSI0814i-bokz_6,D11,pool4,P_FPP,139
HPSI0814i,HPSI0814i-bokz_6,D30,pool4,DA,107
HPSI0814i,HPSI0814i-bokz_6,D30,pool4,Epen1,7
HPSI0814i,HPSI0814i-bokz_6,D30,pool4,FPP,13
HPSI0814i,HPSI0814i-bokz_6,D30,pool4,P_FPP,15
HPSI0814i,HPSI0814i-bokz_6,D30,pool4,Sert,117
HPSI0814i,HPSI0814i-bokz_6,D52,pool4,Astro,12
HPSI0814i,HPSI0814i-bokz_6,D52,pool4,DA,93
HPSI0814i,HPSI0814i-bokz_6,D52,pool4,Epen1,15
HPSI0814i,HPSI0814i-bokz_6,D52,pool4,FPP,12
HPSI0814i,HPSI0814i-bokz_6,D52,pool4,P_FPP,2
HPSI0814i,HPSI0814i-bokz_6,D52,pool4,P_Sert,4
HPSI0814i,HPSI0814i-bokz_6,D52,pool4,Sert,327
HPSI0814i,HPSI0814i-bokz_6,D52,pool4,U_Neur1,4
HPSI0814i,HPSI0814i-bokz_6,D52,pool4,U_Neur3,27
HPSI0814i,HPSI0814i-doao_1,D52,pool15,Astro,30
HPSI0814i,HPSI0814i-doao_1,D52,pool15,DA,76
HPSI0814i,HPSI0814i-doao_1,D52,pool15,Epen1,3
HPSI0814i,HPSI0814i-doao_1,D52,pool15,FPP,14
HPSI0814i,HPSI0814i-doao_1,D52,pool15,P_FPP,5
HPSI0814i,HPSI0814i-doao_1,D52,pool15,Sert,4
HPSI0814i,HPSI0814i-doao_1,D52,pool15,U_Neur1,2
HPSI0814i,HPSI0814i-doao_1,D52,pool15,U_Neur3,2
HPSI0814i,HPSI0814i-siqu_4,D11,pool7,FPP,225
HPSI0814i,HPSI0814i-siqu_4,D11,pool7,NB,3
HPSI0814i,HPSI0814i-siqu_4,D11,pool7,P_FPP,121
HPSI0814i,HPSI0814i-siqu_4,D30,pool7,DA,783
HPSI0814i,HPSI0814i-siqu_4,D30,pool7,Epen1,15
HPSI0814i,HPSI0814i-siqu_4,D30,pool7,FPP,125
HPSI0814i,HPSI0814i-siqu_4,D30,pool7,P_FPP,29
HPSI0814i,HPSI0814i-siqu_4,D30,pool7,Sert,76
HPSI0814i,HPSI0814i-siqu_4,D30,pool7,U_Neur1,86
HPSI0814i,HPSI0814i-siqu_4,D30,pool7,U_Neur2,3
HPSI0814i,HPSI0814i-siqu_4,D52,pool7,Astro,29
HPSI0814i,HPSI0814i-siqu_4,D52,pool7,DA,615
HPSI0814i,HPSI0814i-siqu_4,D52,pool7,Epen1,28
HPSI0814i,HPSI0814i-siqu_4,D52,pool7,Epen2,2
HPSI0814i,HPSI0814i-siqu_4,D52,pool7,FPP,41
HPSI0814i,HPSI0814i-siqu_4,D52,pool7,P_FPP,8
HPSI0814i,HPSI0814i-siqu_4,D52,pool7,P_Sert,1
HPSI0814i,HPSI0814i-siqu_4,D52,pool7,Sert,81
HPSI0814i,HPSI0814i-siqu_4,D52,pool7,U_Neur1,72
HPSI0814i,HPSI0814i-siqu_4,D52,pool7,U_Neur3,9
HPSI0913i,HPSI0913i-eika_2,D11,pool9,FPP,103
HPSI0913i,HPSI0913i-eika_2,D11,pool9,P_FPP,79
HPSI0913i,HPSI0913i-eika_2,D30,pool9,DA,46
HPSI0913i,HPSI0913i-eika_2,D30,pool9,Epen1,1
HPSI0913i,HPSI0913i-eika_2,D30,pool9,FPP,9
HPSI0913i,HPSI0913i-eika_2,D30,pool9,P_FPP,1
HPSI0913i,HPSI0913i-eika_2,D30,pool9,Sert,26
HPSI0913i,HPSI0913i-eika_2,D30,pool9,U_Neur1,2
HPSI0913i,HPSI0913i-eika_2,D52,pool9,DA,6
HPSI0913i,HPSI0913i-eika_2,D52,pool9,Epen1,9
HPSI0913i,HPSI0913i-eika_2,D52,pool9,FPP,3
HPSI0913i,HPSI0913i-eika_2,D52,pool9,Sert,8
HPSI0913i,HPSI0913i-eorc_2,D11,pool13,FPP,444
HPSI0913i,HPSI0913i-eorc_2,D11,pool13,NB,4
HPSI0913i,HPSI0913i-eorc_2,D11,pool13,P_FPP,382
HPSI0913i,HPSI0913i-eorc_2,D52,pool13,Astro,17
HPSI0913i,HPSI0913i-eorc_2,D52,pool13,DA,266
HPSI0913i,HPSI0913i-eorc_2,D52,pool13,Epen1,182
HPSI0913i,HPSI0913i-eorc_2,D52,pool13,Epen2,2
HPSI0913i,HPSI0913i-eorc_2,D52,pool13,FPP,56
HPSI0913i,HPSI0913i-eorc_2,D52,pool13,P_FPP,10
HPSI0913i,HPSI0913i-eorc_2,D52,pool13,P_Sert,4
HPSI0913i,HPSI0913i-eorc_2,D52,pool13,Sert,162
HPSI0913i,HPSI0913i-eorc_2,D52,pool13,U_Neur1,13
HPSI0913i,HPSI0913i-eorc_2,D52,pool13,U_Neur3,8
HPSI0913i,HPSI0913i-iuqb_1,D11,pool13,FPP,434
HPSI0913i,HPSI0913i-iuqb_1,D11,pool13,NB,11
HPSI0913i,HPSI0913i-iuqb_1,D11,pool13,P_FPP,374
HPSI0913i,HPSI0913i-iuqb_1,D52,pool13,Astro,41
HPSI0913i,HPSI0913i-iuqb_1,D52,pool13,DA,369
HPSI0913i,HPSI0913i-iuqb_1,D52,pool13,Epen1,358
HPSI0913i,HPSI0913i-iuqb_1,D52,pool13,Epen2,14
HPSI0913i,HPSI0913i-iuqb_1,D52,pool13,FPP,155
HPSI0913i,HPSI0913i-iuqb_1,D52,pool13,P_FPP,49
HPSI0913i,HPSI0913i-iuqb_1,D52,pool13,P_Sert,4
HPSI0913i,HPSI0913i-iuqb_1,D52,pool13,Sert,207
HPSI0913i,HPSI0913i-iuqb_1,D52,pool13,U_Neur1,21
HPSI0913i,HPSI0913i-iuqb_1,D52,pool13,U_Neur3,13
HPSI0913i,HPSI0913i-lise_1,D52,pool14,Astro,19
HPSI0913i,HPSI0913i-lise_1,D52,pool14,DA,4
HPSI0913i,HPSI0913i-lise_1,D52,pool14,Epen1,7
HPSI0913i,HPSI0913i-lise_1,D52,pool14,Epen2,3
HPSI0913i,HPSI0913i-lise_1,D52,pool14,FPP,11
HPSI0913i,HPSI0913i-lise_1,D52,pool14,Sert,1
HPSI0913i,HPSI0913i-lise_1,D52,pool14,U_Neur1,1
HPSI0913i,HPSI0913i-lise_1,D52,pool14,U_Neur3,1
HPSI0913i,HPSI0913i-ruql_3,D11,pool13,FPP,378
HPSI0913i,HPSI0913i-ruql_3,D11,pool13,NB,6
HPSI0913i,HPSI0913i-ruql_3,D11,pool13,P_FPP,349
HPSI0913i,HPSI0913i-ruql_3,D52,pool13,Astro,5
HPSI0913i,HPSI0913i-ruql_3,D52,pool13,DA,185
HPSI0913i,HPSI0913i-ruql_3,D52,pool13,Epen1,31
HPSI0913i,HPSI0913i-ruql_3,D52,pool13,FPP,35
HPSI0913i,HPSI0913i-ruql_3,D52,pool13,P_FPP,3
HPSI0913i,HPSI0913i-ruql_3,D52,pool13,P_Sert,15
HPSI0913i,HPSI0913i-ruql_3,D52,pool13,Sert,438
HPSI0913i,HPSI0913i-ruql_3,D52,pool13,U_Neur1,13
HPSI0913i,HPSI0913i-ruql_3,D52,pool13,U_Neur3,6
HPSI0914i,HPSI0914i-euts_3,D52,pool15,Astro,6
HPSI0914i,HPSI0914i-euts_3,D52,pool15,DA,117
HPSI0914i,HPSI0914i-euts_3,D52,pool15,Epen1,23
HPSI0914i,HPSI0914i-euts_3,D52,pool15,FPP,25
HPSI0914i,HPSI0914i-euts_3,D52,pool15,P_Sert,1
HPSI0914i,HPSI0914i-euts_3,D52,pool15,Sert,123
HPSI0914i,HPSI0914i-euts_3,D52,pool15,U_Neur1,16
HPSI0914i,HPSI0914i-euts_3,D52,pool15,U_Neur3,3
HPSI0914i,HPSI0914i-iezw_2,D11,pool5,FPP,314
HPSI0914i,HPSI0914i-iezw_2,D11,pool5,NB,4
HPSI0914i,HPSI0914i-iezw_2,D11,pool5,P_FPP,175
HPSI0914i,HPSI0914i-iezw_2,D30,pool5,DA,181
HPSI0914i,HPSI0914i-iezw_2,D30,pool5,Epen1,19
HPSI0914i,HPSI0914i-iezw_2,D30,pool5,FPP,475
HPSI0914i,HPSI0914i-iezw_2,D30,pool5,P_FPP,152
HPSI0914i,HPSI0914i-iezw_2,D30,pool5,Sert,112
HPSI0914i,HPSI0914i-iezw_2,D30,pool5,U_Neur1,40
HPSI0914i,HPSI0914i-iezw_2,D30,pool5,U_Neur2,2
HPSI0914i,HPSI0914i-iezw_2,D52,pool5,Astro,11
HPSI0914i,HPSI0914i-iezw_2,D52,pool5,DA,277
HPSI0914i,HPSI0914i-iezw_2,D52,pool5,Epen1,179
HPSI0914i,HPSI0914i-iezw_2,D52,pool5,Epen2,6
HPSI0914i,HPSI0914i-iezw_2,D52,pool5,FPP,860
HPSI0914i,HPSI0914i-iezw_2,D52,pool5,P_FPP,112
HPSI0914i,HPSI0914i-iezw_2,D52,pool5,Sert,1
HPSI0914i,HPSI0914i-iezw_2,D52,pool5,U_Neur1,48
HPSI0914i,HPSI0914i-iezw_2,D52,pool5,U_Neur3,8
HPSI0914i,HPSI0914i-jejf_2,D11,pool5,FPP,1420
HPSI0914i,HPSI0914i-jejf_2,D11,pool5,NB,10
HPSI0914i,HPSI0914i-jejf_2,D11,pool5,P_FPP,1022
HPSI0914i,HPSI0914i-jejf_2,D30,pool5,DA,970
HPSI0914i,HPSI0914i-jejf_2,D30,pool5,Epen1,24
HPSI0914i,HPSI0914i-jejf_2,D30,pool5,FPP,134
HPSI0914i,HPSI0914i-jejf_2,D30,pool5,P_FPP,83
HPSI0914i,HPSI0914i-jejf_2,D30,pool5,Sert,653
HPSI0914i,HPSI0914i-jejf_2,D30,pool5,U_Neur1,18
HPSI0914i,HPSI0914i-jejf_2,D30,pool5,U_Neur2,1
HPSI0914i,HPSI0914i-jejf_2,D52,pool5,Astro,26
HPSI0914i,HPSI0914i-jejf_2,D52,pool5,DA,775
HPSI0914i,HPSI0914i-jejf_2,D52,pool5,Epen1,78
HPSI0914i,HPSI0914i-jejf_2,D52,pool5,Epen2,3
HPSI0914i,HPSI0914i-jejf_2,D52,pool5,FPP,158
HPSI0914i,HPSI0914i-jejf_2,D52,pool5,P_FPP,28
HPSI0914i,HPSI0914i-jejf_2,D52,pool5,P_Sert,24
HPSI0914i,HPSI0914i-jejf_2,D52,pool5,Sert,1190
HPSI0914i,HPSI0914i-jejf_2,D52,pool5,U_Neur1,21
HPSI0914i,HPSI0914i-jejf_2,D52,pool5,U_Neur3,22
HPSI0914i,HPSI0914i-kajh_2,D11,pool5,FPP,250
HPSI0914i,HPSI0914i-kajh_2,D11,pool5,NB,1
HPSI0914i,HPSI0914i-kajh_2,D11,pool5,P_FPP,221
HPSI0914i,HPSI0914i-kajh_2,D30,pool5,DA,63
HPSI0914i,HPSI0914i-kajh_2,D30,pool5,Epen1,3
HPSI0914i,HPSI0914i-kajh_2,D30,pool5,FPP,26
HPSI0914i,HPSI0914i-kajh_2,D30,pool5,P_FPP,10
HPSI0914i,HPSI0914i-kajh_2,D30,pool5,Sert,46
HPSI0914i,HPSI0914i-kajh_2,D30,pool5,U_Neur1,9
HPSI0914i,HPSI0914i-kajh_2,D52,pool5,Astro,3
HPSI0914i,HPSI0914i-kajh_2,D52,pool5,DA,34
HPSI0914i,HPSI0914i-kajh_2,D52,pool5,Epen1,5
HPSI0914i,HPSI0914i-kajh_2,D52,pool5,FPP,19
HPSI0914i,HPSI0914i-kajh_2,D52,pool5,P_FPP,5
HPSI0914i,HPSI0914i-kajh_2,D52,pool5,P_Sert,1
HPSI0914i,HPSI0914i-kajh_2,D52,pool5,Sert,58
HPSI0914i,HPSI0914i-kajh_2,D52,pool5,U_Neur1,1
HPSI0914i,HPSI0914i-kajh_2,D52,pool5,U_Neur3,1
HPSI0914i,HPSI0914i-laey_6,D11,pool5,FPP,91
HPSI0914i,HPSI0914i-laey_6,D11,pool5,P_FPP,67
HPSI0914i,HPSI0914i-laey_6,D11,pool6,FPP,611
HPSI0914i,HPSI0914i-laey_6,D11,pool6,NB,3
HPSI0914i,HPSI0914i-laey_6,D11,pool6,P_FPP,535
HPSI0914i,HPSI0914i-laey_6,D30,pool5,DA,68
HPSI0914i,HPSI0914i-laey_6,D30,pool5,Epen1,11
HPSI0914i,HPSI0914i-laey_6,D30,pool5,FPP,19
HPSI0914i,HPSI0914i-laey_6,D30,pool5,P_FPP,2
HPSI0914i,HPSI0914i-laey_6,D30,pool5,Sert,36
HPSI0914i,HPSI0914i-laey_6,D30,pool5,U_Neur1,4
HPSI0914i,HPSI0914i-laey_6,D30,pool6,DA,51
HPSI0914i,HPSI0914i-laey_6,D30,pool6,Epen1,41
HPSI0914i,HPSI0914i-laey_6,D30,pool6,FPP,64
HPSI0914i,HPSI0914i-laey_6,D30,pool6,P_FPP,39
HPSI0914i,HPSI0914i-laey_6,D30,pool6,Sert,155
HPSI0914i,HPSI0914i-laey_6,D30,pool6,U_Neur1,9
HPSI0914i,HPSI0914i-laey_6,D52,pool16,Astro,6
HPSI0914i,HPSI0914i-laey_6,D52,pool16,DA,241
HPSI0914i,HPSI0914i-laey_6,D52,pool16,Epen1,89
HPSI0914i,HPSI0914i-laey_6,D52,pool16,Epen2,2
HPSI0914i,HPSI0914i-laey_6,D52,pool16,FPP,72
HPSI0914i,HPSI0914i-laey_6,D52,pool16,P_FPP,13
HPSI0914i,HPSI0914i-laey_6,D52,pool16,P_Sert,6
HPSI0914i,HPSI0914i-laey_6,D52,pool16,Sert,324
HPSI0914i,HPSI0914i-laey_6,D52,pool16,U_Neur1,64
HPSI0914i,HPSI0914i-laey_6,D52,pool16,U_Neur3,13
HPSI0914i,HPSI0914i-laey_6,D52,pool5,Astro,4
HPSI0914i,HPSI0914i-laey_6,D52,pool5,DA,28
HPSI0914i,HPSI0914i-laey_6,D52,pool5,Epen1,18
HPSI0914i,HPSI0914i-laey_6,D52,pool5,FPP,27
HPSI0914i,HPSI0914i-laey_6,D52,pool5,P_FPP,1
HPSI0914i,HPSI0914i-laey_6,D52,pool5,P_Sert,1
HPSI0914i,HPSI0914i-laey_6,D52,pool5,Sert,32
HPSI0914i,HPSI0914i-laey_6,D52,pool5,U_Neur1,3
HPSI0914i,HPSI0914i-laey_6,D52,pool5,U_Neur3,2
HPSI0914i,HPSI0914i-laey_6,D52,pool6,Astro,7
HPSI0914i,HPSI0914i-laey_6,D52,pool6,DA,8
HPSI0914i,HPSI0914i-laey_6,D52,pool6,Epen1,104
HPSI0914i,HPSI0914i-laey_6,D52,pool6,Epen2,6
HPSI0914i,HPSI0914i-laey_6,D52,pool6,FPP,46
HPSI0914i,HPSI0914i-laey_6,D52,pool6,P_FPP,7
HPSI0914i,HPSI0914i-laey_6,D52,pool6,Sert,189
HPSI0914i,HPSI0914i-laey_6,D52,pool6,U_Neur1,2
HPSI0914i,HPSI0914i-laey_6,D52,pool6,U_Neur3,4
HPSI0914i,HPSI0914i-ouvb_2,D11,pool8,FPP,684
HPSI0914i,HPSI0914i-ouvb_2,D11,pool8,NB,1
HPSI0914i,HPSI0914i-ouvb_2,D11,pool8,P_FPP,733
HPSI0914i,HPSI0914i-ouvb_2,D11,pool9,FPP,1187
HPSI0914i,HPSI0914i-ouvb_2,D11,pool9,NB,4
HPSI0914i,HPSI0914i-ouvb_2,D11,pool9,P_FPP,1019
HPSI0914i,HPSI0914i-ouvb_2,D30,pool8,DA,255
HPSI0914i,HPSI0914i-ouvb_2,D30,pool8,Epen1,38
HPSI0914i,HPSI0914i-ouvb_2,D30,pool8,FPP,131
HPSI0914i,HPSI0914i-ouvb_2,D30,pool8,P_FPP,54
HPSI0914i,HPSI0914i-ouvb_2,D30,pool8,Sert,302
HPSI0914i,HPSI0914i-ouvb_2,D30,pool8,U_Neur1,4
HPSI0914i,HPSI0914i-ouvb_2,D30,pool9,DA,512
HPSI0914i,HPSI0914i-ouvb_2,D30,pool9,Epen1,102
HPSI0914i,HPSI0914i-ouvb_2,D30,pool9,FPP,113
HPSI0914i,HPSI0914i-ouvb_2,D30,pool9,P_FPP,31
HPSI0914i,HPSI0914i-ouvb_2,D30,pool9,Sert,166
HPSI0914i,HPSI0914i-ouvb_2,D30,pool9,U_Neur1,27
HPSI0914i,HPSI0914i-ouvb_2,D30,pool9,U_Neur2,1
HPSI0914i,HPSI0914i-ouvb_2,D52,pool8,Astro,4
HPSI0914i,HPSI0914i-ouvb_2,D52,pool8,DA,221
HPSI0914i,HPSI0914i-ouvb_2,D52,pool8,Epen1,140
HPSI0914i,HPSI0914i-ouvb_2,D52,pool8,Epen2,1
HPSI0914i,HPSI0914i-ouvb_2,D52,pool8,FPP,113
HPSI0914i,HPSI0914i-ouvb_2,D52,pool8,P_FPP,12
HPSI0914i,HPSI0914i-ouvb_2,D52,pool8,P_Sert,5
HPSI0914i,HPSI0914i-ouvb_2,D52,pool8,Sert,430
HPSI0914i,HPSI0914i-ouvb_2,D52,pool8,U_Neur1,11
HPSI0914i,HPSI0914i-ouvb_2,D52,pool8,U_Neur3,30
HPSI0914i,HPSI0914i-ouvb_2,D52,pool9,Astro,1
HPSI0914i,HPSI0914i-ouvb_2,D52,pool9,DA,155
HPSI0914i,HPSI0914i-ouvb_2,D52,pool9,Epen1,109
HPSI0914i,HPSI0914i-ouvb_2,D52,pool9,Epen2,2
HPSI0914i,HPSI0914i-ouvb_2,D52,pool9,FPP,67
HPSI0914i,HPSI0914i-ouvb_2,D52,pool9,P_FPP,5
HPSI0914i,HPSI0914i-ouvb_2,D52,pool9,P_Sert,1
HPSI0914i,HPSI0914i-ouvb_2,D52,pool9,Sert,87
HPSI0914i,HPSI0914i-ouvb_2,D52,pool9,U_Neur1,2
HPSI0914i,HPSI0914i-ouvb_2,D52,pool9,U_Neur3,3
HPSI0914i,HPSI0914i-rejf_2,D11,pool9,FPP,590
HPSI0914i,HPSI0914i-rejf_2,D11,pool9,NB,252
HPSI0914i,HPSI0914i-rejf_2,D11,pool9,P_FPP,475
HPSI0914i,HPSI0914i-rejf_2,D30,pool9,DA,51
HPSI0914i,HPSI0914i-rejf_2,D30,pool9,Epen1,325
HPSI0914i,HPSI0914i-rejf_2,D30,pool9,FPP,690
HPSI0914i,HPSI0914i-rejf_2,D30,pool9,P_FPP,109
HPSI0914i,HPSI0914i-rejf_2,D30,pool9,Sert,22
HPSI0914i,HPSI0914i-rejf_2,D30,pool9,U_Neur1,552
HPSI0914i,HPSI0914i-rejf_2,D30,pool9,U_Neur2,32
HPSI0914i,HPSI0914i-rejf_2,D52,pool9,Astro,54
HPSI0914i,HPSI0914i-rejf_2,D52,pool9,DA,23
HPSI0914i,HPSI0914i-rejf_2,D52,pool9,Epen1,466
HPSI0914i,HPSI0914i-rejf_2,D52,pool9,Epen2,7
HPSI0914i,HPSI0914i-rejf_2,D52,pool9,FPP,85
HPSI0914i,HPSI0914i-rejf_2,D52,pool9,P_FPP,40
HPSI0914i,HPSI0914i-rejf_2,D52,pool9,P_Sert,2
HPSI0914i,HPSI0914i-rejf_2,D52,pool9,Sert,12
HPSI0914i,HPSI0914i-rejf_2,D52,pool9,U_Neur1,275
HPSI0914i,HPSI0914i-rejf_2,D52,pool9,U_Neur3,6
HPSI0914i,HPSI0914i-suop_5,D11,pool1,FPP,958
HPSI0914i,HPSI0914i-suop_5,D11,pool1,NB,6
HPSI0914i,HPSI0914i-suop_5,D11,pool1,P_FPP,676
HPSI0914i,HPSI0914i-suop_5,D30,pool1,DA,205
HPSI0914i,HPSI0914i-suop_5,D30,pool1,Epen1,2
HPSI0914i,HPSI0914i-suop_5,D30,pool1,FPP,8
HPSI0914i,HPSI0914i-suop_5,D30,pool1,P_FPP,9
HPSI0914i,HPSI0914i-suop_5,D30,pool1,Sert,118
HPSI0914i,HPSI0914i-suop_5,D30,pool1,U_Neur1,1
HPSI0914i,HPSI0914i-suop_5,D30,pool1,U_Neur2,2
HPSI0914i,HPSI0914i-suop_5,D52,pool1,Astro,1
HPSI0914i,HPSI0914i-suop_5,D52,pool1,DA,182
HPSI0914i,HPSI0914i-suop_5,D52,pool1,Epen1,21
HPSI0914i,HPSI0914i-suop_5,D52,pool1,Epen2,2
HPSI0914i,HPSI0914i-suop_5,D52,pool1,FPP,33
HPSI0914i,HPSI0914i-suop_5,D52,pool1,P_FPP,10
HPSI0914i,HPSI0914i-suop_5,D52,pool1,P_Sert,4
HPSI0914i,HPSI0914i-suop_5,D52,pool1,Sert,380
HPSI0914i,HPSI0914i-suop_5,D52,pool1,U_Neur3,24
HPSI0914i,HPSI0914i-vaka_5,D11,pool3,FPP,742
HPSI0914i,HPSI0914i-vaka_5,D11,pool3,NB,11
HPSI0914i,HPSI0914i-vaka_5,D11,pool3,P_FPP,585
HPSI0914i,HPSI0914i-vaka_5,D30,pool3,DA,455
HPSI0914i,HPSI0914i-vaka_5,D30,pool3,Epen1,127
HPSI0914i,HPSI0914i-vaka_5,D30,pool3,FPP,182
HPSI0914i,HPSI0914i-vaka_5,D30,pool3,P_FPP,55
HPSI0914i,HPSI0914i-vaka_5,D30,pool3,Sert,209
HPSI0914i,HPSI0914i-vaka_5,D30,pool3,U_Neur1,18
HPSI0914i,HPSI0914i-vaka_5,D30,pool3,U_Neur2,1
HPSI0914i,HPSI0914i-vaka_5,D52,pool3,Astro,50
HPSI0914i,HPSI0914i-vaka_5,D52,pool3,DA,540
HPSI0914i,HPSI0914i-vaka_5,D52,pool3,Epen1,1109
HPSI0914i,HPSI0914i-vaka_5,D52,pool3,Epen2,28
HPSI0914i,HPSI0914i-vaka_5,D52,pool3,FPP,414
HPSI0914i,HPSI0914i-vaka_5,D52,pool3,P_FPP,65
HPSI0914i,HPSI0914i-vaka_5,D52,pool3,P_Sert,36
HPSI0914i,HPSI0914i-vaka_5,D52,pool3,Sert,1018
HPSI0914i,HPSI0914i-vaka_5,D52,pool3,U_Neur1,28
HPSI0914i,HPSI0914i-vaka_5,D52,pool3,U_Neur3,49
HPSI0914i,HPSI0914i-yuvg_2,D11,pool7,FPP,48
HPSI0914i,HPSI0914i-yuvg_2,D11,pool7,P_FPP,23
HPSI0914i,HPSI0914i-yuvg_2,D30,pool10,DA,61
HPSI0914i,HPSI0914i-yuvg_2,D30,pool10,Epen1,11
HPSI0914i,HPSI0914i-yuvg_2,D30,pool10,FPP,9
HPSI0914i,HPSI0914i-yuvg_2,D30,pool10,P_FPP,8
HPSI0914i,HPSI0914i-yuvg_2,D30,pool10,Sert,15
HPSI0914i,HPSI0914i-yuvg_2,D30,pool10,U_Neur1,3
HPSI0914i,HPSI0914i-yuvg_2,D30,pool7,DA,225
HPSI0914i,HPSI0914i-yuvg_2,D30,pool7,Epen1,29
HPSI0914i,HPSI0914i-yuvg_2,D30,pool7,FPP,42
HPSI0914i,HPSI0914i-yuvg_2,D30,pool7,P_FPP,9
HPSI0914i,HPSI0914i-yuvg_2,D30,pool7,Sert,51
HPSI0914i,HPSI0914i-yuvg_2,D30,pool7,U_Neur1,14
HPSI0914i,HPSI0914i-yuvg_2,D52,pool10,Astro,4
HPSI0914i,HPSI0914i-yuvg_2,D52,pool10,DA,51
HPSI0914i,HPSI0914i-yuvg_2,D52,pool10,Epen1,31
HPSI0914i,HPSI0914i-yuvg_2,D52,pool10,Epen2,1
HPSI0914i,HPSI0914i-yuvg_2,D52,pool10,FPP,14
HPSI0914i,HPSI0914i-yuvg_2,D52,pool10,P_FPP,2
HPSI0914i,HPSI0914i-yuvg_2,D52,pool10,P_Sert,2
HPSI0914i,HPSI0914i-yuvg_2,D52,pool10,Sert,33
HPSI0914i,HPSI0914i-yuvg_2,D52,pool10,U_Neur1,1
HPSI0914i,HPSI0914i-yuvg_2,D52,pool7,Astro,3
HPSI0914i,HPSI0914i-yuvg_2,D52,pool7,DA,158
HPSI0914i,HPSI0914i-yuvg_2,D52,pool7,Epen1,88
HPSI0914i,HPSI0914i-yuvg_2,D52,pool7,FPP,21
HPSI0914i,HPSI0914i-yuvg_2,D52,pool7,P_FPP,6
HPSI0914i,HPSI0914i-yuvg_2,D52,pool7,P_Sert,1
HPSI0914i,HPSI0914i-yuvg_2,D52,pool7,Sert,64
HPSI0914i,HPSI0914i-yuvg_2,D52,pool7,U_Neur1,9
HPSI0914i,HPSI0914i-yuvg_2,D52,pool7,U_Neur3,6
HPSI0914i,HPSI0914i-zerv_7,D11,pool7,FPP,105
HPSI0914i,HPSI0914i-zerv_7,D11,pool7,NB,3
HPSI0914i,HPSI0914i-zerv_7,D11,pool7,P_FPP,67
HPSI0914i,HPSI0914i-zerv_7,D11,pool8,FPP,426
HPSI0914i,HPSI0914i-zerv_7,D11,pool8,NB,9
HPSI0914i,HPSI0914i-zerv_7,D11,pool8,P_FPP,446
HPSI0914i,HPSI0914i-zerv_7,D30,pool7,DA,420
HPSI0914i,HPSI0914i-zerv_7,D30,pool7,Epen1,23
HPSI0914i,HPSI0914i-zerv_7,D30,pool7,FPP,58
HPSI0914i,HPSI0914i-zerv_7,D30,pool7,P_FPP,18
HPSI0914i,HPSI0914i-zerv_7,D30,pool7,Sert,47
HPSI0914i,HPSI0914i-zerv_7,D30,pool7,U_Neur1,12
HPSI0914i,HPSI0914i-zerv_7,D30,pool8,DA,178
HPSI0914i,HPSI0914i-zerv_7,D30,pool8,Epen1,69
HPSI0914i,HPSI0914i-zerv_7,D30,pool8,FPP,92
HPSI0914i,HPSI0914i-zerv_7,D30,pool8,P_FPP,31
HPSI0914i,HPSI0914i-zerv_7,D30,pool8,Sert,94
HPSI0914i,HPSI0914i-zerv_7,D30,pool8,U_Neur1,12
HPSI0914i,HPSI0914i-zerv_7,D52,pool7,Astro,18
HPSI0914i,HPSI0914i-zerv_7,D52,pool7,DA,241
HPSI0914i,HPSI0914i-zerv_7,D52,pool7,Epen1,53
HPSI0914i,HPSI0914i-zerv_7,D52,pool7,FPP,49
HPSI0914i,HPSI0914i-zerv_7,D52,pool7,P_FPP,6
HPSI0914i,HPSI0914i-zerv_7,D52,pool7,Sert,38
HPSI0914i,HPSI0914i-zerv_7,D52,pool7,U_Neur1,10
HPSI0914i,HPSI0914i-zerv_7,D52,pool7,U_Neur3,5
HPSI0914i,HPSI0914i-zerv_7,D52,pool8,DA,139
HPSI0914i,HPSI0914i-zerv_7,D52,pool8,Epen1,318
HPSI0914i,HPSI0914i-zerv_7,D52,pool8,Epen2,5
HPSI0914i,HPSI0914i-zerv_7,D52,pool8,FPP,201
HPSI0914i,HPSI0914i-zerv_7,D52,pool8,P_FPP,30
HPSI0914i,HPSI0914i-zerv_7,D52,pool8,P_Sert,4
HPSI0914i,HPSI0914i-zerv_7,D52,pool8,Sert,137
HPSI0914i,HPSI0914i-zerv_7,D52,pool8,U_Neur1,16
HPSI0914i,HPSI0914i-zerv_7,D52,pool8,U_Neur3,9
HPSI1013i,HPSI1013i-garx_2,D11,pool9,FPP,725
HPSI1013i,HPSI1013i-garx_2,D11,pool9,NB,2
HPSI1013i,HPSI1013i-garx_2,D11,pool9,P_FPP,696
HPSI1013i,HPSI1013i-garx_2,D30,pool9,DA,309
HPSI1013i,HPSI1013i-garx_2,D30,pool9,Epen1,186
HPSI1013i,HPSI1013i-garx_2,D30,pool9,FPP,1125
HPSI1013i,HPSI1013i-garx_2,D30,pool9,P_FPP,904
HPSI1013i,HPSI1013i-garx_2,D30,pool9,Sert,1525
HPSI1013i,HPSI1013i-garx_2,D30,pool9,U_Neur1,1269
HPSI1013i,HPSI1013i-garx_2,D30,pool9,U_Neur2,51
HPSI1013i,HPSI1013i-garx_2,D52,pool9,Astro,240
HPSI1013i,HPSI1013i-garx_2,D52,pool9,DA,344
HPSI1013i,HPSI1013i-garx_2,D52,pool9,Epen1,546
HPSI1013i,HPSI1013i-garx_2,D52,pool9,Epen2,19
HPSI1013i,HPSI1013i-garx_2,D52,pool9,FPP,376
HPSI1013i,HPSI1013i-garx_2,D52,pool9,P_FPP,340
HPSI1013i,HPSI1013i-garx_2,D52,pool9,P_Sert,1
HPSI1013i,HPSI1013i-garx_2,D52,pool9,Sert,462
HPSI1013i,HPSI1013i-garx_2,D52,pool9,U_Neur1,2230
HPSI1013i,HPSI1013i-garx_2,D52,pool9,U_Neur3,76
HPSI1013i,HPSI1013i-hiaf_1,D11,pool5,FPP,564
HPSI1013i,HPSI1013i-hiaf_1,D11,pool5,NB,51
HPSI1013i,HPSI1013i-hiaf_1,D11,pool5,P_FPP,365
HPSI1013i,HPSI1013i-hiaf_1,D11,pool6,FPP,2495
HPSI1013i,HPSI1013i-hiaf_1,D11,pool6,NB,74
HPSI1013i,HPSI1013i-hiaf_1,D11,pool6,P_FPP,2289
HPSI1013i,HPSI1013i-hiaf_1,D30,pool5,DA,197
HPSI1013i,HPSI1013i-hiaf_1,D30,pool5,Epen1,126
HPSI1013i,HPSI1013i-hiaf_1,D30,pool5,FPP,250
HPSI1013i,HPSI1013i-hiaf_1,D30,pool5,P_FPP,52
HPSI1013i,HPSI1013i-hiaf_1,D30,pool5,Sert,126
HPSI1013i,HPSI1013i-hiaf_1,D30,pool5,U_Neur1,111
HPSI1013i,HPSI1013i-hiaf_1,D30,pool5,U_Neur2,3
HPSI1013i,HPSI1013i-hiaf_1,D30,pool6,DA,552
HPSI1013i,HPSI1013i-hiaf_1,D30,pool6,Epen1,566
HPSI1013i,HPSI1013i-hiaf_1,D30,pool6,FPP,829
HPSI1013i,HPSI1013i-hiaf_1,D30,pool6,P_FPP,550
HPSI1013i,HPSI1013i-hiaf_1,D30,pool6,Sert,1968
HPSI1013i,HPSI1013i-hiaf_1,D30,pool6,U_Neur1,184
HPSI1013i,HPSI1013i-hiaf_1,D30,pool6,U_Neur2,10
HPSI1013i,HPSI1013i-hiaf_1,D52,pool5,Astro,183
HPSI1013i,HPSI1013i-hiaf_1,D52,pool5,DA,153
HPSI1013i,HPSI1013i-hiaf_1,D52,pool5,Epen1,164
HPSI1013i,HPSI1013i-hiaf_1,D52,pool5,Epen2,16
HPSI1013i,HPSI1013i-hiaf_1,D52,pool5,FPP,94
HPSI1013i,HPSI1013i-hiaf_1,D52,pool5,P_FPP,26
HPSI1013i,HPSI1013i-hiaf_1,D52,pool5,Sert,188
HPSI1013i,HPSI1013i-hiaf_1,D52,pool5,U_Neur1,86
HPSI1013i,HPSI1013i-hiaf_1,D52,pool5,U_Neur3,16
HPSI1013i,HPSI1013i-hiaf_1,D52,pool6,Astro,199
HPSI1013i,HPSI1013i-hiaf_1,D52,pool6,DA,298
HPSI1013i,HPSI1013i-hiaf_1,D52,pool6,Epen1,882
HPSI1013i,HPSI1013i-hiaf_1,D52,pool6,Epen2,61
HPSI1013i,HPSI1013i-hiaf_1,D52,pool6,FPP,650
HPSI1013i,HPSI1013i-hiaf_1,D52,pool6,P_FPP,127
HPSI1013i,HPSI1013i-hiaf_1,D52,pool6,P_Sert,35
HPSI1013i,HPSI1013i-hiaf_1,D52,pool6,Sert,2361
HPSI1013i,HPSI1013i-hiaf_1,D52,pool6,U_Neur1,48
HPSI1013i,HPSI1013i-hiaf_1,D52,pool6,U_Neur3,52
HPSI1013i,HPSI1013i-jogf_2,D11,pool9,FPP,595
HPSI1013i,HPSI1013i-jogf_2,D11,pool9,NB,167
HPSI1013i,HPSI1013i-jogf_2,D11,pool9,P_FPP,500
HPSI1013i,HPSI1013i-jogf_2,D30,pool9,DA,30
HPSI1013i,HPSI1013i-jogf_2,D30,pool9,Epen1,204
HPSI1013i,HPSI1013i-jogf_2,D30,pool9,FPP,137
HPSI1013i,HPSI1013i-jogf_2,D30,pool9,P_FPP,31
HPSI1013i,HPSI1013i-jogf_2,D30,pool9,Sert,12
HPSI1013i,HPSI1013i-jogf_2,D30,pool9,U_Neur1,18
HPSI1013i,HPSI1013i-jogf_2,D52,pool9,Astro,73
HPSI1013i,HPSI1013i-jogf_2,D52,pool9,DA,6
HPSI1013i,HPSI1013i-jogf_2,D52,pool9,Epen1,270
HPSI1013i,HPSI1013i-jogf_2,D52,pool9,Epen2,3
HPSI1013i,HPSI1013i-jogf_2,D52,pool9,FPP,35
HPSI1013i,HPSI1013i-jogf_2,D52,pool9,P_FPP,20
HPSI1013i,HPSI1013i-jogf_2,D52,pool9,Sert,7
HPSI1013i,HPSI1013i-jogf_2,D52,pool9,U_Neur1,5
HPSI1013i,HPSI1013i-jogf_2,D52,pool9,U_Neur3,1
HPSI1013i,HPSI1013i-jufd_3,D11,pool13,FPP,641
HPSI1013i,HPSI1013i-jufd_3,D11,pool13,NB,152
HPSI1013i,HPSI1013i-jufd_3,D11,pool13,P_FPP,407
HPSI1013i,HPSI1013i-jufd_3,D52,pool13,Astro,114
HPSI1013i,HPSI1013i-jufd_3,D52,pool13,DA,64
HPSI1013i,HPSI1013i-jufd_3,D52,pool13,Epen1,304
HPSI1013i,HPSI1013i-jufd_3,D52,pool13,Epen2,4
HPSI1013i,HPSI1013i-jufd_3,D52,pool13,FPP,87
HPSI1013i,HPSI1013i-jufd_3,D52,pool13,P_FPP,37
HPSI1013i,HPSI1013i-jufd_3,D52,pool13,P_Sert,1
HPSI1013i,HPSI1013i-jufd_3,D52,pool13,Sert,12
HPSI1013i,HPSI1013i-jufd_3,D52,pool13,U_Neur1,35
HPSI1013i,HPSI1013i-jufd_3,D52,pool13,U_Neur3,7
HPSI1013i,HPSI1013i-kuxp_1,D52,pool14,Astro,1
HPSI1013i,HPSI1013i-kuxp_1,D52,pool14,DA,39
HPSI1013i,HPSI1013i-kuxp_1,D52,pool14,Epen1,1
HPSI1013i,HPSI1013i-kuxp_1,D52,pool14,Sert,60
HPSI1013i,HPSI1013i-kuxp_1,D52,pool14,U_Neur3,6
HPSI1013i,HPSI1013i-sita_1,D11,pool8,FPP,1102
HPSI1013i,HPSI1013i-sita_1,D11,pool8,NB,165
HPSI1013i,HPSI1013i-sita_1,D11,pool8,P_FPP,1042
HPSI1013i,HPSI1013i-sita_1,D30,pool8,DA,49
HPSI1013i,HPSI1013i-sita_1,D30,pool8,Epen1,356
HPSI1013i,HPSI1013i-sita_1,D30,pool8,FPP,866
HPSI1013i,HPSI1013i-sita_1,D30,pool8,P_FPP,67
HPSI1013i,HPSI1013i-sita_1,D30,pool8,Sert,3
HPSI1013i,HPSI1013i-sita_1,D30,pool8,U_Neur1,628
HPSI1013i,HPSI1013i-sita_1,D30,pool8,U_Neur2,4
HPSI1013i,HPSI1013i-sita_1,D52,pool8,Astro,513
HPSI1013i,HPSI1013i-sita_1,D52,pool8,DA,53
HPSI1013i,HPSI1013i-sita_1,D52,pool8,Epen1,701
HPSI1013i,HPSI1013i-sita_1,D52,pool8,Epen2,38
HPSI1013i,HPSI1013i-sita_1,D52,pool8,FPP,213
HPSI1013i,HPSI1013i-sita_1,D52,pool8,P_FPP,106
HPSI1013i,HPSI1013i-sita_1,D52,pool8,Sert,7
HPSI1013i,HPSI1013i-sita_1,D52,pool8,U_Neur1,375
HPSI1013i,HPSI1013i-sita_1,D52,pool8,U_Neur3,13
HPSI1013i,HPSI1013i-woci_1,D11,pool6,FPP,1145
HPSI1013i,HPSI1013i-woci_1,D11,pool6,NB,10
HPSI1013i,HPSI1013i-woci_1,D11,pool6,P_FPP,864
HPSI1013i,HPSI1013i-woci_1,D30,pool6,DA,89
HPSI1013i,HPSI1013i-woci_1,D30,pool6,Epen1,48
HPSI1013i,HPSI1013i-woci_1,D30,pool6,FPP,120
HPSI1013i,HPSI1013i-woci_1,D30,pool6,P_FPP,67
HPSI1013i,HPSI1013i-woci_1,D30,pool6,Sert,400
HPSI1013i,HPSI1013i-woci_1,D30,pool6,U_Neur1,18
HPSI1013i,HPSI1013i-woci_1,D52,pool6,Astro,14
HPSI1013i,HPSI1013i-woci_1,D52,pool6,DA,39
HPSI1013i,HPSI1013i-woci_1,D52,pool6,Epen1,145
HPSI1013i,HPSI1013i-woci_1,D52,pool6,Epen2,9
HPSI1013i,HPSI1013i-woci_1,D52,pool6,FPP,80
HPSI1013i,HPSI1013i-woci_1,D52,pool6,P_FPP,7
HPSI1013i,HPSI1013i-woci_1,D52,pool6,P_Sert,6
HPSI1013i,HPSI1013i-woci_1,D52,pool6,Sert,590
HPSI1013i,HPSI1013i-woci_1,D52,pool6,U_Neur1,8
HPSI1013i,HPSI1013i-woci_1,D52,pool6,U_Neur3,5
HPSI1013i,HPSI1013i-wopl_2,D11,pool9,FPP,734
HPSI1013i,HPSI1013i-wopl_2,D11,pool9,NB,218
HPSI1013i,HPSI1013i-wopl_2,D11,pool9,P_FPP,560
HPSI1013i,HPSI1013i-wopl_2,D30,pool9,DA,36
HPSI1013i,HPSI1013i-wopl_2,D30,pool9,Epen1,629
HPSI1013i,HPSI1013i-wopl_2,D30,pool9,FPP,441
HPSI1013i,HPSI1013i-wopl_2,D30,pool9,P_FPP,44
HPSI1013i,HPSI1013i-wopl_2,D30,pool9,Sert,13
HPSI1013i,HPSI1013i-wopl_2,D30,pool9,U_Neur1,242
HPSI1013i,HPSI1013i-wopl_2,D30,pool9,U_Neur2,6
HPSI1013i,HPSI1013i-wopl_2,D52,pool9,Astro,62
HPSI1013i,HPSI1013i-wopl_2,D52,pool9,DA,9
HPSI1013i,HPSI1013i-wopl_2,D52,pool9,Epen1,437
HPSI1013i,HPSI1013i-wopl_2,D52,pool9,Epen2,12
HPSI1013i,HPSI1013i-wopl_2,D52,pool9,FPP,30
HPSI1013i,HPSI1013i-wopl_2,D52,pool9,P_FPP,12
HPSI1013i,HPSI1013i-wopl_2,D52,pool9,Sert,14
HPSI1013i,HPSI1013i-wopl_2,D52,pool9,U_Neur1,69
HPSI1013i,HPSI1013i-wopl_2,D52,pool9,U_Neur3,12
HPSI1013i,HPSI1013i-zagm_1,D11,pool6,FPP,163
HPSI1013i,HPSI1013i-zagm_1,D11,pool6,NB,2
HPSI1013i,HPSI1013i-zagm_1,D11,pool6,P_FPP,165
HPSI1013i,HPSI1013i-zagm_1,D30,pool6,DA,2
HPSI1013i,HPSI1013i-zagm_1,D30,pool6,Epen1,1
HPSI1013i,HPSI1013i-zagm_1,D30,pool6,FPP,3
HPSI1013i,HPSI1013i-zagm_1,D30,pool6,P_FPP,2
HPSI1013i,HPSI1013i-zagm_1,D30,pool6,Sert,5
HPSI1013i,HPSI1013i-zagm_1,D52,pool6,DA,3
HPSI1013i,HPSI1013i-zagm_1,D52,pool6,Epen1,5
HPSI1013i,HPSI1013i-zagm_1,D52,pool6,FPP,1
HPSI1013i,HPSI1013i-zagm_1,D52,pool6,Sert,18
HPSI1014i,HPSI1014i-babz_3,D11,pool8,FPP,876
HPSI1014i,HPSI1014i-babz_3,D11,pool8,NB,2
HPSI1014i,HPSI1014i-babz_3,D11,pool8,P_FPP,866
HPSI1014i,HPSI1014i-babz_3,D30,pool8,DA,243
HPSI1014i,HPSI1014i-babz_3,D30,pool8,Epen1,119
HPSI1014i,HPSI1014i-babz_3,D30,pool8,FPP,234
HPSI1014i,HPSI1014i-babz_3,D30,pool8,P_FPP,174
HPSI1014i,HPSI1014i-babz_3,D30,pool8,Sert,848
HPSI1014i,HPSI1014i-babz_3,D30,pool8,U_Neur1,61
HPSI1014i,HPSI1014i-babz_3,D52,pool8,Astro,12
HPSI1014i,HPSI1014i-babz_3,D52,pool8,DA,462
HPSI1014i,HPSI1014i-babz_3,D52,pool8,Epen1,447
HPSI1014i,HPSI1014i-babz_3,D52,pool8,Epen2,13
HPSI1014i,HPSI1014i-babz_3,D52,pool8,FPP,584
HPSI1014i,HPSI1014i-babz_3,D52,pool8,P_FPP,93
HPSI1014i,HPSI1014i-babz_3,D52,pool8,P_Sert,72
HPSI1014i,HPSI1014i-babz_3,D52,pool8,Sert,3001
HPSI1014i,HPSI1014i-babz_3,D52,pool8,U_Neur1,34
HPSI1014i,HPSI1014i-babz_3,D52,pool8,U_Neur3,61
HPSI1014i,HPSI1014i-bilx_1,D11,pool4,FPP,97
HPSI1014i,HPSI1014i-bilx_1,D11,pool4,NB,19
HPSI1014i,HPSI1014i-bilx_1,D11,pool4,P_FPP,63
HPSI1014i,HPSI1014i-bilx_1,D30,pool4,DA,12
HPSI1014i,HPSI1014i-bilx_1,D30,pool4,Epen1,23
HPSI1014i,HPSI1014i-bilx_1,D30,pool4,FPP,63
HPSI1014i,HPSI1014i-bilx_1,D30,pool4,P_FPP,2
HPSI1014i,HPSI1014i-bilx_1,D30,pool4,Sert,2
HPSI1014i,HPSI1014i-bilx_1,D30,pool4,U_Neur1,61
HPSI1014i,HPSI1014i-bilx_1,D30,pool4,U_Neur2,5
HPSI1014i,HPSI1014i-bilx_1,D52,pool4,Astro,30
HPSI1014i,HPSI1014i-bilx_1,D52,pool4,DA,7
HPSI1014i,HPSI1014i-bilx_1,D52,pool4,Epen1,45
HPSI1014i,HPSI1014i-bilx_1,D52,pool4,Epen2,1
HPSI1014i,HPSI1014i-bilx_1,D52,pool4,FPP,22
HPSI1014i,HPSI1014i-bilx_1,D52,pool4,P_FPP,2
HPSI1014i,HPSI1014i-bilx_1,D52,pool4,U_Neur1,74
HPSI1014i,HPSI1014i-bilx_1,D52,pool4,U_Neur3,1
HPSI1014i,HPSI1014i-boss_1,D11,pool13,FPP,76
HPSI1014i,HPSI1014i-boss_1,D11,pool13,NB,15
HPSI1014i,HPSI1014i-boss_1,D11,pool13,P_FPP,67
HPSI1014i,HPSI1014i-boss_1,D52,pool13,Astro,162
HPSI1014i,HPSI1014i-boss_1,D52,pool13,DA,7
HPSI1014i,HPSI1014i-boss_1,D52,pool13,Epen1,207
HPSI1014i,HPSI1014i-boss_1,D52,pool13,Epen2,6
HPSI1014i,HPSI1014i-boss_1,D52,pool13,FPP,57
HPSI1014i,HPSI1014i-boss_1,D52,pool13,P_FPP,41
HPSI1014i,HPSI1014i-boss_1,D52,pool13,U_Neur1,13
HPSI1014i,HPSI1014i-eesb_1,D11,pool4,FPP,1779
HPSI1014i,HPSI1014i-eesb_1,D11,pool4,NB,7
HPSI1014i,HPSI1014i-eesb_1,D11,pool4,P_FPP,1271
HPSI1014i,HPSI1014i-eesb_1,D30,pool4,DA,3871
HPSI1014i,HPSI1014i-eesb_1,D30,pool4,Epen1,403
HPSI1014i,HPSI1014i-eesb_1,D30,pool4,FPP,2464
HPSI1014i,HPSI1014i-eesb_1,D30,pool4,P_FPP,688
HPSI1014i,HPSI1014i-eesb_1,D30,pool4,Sert,2173
HPSI1014i,HPSI1014i-eesb_1,D30,pool4,U_Neur1,248
HPSI1014i,HPSI1014i-eesb_1,D30,pool4,U_Neur2,8
HPSI1014i,HPSI1014i-eesb_1,D52,pool4,Astro,152
HPSI1014i,HPSI1014i-eesb_1,D52,pool4,DA,5332
HPSI1014i,HPSI1014i-eesb_1,D52,pool4,Epen1,2013
HPSI1014i,HPSI1014i-eesb_1,D52,pool4,Epen2,65
HPSI1014i,HPSI1014i-eesb_1,D52,pool4,FPP,4419
HPSI1014i,HPSI1014i-eesb_1,D52,pool4,P_FPP,590
HPSI1014i,HPSI1014i-eesb_1,D52,pool4,P_Sert,98
HPSI1014i,HPSI1014i-eesb_1,D52,pool4,Sert,3823
HPSI1014i,HPSI1014i-eesb_1,D52,pool4,U_Neur1,262
HPSI1014i,HPSI1014i-eesb_1,D52,pool4,U_Neur3,174
HPSI1014i,HPSI1014i-kefb_1,D11,pool8,FPP,239
HPSI1014i,HPSI1014i-kefb_1,D11,pool8,NB,174
HPSI1014i,HPSI1014i-kefb_1,D11,pool8,P_FPP,192
HPSI1014i,HPSI1014i-kefb_1,D30,pool8,DA,10
HPSI1014i,HPSI1014i-kefb_1,D30,pool8,Epen1,50
HPSI1014i,HPSI1014i-kefb_1,D30,pool8,FPP,84
HPSI1014i,HPSI1014i-kefb_1,D30,pool8,P_FPP,8
HPSI1014i,HPSI1014i-kefb_1,D30,pool8,U_Neur1,35
HPSI1014i,HPSI1014i-kefb_1,D52,pool8,Astro,108
HPSI1014i,HPSI1014i-kefb_1,D52,pool8,DA,19
HPSI1014i,HPSI1014i-kefb_1,D52,pool8,Epen1,153
HPSI1014i,HPSI1014i-kefb_1,D52,pool8,Epen2,14
HPSI1014i,HPSI1014i-kefb_1,D52,pool8,FPP,30
HPSI1014i,HPSI1014i-kefb_1,D52,pool8,P_FPP,28
HPSI1014i,HPSI1014i-kefb_1,D52,pool8,Sert,2
HPSI1014i,HPSI1014i-kefb_1,D52,pool8,U_Neur1,22
HPSI1014i,HPSI1014i-kefb_1,D52,pool8,U_Neur3,2
HPSI1014i,HPSI1014i-nosn_1,D11,pool5,FPP,4
HPSI1014i,HPSI1014i-nosn_1,D11,pool5,P_FPP,5
HPSI1014i,HPSI1014i-nosn_1,D11,pool6,FPP,433
HPSI1014i,HPSI1014i-nosn_1,D11,pool6,NB,7
HPSI1014i,HPSI1014i-nosn_1,D11,pool6,P_FPP,335
HPSI1014i,HPSI1014i-nosn_1,D30,pool5,DA,29
HPSI1014i,HPSI1014i-nosn_1,D30,pool5,FPP,5
HPSI1014i,HPSI1014i-nosn_1,D30,pool5,P_FPP,1
HPSI1014i,HPSI1014i-nosn_1,D30,pool5,Sert,8
HPSI1014i,HPSI1014i-nosn_1,D30,pool5,U_Neur1,2
HPSI1014i,HPSI1014i-nosn_1,D30,pool6,DA,13
HPSI1014i,HPSI1014i-nosn_1,D30,pool6,Epen1,29
HPSI1014i,HPSI1014i-nosn_1,D30,pool6,FPP,24
HPSI1014i,HPSI1014i-nosn_1,D30,pool6,P_FPP,16
HPSI1014i,HPSI1014i-nosn_1,D30,pool6,Sert,47
HPSI1014i,HPSI1014i-nosn_1,D30,pool6,U_Neur1,4
HPSI1014i,HPSI1014i-nosn_1,D52,pool5,Astro,1
HPSI1014i,HPSI1014i-nosn_1,D52,pool5,DA,2
HPSI1014i,HPSI1014i-nosn_1,D52,pool5,FPP,1
HPSI1014i,HPSI1014i-nosn_1,D52,pool6,DA,7
HPSI1014i,HPSI1014i-nosn_1,D52,pool6,Epen1,45
HPSI1014i,HPSI1014i-nosn_1,D52,pool6,Epen2,4
HPSI1014i,HPSI1014i-nosn_1,D52,pool6,FPP,19
HPSI1014i,HPSI1014i-nosn_1,D52,pool6,P_FPP,5
HPSI1014i,HPSI1014i-nosn_1,D52,pool6,Sert,38
HPSI1014i,HPSI1014i-nosn_1,D52,pool6,U_Neur1,2
HPSI1014i,HPSI1014i-nosn_1,D52,pool6,U_Neur3,1
HPSI1014i,HPSI1014i-qayj_4,D11,pool5,FPP,2829
HPSI1014i,HPSI1014i-qayj_4,D11,pool5,NB,2
HPSI1014i,HPSI1014i-qayj_4,D11,pool5,P_FPP,2128
HPSI1014i,HPSI1014i-qayj_4,D30,pool5,DA,2307
HPSI1014i,HPSI1014i-qayj_4,D30,pool5,Epen1,113
HPSI1014i,HPSI1014i-qayj_4,D30,pool5,FPP,436
HPSI1014i,HPSI1014i-qayj_4,D30,pool5,P_FPP,323
HPSI1014i,HPSI1014i-qayj_4,D30,pool5,Sert,1945
HPSI1014i,HPSI1014i-qayj_4,D30,pool5,U_Neur1,152
HPSI1014i,HPSI1014i-qayj_4,D30,pool5,U_Neur2,4
HPSI1014i,HPSI1014i-qayj_4,D52,pool5,Astro,101
HPSI1014i,HPSI1014i-qayj_4,D52,pool5,DA,3166
HPSI1014i,HPSI1014i-qayj_4,D52,pool5,Epen1,384
HPSI1014i,HPSI1014i-qayj_4,D52,pool5,Epen2,20
HPSI1014i,HPSI1014i-qayj_4,D52,pool5,FPP,819
HPSI1014i,HPSI1014i-qayj_4,D52,pool5,P_FPP,100
HPSI1014i,HPSI1014i-qayj_4,D52,pool5,P_Sert,248
HPSI1014i,HPSI1014i-qayj_4,D52,pool5,Sert,5975
HPSI1014i,HPSI1014i-qayj_4,D52,pool5,U_Neur1,139
HPSI1014i,HPSI1014i-qayj_4,D52,pool5,U_Neur3,112
HPSI1014i,HPSI1014i-quls_2,D11,pool3,FPP,1553
HPSI1014i,HPSI1014i-quls_2,D11,pool3,NB,368
HPSI1014i,HPSI1014i-quls_2,D11,pool3,P_FPP,761
HPSI1014i,HPSI1014i-quls_2,D30,pool3,DA,57
HPSI1014i,HPSI1014i-quls_2,D30,pool3,Epen1,385
HPSI1014i,HPSI1014i-quls_2,D30,pool3,FPP,548
HPSI1014i,HPSI1014i-quls_2,D30,pool3,P_FPP,184
HPSI1014i,HPSI1014i-quls_2,D30,pool3,Sert,2
HPSI1014i,HPSI1014i-quls_2,D30,pool3,U_Neur1,249
HPSI1014i,HPSI1014i-quls_2,D30,pool3,U_Neur2,4
HPSI1014i,HPSI1014i-quls_2,D52,pool3,Astro,7971
HPSI1014i,HPSI1014i-quls_2,D52,pool3,DA,198
HPSI1014i,HPSI1014i-quls_2,D52,pool3,Epen1,1917
HPSI1014i,HPSI1014i-quls_2,D52,pool3,Epen2,71
HPSI1014i,HPSI1014i-quls_2,D52,pool3,FPP,1910
HPSI1014i,HPSI1014i-quls_2,D52,pool3,P_FPP,1682
HPSI1014i,HPSI1014i-quls_2,D52,pool3,Sert,13
HPSI1014i,HPSI1014i-quls_2,D52,pool3,U_Neur1,498
HPSI1014i,HPSI1014i-quls_2,D52,pool3,U_Neur3,57
HPSI1014i,HPSI1014i-roug_3,D11,pool7,FPP,439
HPSI1014i,HPSI1014i-roug_3,D11,pool7,NB,1
HPSI1014i,HPSI1014i-roug_3,D11,pool7,P_FPP,138
HPSI1014i,HPSI1014i-roug_3,D30,pool7,DA,2188
HPSI1014i,HPSI1014i-roug_3,D30,pool7,Epen1,17
HPSI1014i,HPSI1014i-roug_3,D30,pool7,FPP,360
HPSI1014i,HPSI1014i-roug_3,D30,pool7,P_FPP,562
HPSI1014i,HPSI1014i-roug_3,D30,pool7,Sert,4036
HPSI1014i,HPSI1014i-roug_3,D30,pool7,U_Neur1,6
HPSI1014i,HPSI1014i-roug_3,D52,pool7,Astro,56
HPSI1014i,HPSI1014i-roug_3,D52,pool7,DA,2709
HPSI1014i,HPSI1014i-roug_3,D52,pool7,Epen1,35
HPSI1014i,HPSI1014i-roug_3,D52,pool7,Epen2,3
HPSI1014i,HPSI1014i-roug_3,D52,pool7,FPP,799
HPSI1014i,HPSI1014i-roug_3,D52,pool7,P_FPP,74
HPSI1014i,HPSI1014i-roug_3,D52,pool7,P_Sert,113
HPSI1014i,HPSI1014i-roug_3,D52,pool7,Sert,7378
HPSI1014i,HPSI1014i-roug_3,D52,pool7,U_Neur1,35
HPSI1014i,HPSI1014i-roug_3,D52,pool7,U_Neur3,465
HPSI1014i,HPSI1014i-sehl_6,D11,pool6,FPP,1522
HPSI1014i,HPSI1014i-sehl_6,D11,pool6,P_FPP,1359
HPSI1014i,HPSI1014i-sehl_6,D30,pool6,DA,450
HPSI1014i,HPSI1014i-sehl_6,D30,pool6,Epen1,88
HPSI1014i,HPSI1014i-sehl_6,D30,pool6,FPP,234
HPSI1014i,HPSI1014i-sehl_6,D30,pool6,P_FPP,500
HPSI1014i,HPSI1014i-sehl_6,D30,pool6,Sert,2532
HPSI1014i,HPSI1014i-sehl_6,D30,pool6,U_Neur1,8
HPSI1014i,HPSI1014i-sehl_6,D30,pool6,U_Neur2,2
HPSI1014i,HPSI1014i-sehl_6,D52,pool6,Astro,3
HPSI1014i,HPSI1014i-sehl_6,D52,pool6,DA,247
HPSI1014i,HPSI1014i-sehl_6,D52,pool6,Epen1,253
HPSI1014i,HPSI1014i-sehl_6,D52,pool6,Epen2,7
HPSI1014i,HPSI1014i-sehl_6,D52,pool6,FPP,167
HPSI1014i,HPSI1014i-sehl_6,D52,pool6,P_FPP,12
HPSI1014i,HPSI1014i-sehl_6,D52,pool6,P_Sert,23
HPSI1014i,HPSI1014i-sehl_6,D52,pool6,Sert,4248
HPSI1014i,HPSI1014i-sehl_6,D52,pool6,U_Neur1,4
HPSI1014i,HPSI1014i-sehl_6,D52,pool6,U_Neur3,232
HPSI1014i,HPSI1014i-tixi_4,D11,pool7,FPP,35
HPSI1014i,HPSI1014i-tixi_4,D11,pool7,NB,3
HPSI1014i,HPSI1014i-tixi_4,D11,pool7,P_FPP,22
HPSI1014i,HPSI1014i-tixi_4,D30,pool7,DA,301
HPSI1014i,HPSI1014i-tixi_4,D30,pool7,Epen1,33
HPSI1014i,HPSI1014i-tixi_4,D30,pool7,FPP,209
HPSI1014i,HPSI1014i-tixi_4,D30,pool7,P_FPP,45
HPSI1014i,HPSI1014i-tixi_4,D30,pool7,Sert,66
HPSI1014i,HPSI1014i-tixi_4,D30,pool7,U_Neur1,10
HPSI1014i,HPSI1014i-tixi_4,D52,pool7,Astro,38
HPSI1014i,HPSI1014i-tixi_4,D52,pool7,DA,183
HPSI1014i,HPSI1014i-tixi_4,D52,pool7,Epen1,285
HPSI1014i,HPSI1014i-tixi_4,D52,pool7,Epen2,4
HPSI1014i,HPSI1014i-tixi_4,D52,pool7,FPP,103
HPSI1014i,HPSI1014i-tixi_4,D52,pool7,P_FPP,29
HPSI1014i,HPSI1014i-tixi_4,D52,pool7,P_Sert,2
HPSI1014i,HPSI1014i-tixi_4,D52,pool7,Sert,63
HPSI1014i,HPSI1014i-tixi_4,D52,pool7,U_Neur1,4
HPSI1014i,HPSI1014i-tixi_4,D52,pool7,U_Neur3,13
HPSI1014i,HPSI1014i-tuju_1,D11,pool6,FPP,2086
HPSI1014i,HPSI1014i-tuju_1,D11,pool6,NB,227
HPSI1014i,HPSI1014i-tuju_1,D11,pool6,P_FPP,1388
HPSI1014i,HPSI1014i-tuju_1,D30,pool6,DA,41
HPSI1014i,HPSI1014i-tuju_1,D30,pool6,Epen1,254
HPSI1014i,HPSI1014i-tuju_1,D30,pool6,FPP,688
HPSI1014i,HPSI1014i-tuju_1,D30,pool6,P_FPP,93
HPSI1014i,HPSI1014i-tuju_1,D30,pool6,Sert,28
HPSI1014i,HPSI1014i-tuju_1,D30,pool6,U_Neur1,47
HPSI1014i,HPSI1014i-tuju_1,D52,pool6,Astro,124
HPSI1014i,HPSI1014i-tuju_1,D52,pool6,DA,17
HPSI1014i,HPSI1014i-tuju_1,D52,pool6,Epen1,881
HPSI1014i,HPSI1014i-tuju_1,D52,pool6,Epen2,70
HPSI1014i,HPSI1014i-tuju_1,D52,pool6,FPP,401
HPSI1014i,HPSI1014i-tuju_1,D52,pool6,P_FPP,86
HPSI1014i,HPSI1014i-tuju_1,D52,pool6,Sert,9
HPSI1014i,HPSI1014i-tuju_1,D52,pool6,U_Neur1,12
HPSI1014i,HPSI1014i-tuju_1,D52,pool6,U_Neur3,4
HPSI1014i,HPSI1014i-vils_1,D11,pool8,FPP,1012
HPSI1014i,HPSI1014i-vils_1,D11,pool8,NB,5
HPSI1014i,HPSI1014i-vils_1,D11,pool8,P_FPP,996
HPSI1014i,HPSI1014i-vils_1,D30,pool8,DA,292
HPSI1014i,HPSI1014i-vils_1,D30,pool8,Epen1,78
HPSI1014i,HPSI1014i-vils_1,D30,pool8,FPP,393
HPSI1014i,HPSI1014i-vils_1,D30,pool8,P_FPP,87
HPSI1014i,HPSI1014i-vils_1,D30,pool8,Sert,241
HPSI1014i,HPSI1014i-vils_1,D30,pool8,U_Neur1,65
HPSI1014i,HPSI1014i-vils_1,D52,pool8,Astro,3
HPSI1014i,HPSI1014i-vils_1,D52,pool8,DA,330
HPSI1014i,HPSI1014i-vils_1,D52,pool8,Epen1,737
HPSI1014i,HPSI1014i-vils_1,D52,pool8,Epen2,19
HPSI1014i,HPSI1014i-vils_1,D52,pool8,FPP,370
HPSI1014i,HPSI1014i-vils_1,D52,pool8,P_FPP,39
HPSI1014i,HPSI1014i-vils_1,D52,pool8,P_Sert,5
HPSI1014i,HPSI1014i-vils_1,D52,pool8,Sert,211
HPSI1014i,HPSI1014i-vils_1,D52,pool8,U_Neur1,40
HPSI1014i,HPSI1014i-vils_1,D52,pool8,U_Neur3,26
HPSI1113i,HPSI1113i-bima_1,D11,pool13,FPP,544
HPSI1113i,HPSI1113i-bima_1,D11,pool13,NB,62
HPSI1113i,HPSI1113i-bima_1,D11,pool13,P_FPP,480
HPSI1113i,HPSI1113i-bima_1,D52,pool13,Astro,54
HPSI1113i,HPSI1113i-bima_1,D52,pool13,DA,207
HPSI1113i,HPSI1113i-bima_1,D52,pool13,Epen1,615
HPSI1113i,HPSI1113i-bima_1,D52,pool13,Epen2,22
HPSI1113i,HPSI1113i-bima_1,D52,pool13,FPP,218
HPSI1113i,HPSI1113i-bima_1,D52,pool13,P_FPP,65
HPSI1113i,HPSI1113i-bima_1,D52,pool13,P_Sert,6
HPSI1113i,HPSI1113i-bima_1,D52,pool13,Sert,399
HPSI1113i,HPSI1113i-bima_1,D52,pool13,U_Neur1,31
HPSI1113i,HPSI1113i-bima_1,D52,pool13,U_Neur3,21
HPSI1113i,HPSI1113i-hayt_3,D11,pool9,FPP,2190
HPSI1113i,HPSI1113i-hayt_3,D11,pool9,NB,22
HPSI1113i,HPSI1113i-hayt_3,D11,pool9,P_FPP,2193
HPSI1113i,HPSI1113i-hayt_3,D30,pool9,DA,2529
HPSI1113i,HPSI1113i-hayt_3,D30,pool9,Epen1,318
HPSI1113i,HPSI1113i-hayt_3,D30,pool9,FPP,1823
HPSI1113i,HPSI1113i-hayt_3,D30,pool9,P_FPP,400
HPSI1113i,HPSI1113i-hayt_3,D30,pool9,Sert,727
HPSI1113i,HPSI1113i-hayt_3,D30,pool9,U_Neur1,254
HPSI1113i,HPSI1113i-hayt_3,D30,pool9,U_Neur2,2
HPSI1113i,HPSI1113i-hayt_3,D52,pool9,Astro,67
HPSI1113i,HPSI1113i-hayt_3,D52,pool9,DA,563
HPSI1113i,HPSI1113i-hayt_3,D52,pool9,Epen1,2312
HPSI1113i,HPSI1113i-hayt_3,D52,pool9,Epen2,193
HPSI1113i,HPSI1113i-hayt_3,D52,pool9,FPP,890
HPSI1113i,HPSI1113i-hayt_3,D52,pool9,P_FPP,202
HPSI1113i,HPSI1113i-hayt_3,D52,pool9,P_Sert,25
HPSI1113i,HPSI1113i-hayt_3,D52,pool9,Sert,707
HPSI1113i,HPSI1113i-hayt_3,D52,pool9,U_Neur1,68
HPSI1113i,HPSI1113i-hayt_3,D52,pool9,U_Neur3,31
HPSI1113i,HPSI1113i-ieki_3,D11,pool9,FPP,417
HPSI1113i,HPSI1113i-ieki_3,D11,pool9,P_FPP,310
HPSI1113i,HPSI1113i-ieki_3,D30,pool9,DA,45
HPSI1113i,HPSI1113i-ieki_3,D30,pool9,Epen1,34
HPSI1113i,HPSI1113i-ieki_3,D30,pool9,FPP,55
HPSI1113i,HPSI1113i-ieki_3,D30,pool9,P_FPP,41
HPSI1113i,HPSI1113i-ieki_3,D30,pool9,Sert,101
HPSI1113i,HPSI1113i-ieki_3,D52,pool9,Astro,1
HPSI1113i,HPSI1113i-ieki_3,D52,pool9,DA,19
HPSI1113i,HPSI1113i-ieki_3,D52,pool9,Epen1,92
HPSI1113i,HPSI1113i-ieki_3,D52,pool9,Epen2,4
HPSI1113i,HPSI1113i-ieki_3,D52,pool9,FPP,15
HPSI1113i,HPSI1113i-ieki_3,D52,pool9,P_FPP,4
HPSI1113i,HPSI1113i-ieki_3,D52,pool9,P_Sert,4
HPSI1113i,HPSI1113i-ieki_3,D52,pool9,Sert,134
HPSI1113i,HPSI1113i-ieki_3,D52,pool9,U_Neur3,1
HPSI1113i,HPSI1113i-podx_1,D11,pool1,FPP,1140
HPSI1113i,HPSI1113i-podx_1,D11,pool1,NB,7
HPSI1113i,HPSI1113i-podx_1,D11,pool1,P_FPP,793
HPSI1113i,HPSI1113i-podx_1,D30,pool1,DA,406
HPSI1113i,HPSI1113i-podx_1,D30,pool1,Epen1,10
HPSI1113i,HPSI1113i-podx_1,D30,pool1,FPP,28
HPSI1113i,HPSI1113i-podx_1,D30,pool1,P_FPP,14
HPSI1113i,HPSI1113i-podx_1,D30,pool1,Sert,90
HPSI1113i,HPSI1113i-podx_1,D30,pool1,U_Neur1,1
HPSI1113i,HPSI1113i-podx_1,D52,pool1,Astro,42
HPSI1113i,HPSI1113i-podx_1,D52,pool1,DA,1592
HPSI1113i,HPSI1113i-podx_1,D52,pool1,Epen1,538
HPSI1113i,HPSI1113i-podx_1,D52,pool1,Epen2,32
HPSI1113i,HPSI1113i-podx_1,D52,pool1,FPP,650
HPSI1113i,HPSI1113i-podx_1,D52,pool1,P_FPP,103
HPSI1113i,HPSI1113i-podx_1,D52,pool1,P_Sert,12
HPSI1113i,HPSI1113i-podx_1,D52,pool1,Sert,546
HPSI1113i,HPSI1113i-podx_1,D52,pool1,U_Neur1,21
HPSI1113i,HPSI1113i-podx_1,D52,pool1,U_Neur3,115
HPSI1113i,HPSI1113i-qolg_1,D11,pool9,FPP,204
HPSI1113i,HPSI1113i-qolg_1,D11,pool9,NB,1
HPSI1113i,HPSI1113i-qolg_1,D11,pool9,P_FPP,148
HPSI1113i,HPSI1113i-qolg_1,D30,pool9,DA,59
HPSI1113i,HPSI1113i-qolg_1,D30,pool9,Epen1,20
HPSI1113i,HPSI1113i-qolg_1,D30,pool9,FPP,46
HPSI1113i,HPSI1113i-qolg_1,D30,pool9,P_FPP,15
HPSI1113i,HPSI1113i-qolg_1,D30,pool9,Sert,72
HPSI1113i,HPSI1113i-qolg_1,D30,pool9,U_Neur1,1
HPSI1113i,HPSI1113i-qolg_1,D52,pool16,Astro,10
HPSI1113i,HPSI1113i-qolg_1,D52,pool16,DA,180
HPSI1113i,HPSI1113i-qolg_1,D52,pool16,Epen1,54
HPSI1113i,HPSI1113i-qolg_1,D52,pool16,Epen2,1
HPSI1113i,HPSI1113i-qolg_1,D52,pool16,FPP,26
HPSI1113i,HPSI1113i-qolg_1,D52,pool16,P_FPP,9
HPSI1113i,HPSI1113i-qolg_1,D52,pool16,P_Sert,21
HPSI1113i,HPSI1113i-qolg_1,D52,pool16,Sert,895
HPSI1113i,HPSI1113i-qolg_1,D52,pool16,U_Neur1,20
HPSI1113i,HPSI1113i-qolg_1,D52,pool16,U_Neur3,15
HPSI1113i,HPSI1113i-qolg_1,D52,pool9,Astro,1
HPSI1113i,HPSI1113i-qolg_1,D52,pool9,DA,27
HPSI1113i,HPSI1113i-qolg_1,D52,pool9,Epen1,27
HPSI1113i,HPSI1113i-qolg_1,D52,pool9,Epen2,4
HPSI1113i,HPSI1113i-qolg_1,D52,pool9,FPP,17
HPSI1113i,HPSI1113i-qolg_1,D52,pool9,P_FPP,4
HPSI1113i,HPSI1113i-qolg_1,D52,pool9,P_Sert,4
HPSI1113i,HPSI1113i-qolg_1,D52,pool9,Sert,87
HPSI1113i,HPSI1113i-qolg_1,D52,pool9,U_Neur3,3
HPSI1113i,HPSI1113i-qorq_1,D52,pool17,Astro,160
HPSI1113i,HPSI1113i-qorq_1,D52,pool17,DA,360
HPSI1113i,HPSI1113i-qorq_1,D52,pool17,Epen1,108
HPSI1113i,HPSI1113i-qorq_1,D52,pool17,Epen2,10
HPSI1113i,HPSI1113i-qorq_1,D52,pool17,FPP,158
HPSI1113i,HPSI1113i-qorq_1,D52,pool17,P_FPP,80
HPSI1113i,HPSI1113i-qorq_1,D52,pool17,P_Sert,52
HPSI1113i,HPSI1113i-qorq_1,D52,pool17,Sert,3255
HPSI1113i,HPSI1113i-qorq_1,D52,pool17,U_Neur1,167
HPSI1113i,HPSI1113i-qorq_1,D52,pool17,U_Neur3,113
HPSI1113i,HPSI1113i-uofv_1,D11,pool13,FPP,1
HPSI1113i,HPSI1113i-uofv_1,D52,pool13,FPP,1
HPSI1113i,HPSI1113i-vuud_2,D11,pool5,FPP,990
HPSI1113i,HPSI1113i-vuud_2,D11,pool5,NB,3
HPSI1113i,HPSI1113i-vuud_2,D11,pool5,P_FPP,729
HPSI1113i,HPSI1113i-vuud_2,D30,pool5,DA,784
HPSI1113i,HPSI1113i-vuud_2,D30,pool5,Epen1,139
HPSI1113i,HPSI1113i-vuud_2,D30,pool5,FPP,288
HPSI1113i,HPSI1113i-vuud_2,D30,pool5,P_FPP,86
HPSI1113i,HPSI1113i-vuud_2,D30,pool5,Sert,418
HPSI1113i,HPSI1113i-vuud_2,D30,pool5,U_Neur1,35
HPSI1113i,HPSI1113i-vuud_2,D30,pool5,U_Neur2,3
HPSI1113i,HPSI1113i-vuud_2,D52,pool5,Astro,39
HPSI1113i,HPSI1113i-vuud_2,D52,pool5,DA,468
HPSI1113i,HPSI1113i-vuud_2,D52,pool5,Epen1,618
HPSI1113i,HPSI1113i-vuud_2,D52,pool5,Epen2,15
HPSI1113i,HPSI1113i-vuud_2,D52,pool5,FPP,354
HPSI1113i,HPSI1113i-vuud_2,D52,pool5,P_FPP,42
HPSI1113i,HPSI1113i-vuud_2,D52,pool5,P_Sert,24
HPSI1113i,HPSI1113i-vuud_2,D52,pool5,Sert,700
HPSI1113i,HPSI1113i-vuud_2,D52,pool5,U_Neur1,27
HPSI1113i,HPSI1113i-vuud_2,D52,pool5,U_Neur3,24
HPSI1114i,HPSI1114i-kuul_1,D11,pool6,FPP,879
HPSI1114i,HPSI1114i-kuul_1,D11,pool6,NB,3
HPSI1114i,HPSI1114i-kuul_1,D11,pool6,P_FPP,759
HPSI1114i,HPSI1114i-kuul_1,D11,pool7,FPP,117
HPSI1114i,HPSI1114i-kuul_1,D11,pool7,P_FPP,56
HPSI1114i,HPSI1114i-kuul_1,D30,pool6,DA,214
HPSI1114i,HPSI1114i-kuul_1,D30,pool6,Epen1,115
HPSI1114i,HPSI1114i-kuul_1,D30,pool6,FPP,263
HPSI1114i,HPSI1114i-kuul_1,D30,pool6,P_FPP,158
HPSI1114i,HPSI1114i-kuul_1,D30,pool6,Sert,609
HPSI1114i,HPSI1114i-kuul_1,D30,pool6,U_Neur1,11
HPSI1114i,HPSI1114i-kuul_1,D30,pool7,DA,989
HPSI1114i,HPSI1114i-kuul_1,D30,pool7,Epen1,58
HPSI1114i,HPSI1114i-kuul_1,D30,pool7,FPP,205
HPSI1114i,HPSI1114i-kuul_1,D30,pool7,P_FPP,38
HPSI1114i,HPSI1114i-kuul_1,D30,pool7,Sert,201
HPSI1114i,HPSI1114i-kuul_1,D30,pool7,U_Neur1,20
HPSI1114i,HPSI1114i-kuul_1,D52,pool6,Astro,38
HPSI1114i,HPSI1114i-kuul_1,D52,pool6,DA,103
HPSI1114i,HPSI1114i-kuul_1,D52,pool6,Epen1,425
HPSI1114i,HPSI1114i-kuul_1,D52,pool6,Epen2,19
HPSI1114i,HPSI1114i-kuul_1,D52,pool6,FPP,265
HPSI1114i,HPSI1114i-kuul_1,D52,pool6,P_FPP,39
HPSI1114i,HPSI1114i-kuul_1,D52,pool6,P_Sert,13
HPSI1114i,HPSI1114i-kuul_1,D52,pool6,Sert,653
HPSI1114i,HPSI1114i-kuul_1,D52,pool6,U_Neur1,5
HPSI1114i,HPSI1114i-kuul_1,D52,pool6,U_Neur3,14
HPSI1114i,HPSI1114i-kuul_1,D52,pool7,Astro,40
HPSI1114i,HPSI1114i-kuul_1,D52,pool7,DA,705
HPSI1114i,HPSI1114i-kuul_1,D52,pool7,Epen1,145
HPSI1114i,HPSI1114i-kuul_1,D52,pool7,Epen2,8
HPSI1114i,HPSI1114i-kuul_1,D52,pool7,FPP,155
HPSI1114i,HPSI1114i-kuul_1,D52,pool7,P_FPP,21
HPSI1114i,HPSI1114i-kuul_1,D52,pool7,Sert,190
HPSI1114i,HPSI1114i-kuul_1,D52,pool7,U_Neur1,23
HPSI1114i,HPSI1114i-kuul_1,D52,pool7,U_Neur3,20
HPSI1114i,HPSI1114i-ualf_6,D11,pool6,FPP,327
HPSI1114i,HPSI1114i-ualf_6,D11,pool6,NB,2
HPSI1114i,HPSI1114i-ualf_6,D11,pool6,P_FPP,243
HPSI1114i,HPSI1114i-ualf_6,D30,pool6,DA,34
HPSI1114i,HPSI1114i-ualf_6,D30,pool6,Epen1,30
HPSI1114i,HPSI1114i-ualf_6,D30,pool6,FPP,55
HPSI1114i,HPSI1114i-ualf_6,D30,pool6,P_FPP,33
HPSI1114i,HPSI1114i-ualf_6,D30,pool6,Sert,133
HPSI1114i,HPSI1114i-ualf_6,D30,pool6,U_Neur1,13
HPSI1114i,HPSI1114i-ualf_6,D52,pool6,Astro,8
HPSI1114i,HPSI1114i-ualf_6,D52,pool6,DA,18
HPSI1114i,HPSI1114i-ualf_6,D52,pool6,Epen1,80
HPSI1114i,HPSI1114i-ualf_6,D52,pool6,Epen2,7
HPSI1114i,HPSI1114i-ualf_6,D52,pool6,FPP,29
HPSI1114i,HPSI1114i-ualf_6,D52,pool6,P_FPP,7
HPSI1114i,HPSI1114i-ualf_6,D52,pool6,Sert,166
HPSI1114i,HPSI1114i-ualf_6,D52,pool6,U_Neur1,1
HPSI1114i,HPSI1114i-ualf_6,D52,pool6,U_Neur3,4
HPSI1114i,HPSI1114i-zuuy_4,D11,pool13,FPP,60
HPSI1114i,HPSI1114i-zuuy_4,D11,pool13,NB,2
HPSI1114i,HPSI1114i-zuuy_4,D11,pool13,P_FPP,63
HPSI1114i,HPSI1114i-zuuy_4,D52,pool13,Astro,2
HPSI1114i,HPSI1114i-zuuy_4,D52,pool13,DA,26
HPSI1114i,HPSI1114i-zuuy_4,D52,pool13,Epen1,50
HPSI1114i,HPSI1114i-zuuy_4,D52,pool13,Epen2,2
HPSI1114i,HPSI1114i-zuuy_4,D52,pool13,FPP,9
HPSI1114i,HPSI1114i-zuuy_4,D52,pool13,P_FPP,5
HPSI1114i,HPSI1114i-zuuy_4,D52,pool13,Sert,18
HPSI1114i,HPSI1114i-zuuy_4,D52,pool13,U_Neur1,2
HPSI1114i,HPSI1114i-zuuy_4,D52,pool13,U_Neur3,3
HPSI1213i,HPSI1213i-hehd_1,D11,pool4,FPP,754
HPSI1213i,HPSI1213i-hehd_1,D11,pool4,NB,1
HPSI1213i,HPSI1213i-hehd_1,D11,pool4,P_FPP,487
HPSI1213i,HPSI1213i-hehd_1,D11,pool5,FPP,345
HPSI1213i,HPSI1213i-hehd_1,D11,pool5,P_FPP,244
HPSI1213i,HPSI1213i-hehd_1,D30,pool4,DA,606
HPSI1213i,HPSI1213i-hehd_1,D30,pool4,Epen1,13
HPSI1213i,HPSI1213i-hehd_1,D30,pool4,FPP,136
HPSI1213i,HPSI1213i-hehd_1,D30,pool4,P_FPP,47
HPSI1213i,HPSI1213i-hehd_1,D30,pool4,Sert,413
HPSI1213i,HPSI1213i-hehd_1,D30,pool4,U_Neur1,21
HPSI1213i,HPSI1213i-hehd_1,D30,pool5,DA,144
HPSI1213i,HPSI1213i-hehd_1,D30,pool5,Epen1,5
HPSI1213i,HPSI1213i-hehd_1,D30,pool5,FPP,36
HPSI1213i,HPSI1213i-hehd_1,D30,pool5,P_FPP,14
HPSI1213i,HPSI1213i-hehd_1,D30,pool5,Sert,146
HPSI1213i,HPSI1213i-hehd_1,D30,pool5,U_Neur1,17
HPSI1213i,HPSI1213i-hehd_1,D30,pool5,U_Neur2,1
HPSI1213i,HPSI1213i-hehd_1,D52,pool4,Astro,4
HPSI1213i,HPSI1213i-hehd_1,D52,pool4,DA,732
HPSI1213i,HPSI1213i-hehd_1,D52,pool4,Epen1,71
HPSI1213i,HPSI1213i-hehd_1,D52,pool4,Epen2,1
HPSI1213i,HPSI1213i-hehd_1,D52,pool4,FPP,200
HPSI1213i,HPSI1213i-hehd_1,D52,pool4,P_FPP,17
HPSI1213i,HPSI1213i-hehd_1,D52,pool4,P_Sert,7
HPSI1213i,HPSI1213i-hehd_1,D52,pool4,Sert,589
HPSI1213i,HPSI1213i-hehd_1,D52,pool4,U_Neur1,29
HPSI1213i,HPSI1213i-hehd_1,D52,pool4,U_Neur3,61
HPSI1213i,HPSI1213i-hehd_1,D52,pool5,DA,139
HPSI1213i,HPSI1213i-hehd_1,D52,pool5,Epen1,18
HPSI1213i,HPSI1213i-hehd_1,D52,pool5,FPP,48
HPSI1213i,HPSI1213i-hehd_1,D52,pool5,P_FPP,1
HPSI1213i,HPSI1213i-hehd_1,D52,pool5,P_Sert,5
HPSI1213i,HPSI1213i-hehd_1,D52,pool5,Sert,183
HPSI1213i,HPSI1213i-hehd_1,D52,pool5,U_Neur1,5
HPSI1213i,HPSI1213i-hehd_1,D52,pool5,U_Neur3,9
HPSI1213i,HPSI1213i-tolg_4,D11,pool6,FPP,132
HPSI1213i,HPSI1213i-tolg_4,D11,pool6,P_FPP,117
HPSI1213i,HPSI1213i-tolg_4,D30,pool6,FPP,3
HPSI1213i,HPSI1213i-tolg_4,D30,pool6,P_FPP,1
HPSI1213i,HPSI1213i-tolg_4,D30,pool6,Sert,4
HPSI1213i,HPSI1213i-tolg_4,D52,pool6,Epen1,3
HPSI1213i,HPSI1213i-tolg_4,D52,pool6,FPP,1
HPSI1213i,HPSI1213i-tolg_4,D52,pool6,Sert,6
